imdb_id,title,release_year,runtime_minutes,genres,budget,revenue,ROI,imdb_rating,imdb_vote_count,original_language,production_companies,popularity,rec_director,rec_writer,star_power,genre_Action,genre_Adventure,genre_Animation,genre_Biography,genre_Comedy,genre_Crime,genre_Documentary,genre_Drama,genre_Family,genre_Fantasy,genre_History,genre_Horror,genre_Music,genre_Musical,genre_Mystery,genre_News,genre_Romance,genre_Sci-Fi,genre_Sport,genre_Thriller,genre_War,genre_Western,historical_genre_roi,historical_director_roi,historical_writer_roi
tt0365907,A Walk Among the Tombstones,2014,114.0,"Action,Crime,Drama",28000000,58834384,1.101228,6.5,132348.0,en,"Traveling Picture Show Company (TPSC), Jersey Films, Free State Pictures, Exclusive Media, Cross Creek Pictures, 1984 Private Defense Contractors, Da Vinci Media Ventures, Double Feature Films",61.369,1,1,1,1,0,0,0,0,1,0,1,0,0,0,0,0,0,0,0,0,0,0,0,0,0,,,
tt0435651,The Giver,2014,97.0,"Drama,Romance,Sci-Fi",25000000,66980456,1.67921824,6.4,131437.0,en,"The Weinstein Company, Asis Productions, Tonik Productions, Walden Media, Yucaipa Films",14.091,1,1,1,0,0,0,0,0,0,0,1,0,0,0,0,0,0,0,0,1,1,0,0,0,0,,,
tt0455944,The Equalizer,2014,132.0,"Action,Crime,Thriller",55000000,192330738,2.496922509090909,7.3,471361.0,en,"Lonetree Entertainment, Columbia Pictures, Village Roadshow Pictures, Escape Artists, LStar Capital, Mace Neufeld Productions",186.613,1,1,1,1,0,0,0,0,1,0,0,0,0,0,0,0,0,0,0,0,0,0,1,0,0,,,
tt0458481,Sin City: A Dame to Kill For,2014,102.0,"Action,Adventure,Crime",65000000,39407616,-0.3937289846153846,6.5,179778.0,en,"Residaco, Miramax, Troublemaker Studios, Aldamisa Entertainment, Demarest Films, Solipsist Film, AR Films",52.627,1,1,1,1,1,0,0,0,1,0,0,0,0,0,0,0,0,0,0,0,0,0,0,0,0,,,
tt0470752,Ex Machina,2014,108.0,"Drama,Sci-Fi,Thriller",15000000,36869414,1.4579609333333334,7.7,644670.0,en,"DNA Films, Film4 Productions, IAC Films, Scott Rudin Productions",26.767,0,1,1,0,0,0,0,0,0,0,1,0,0,0,0,0,0,0,0,0,1,0,1,0,0,,,
tt0787474,The Boxtrolls,2014,96.0,"Adventure,Animation,Comedy",60000000,108255770,0.8042628333333334,6.8,65503.0,en,Laika Entertainment,18.627,1,1,1,0,1,1,0,1,0,0,0,0,0,0,0,0,0,0,0,0,0,0,0,0,0,,,
tt0816692,Interstellar,2014,169.0,"Adventure,Drama,Sci-Fi",165000000,701729206,3.2529042787878786,8.7,2595052.0,en,"Legendary Pictures, Syncopy, Lynda Obst Productions",140.241,1,1,1,0,1,0,0,0,0,0,1,0,0,0,0,0,0,0,0,0,1,0,0,0,0,,,
tt0829150,Dracula Untold,2014,92.0,"Action,Drama,Fantasy",70000000,217124280,2.1017754285714285,6.3,224272.0,en,"Universal Pictures, Legendary Pictures, Michael De Luca Productions, dentsu",21.951,1,1,1,1,0,0,0,0,0,0,1,0,1,0,0,0,0,0,0,0,0,0,0,0,0,,,
tt0831387,Godzilla,2014,123.0,"Action,Adventure,Sci-Fi",160000000,529076069,2.30672543125,6.4,467718.0,en,Legendary Pictures,44.153,1,1,1,1,1,0,0,0,0,0,0,0,0,0,0,0,0,0,0,0,1,0,0,0,0,,,
tt0862748,Lupin the 3rd,2014,133.0,"Action,Adventure,Comedy",10500000,22300000,1.1238095238095238,5.5,1900.0,ja,"TOHO, Tristone Entertainment",7.174,1,1,1,1,1,0,0,1,0,0,0,0,0,0,0,0,0,0,0,0,0,0,0,0,0,,,
tt0864835,Mr. Peabody & Sherman,2014,92.0,"Adventure,Animation,Comedy",145000000,272912430,0.8821546896551724,6.8,85232.0,en,"Pacific Data Images, DreamWorks Animation, Bullwinkle Studios, Classic Media Productions, 20th Century Fox",25.533,1,1,1,0,1,1,0,1,0,0,0,0,0,0,0,0,0,0,0,0,0,0,0,0,0,,,
tt0900387,Suite Française,2014,107.0,"Drama,History,Romance",15000000,9104716,-0.3930189333333333,7.0,30786.0,en,"TF1 Droits Audiovisuels, SCOPE Pictures, Canal+, Entertainment One",10.836,1,1,1,0,0,0,0,0,0,0,1,0,0,1,0,0,0,0,0,1,0,0,0,0,0,,,
tt0903657,Love & Mercy,2014,121.0,"Biography,Drama,Music",10000000,28641776,1.8641776,7.4,45989.0,en,"John Wells Productions, River Road Entertainment, Roadside Attractions, Lionsgate, Stage 6 Films",17.56,1,1,1,0,0,0,1,0,0,0,1,0,0,0,0,1,0,0,0,0,0,0,0,0,0,,,
tt1020072,Selma,2014,128.0,"Biography,Drama,History",20000000,66787908,2.3393954,7.5,99610.0,en,"Plan B Entertainment, Harpo Films, Celador Films, Pathé, Cloud Eight Films",10.925,1,0,1,0,0,0,1,0,0,0,1,0,0,1,0,0,0,0,0,0,0,0,0,0,0,,,
tt1043726,The Legend of Hercules,2014,99.0,"Action,Adventure,Fantasy",70000000,61279452,-0.1245792571428571,4.3,57916.0,en,"Millennium Media, Summit Entertainment, Nu Boyana Film Studios",16.121,1,1,1,1,1,0,0,0,0,0,0,0,1,0,0,0,0,0,0,0,0,0,0,0,0,,,
tt1065073,Boyhood,2014,165.0,"Comedy,Drama",4000000,48137666,11.0344165,7.9,383412.0,en,"Detour Filmproduction, IFC Productions",18.637,1,1,1,0,0,0,0,1,0,0,1,0,0,0,0,0,0,0,0,0,0,0,0,0,0,,,
tt1085492,The Prince,2014,93.0,"Action,Thriller",18000000,1289595,-0.9283558333333334,4.6,19729.0,en,"EFO Films, Aperture Entertainment, Grindstone Entertainment Group",19.916,1,1,1,1,0,0,0,0,0,0,0,0,0,0,0,0,0,0,0,0,0,0,1,0,0,,,
tt1086772,Blended,2014,117.0,"Comedy,Romance",40000000,127994610,2.19986525,6.5,160005.0,en,"GulfStream Pictures, Happy Madison Productions, RatPac Entertainment",43.795,1,1,1,0,0,0,0,1,0,0,0,0,0,0,0,0,0,0,0,1,0,0,0,0,0,,,
tt1100089,Foxcatcher,2014,134.0,"Biography,Drama,History",24000000,12096300,-0.4959875,7.0,155789.0,en,"Annapurna Pictures, MRC, Likely Story, Full Nelson Entertainment, Sony Pictures Classics",23.052,1,1,1,0,0,0,1,0,0,0,1,0,0,1,0,0,0,0,0,0,0,0,0,0,0,,,
tt1109624,Paddington,2014,95.0,"Adventure,Comedy,Family",55000000,259207227,3.7128586727272728,7.3,158462.0,en,"Heyday Films, StudioCanal, Anton Capital Entertainment, TF1 Films Production, Canal+, Ciné+, TF1, The Weinstein Company, Dimension Films",22.74,1,1,1,0,1,0,0,1,0,0,0,1,0,0,0,0,0,0,0,0,0,0,0,0,0,,,
tt1121096,Seventh Son,2014,102.0,"Action,Adventure,Fantasy",95000000,114178613,0.2018801368421052,5.5,85157.0,en,"Legendary Pictures, Thunder Road, Moving Picture Company, Pendle Mountain Productions, China Film Group Corporation, Universal Pictures, Wigram Productions, Outlaw Sinema",30.928,1,1,1,1,1,0,0,0,0,0,0,0,1,0,0,0,0,0,0,0,0,0,0,0,0,,,
tt1126590,Big Eyes,2014,106.0,"Biography,Crime,Drama",10000000,28883511,1.8883511,6.9,105210.0,en,"The Weinstein Company, Silverwood Films, Electric City Entertainment, Tim Burton Productions",17.203,1,1,1,0,0,0,1,0,1,0,1,0,0,0,0,0,0,0,0,0,0,0,0,0,0,,,
tt1204977,Ouija,2014,89.0,"Horror,Mystery,Thriller",5000000,103590271,19.7180542,4.5,62422.0,en,"White Noise Factory, Universal Pictures, Platinum Dunes, MRC, Blumhouse Productions, 5150 Action, Hasbro Studios, dentsu, Fuji Television Network",27.387,0,1,1,0,0,0,0,0,0,0,0,0,0,0,1,0,0,1,0,0,0,0,1,0,0,,,
tt1205537,Jack Ryan: Shadow Recruit,2014,105.0,"Action,Drama,Thriller",60000000,135511030,1.2585171666666666,6.2,144198.0,en,"di Bonaventura Pictures, Etalon-Film, Paramount, Mace Neufeld Productions, Buckaroo Entertainment, Skydance",22.913,1,1,1,1,0,0,0,0,0,0,1,0,0,0,0,0,0,0,0,0,0,0,1,0,0,,,
tt1216491,Kill the Messenger,2014,112.0,"Biography,Crime,Drama",5000000,5218973,0.0437946,6.9,50433.0,en,"The Combine, Focus Features, Sierra/Affinity, Bluegrass Films",11.208,1,1,1,0,0,0,1,0,1,0,1,0,0,0,0,0,0,0,0,0,0,0,0,0,0,,,
tt1224378,Forbidden Empire,2014,130.0,"Adventure,Fantasy,Mystery",26000000,34592118,0.3304660769230769,5.2,7109.0,ru,"Russian Film Group, Marinsgroup",15.448,1,1,1,0,1,0,0,0,0,0,0,0,1,0,0,0,0,1,0,0,0,0,0,0,0,,,
tt1234721,RoboCop,2014,117.0,"Action,Crime,Sci-Fi",120000000,242688965,1.0224080416666668,6.1,250283.0,en,"Columbia Pictures, Strike Entertainment, Metro-Goldwyn-Mayer, Dynamic Effects Canada",32.422,1,1,1,1,0,0,0,0,1,0,0,0,0,0,0,0,0,0,0,0,1,0,0,0,0,,,
tt1247690,Serena,2014,109.0,"Drama,History,Romance",30000000,5092129,-0.8302623666666666,5.5,32237.0,en,"Chockstone Pictures, 2929 Productions, Nick Wechsler Productions",14.277,1,1,1,0,0,0,0,0,0,0,1,0,0,1,0,0,0,0,0,1,0,0,0,0,0,,,
tt1253863,300: Rise of an Empire,2014,102.0,"Action,Adventure,Drama",110000000,337580051,2.0689095545454546,6.2,331208.0,en,"Legendary Pictures, Hollywood Gang Productions, Atmosphere Entertainment MM, Nimar Studios, Warner Bros. Pictures, Cruel & Unusual Films",38.678,1,1,1,1,1,0,0,0,0,0,1,0,0,0,0,0,0,0,0,0,0,0,0,0,0,,,
tt1267297,Hercules,2014,98.0,"Action,Adventure,Fantasy",100000000,244819862,1.44819862,6.0,173662.0,en,"Paramount, Radical Studios, Flynn Picture Company, Metro-Goldwyn-Mayer",37.902,1,1,1,1,1,0,0,0,0,0,0,0,1,0,0,0,0,0,0,0,0,0,0,0,0,,,
tt1291150,Teenage Mutant Ninja Turtles,2014,101.0,"Action,Adventure,Comedy",125000000,485004754,2.880038032,5.8,231695.0,en,"Nickelodeon Movies, Paramount, Platinum Dunes, Mirage Studios",76.327,1,1,1,1,1,0,0,1,0,0,0,0,0,0,0,0,0,0,0,0,0,0,0,0,0,,,
tt1322313,Sunshine Superman,2014,100.0,"Biography,Documentary,Sport",400000,88097,-0.7797575,6.9,1518.0,en,,1.574,0,0,0,0,0,0,1,0,0,1,0,0,0,0,0,0,0,0,0,0,0,1,0,0,0,,,
tt1355630,If I Stay,2014,107.0,"Comedy,Drama,Fantasy",11000000,78274843,6.115894818181818,6.7,131781.0,en,"New Line Cinema, Metro-Goldwyn-Mayer, Di Novi Pictures",20.605,1,1,1,0,0,0,0,1,0,0,1,0,1,0,0,0,0,0,0,0,0,0,0,0,0,,,
tt1371150,This Is Where I Leave You,2014,103.0,"Comedy,Drama",19800000,41296320,1.0856727272727271,6.7,95978.0,en,"Spring Creek Productions, 21 Laps Entertainment, Warner Bros. Pictures",14.203,1,1,1,0,0,0,0,1,0,0,1,0,0,0,0,0,0,0,0,0,0,0,0,0,0,,,
tt1408253,Ride Along,2014,99.0,"Action,Comedy,Crime",25000000,153997819,5.15991276,6.1,130356.0,en,"Rainforest Entertainment, Universal Pictures, Relativity Media, Cube Vision",14.629,1,1,1,1,0,0,0,1,1,0,0,0,0,0,0,0,0,0,0,0,0,0,0,0,0,,,
tt1418377,"I, Frankenstein",2014,92.0,"Action,Fantasy,Sci-Fi",65000000,76801179,0.1815566,5.1,86639.0,en,"Lionsgate, Lakeshore Entertainment, Sidney Kimmel Entertainment, Hopscotch Features",18.408,1,1,1,1,0,0,0,0,0,0,0,0,1,0,0,0,0,0,0,0,1,0,0,0,0,,,
tt1430612,Brick Mansions,2014,90.0,"Action,Adventure,Crime",28000000,71416730,1.5505975,5.6,45995.0,en,"EuropaCorp, Transfilm International, Relativity Media, Brick Mansions Productions",22.581,1,1,1,1,1,0,0,0,1,0,0,0,0,0,0,0,0,0,0,0,0,0,0,0,0,,,
tt1490017,The Lego Movie,2014,100.0,"Action,Adventure,Animation",60000000,469160692,6.8193448666666665,7.7,420415.0,en,"Village Roadshow Pictures, RatPac Entertainment, LEGO, Lin Pictures, Vertigo Entertainment, Warner Bros. Pictures Animation, Animal Logic",30.267,1,1,1,1,1,1,0,0,0,0,0,0,0,0,0,0,0,0,0,0,0,0,0,0,0,,,
tt1528100,Exodus: Gods and Kings,2014,150.0,"Action,Adventure,Drama",140000000,268031828,0.9145130571428572,6.0,187986.0,en,"Volcano Films, Chernin Entertainment, Scott Free Productions, Babieka Films",78.892,1,1,1,1,1,0,0,0,0,0,1,0,0,0,0,0,0,0,0,0,0,0,0,0,0,,,
tt1552224,Outcast,2014,99.0,"Action,Adventure,Thriller",25000000,5148503,-0.79405988,4.6,15038.0,en,"Media Max Productions, Notorious Films, 22h22",25.405,0,1,1,1,1,0,0,0,0,0,0,0,0,0,0,0,0,0,0,0,0,0,1,0,0,,,
tt1571249,The Skeleton Twins,2014,93.0,"Comedy,Drama,Romance",1000000,5284309,4.284309,6.8,47099.0,en,"Venture Forth, Duplass Brothers Productions",10.167,1,1,1,0,0,0,0,1,0,0,1,0,0,0,0,0,0,0,0,1,0,0,0,0,0,,,
tt1587310,Maleficent,2014,97.0,"Adventure,Drama,Family",180000000,758539785,3.2141099166666667,6.9,427472.0,en,"Walt Disney Pictures, Roth Films",51.055,0,1,1,0,1,0,0,0,0,0,1,1,0,0,0,0,0,0,0,0,0,0,0,0,0,,,
tt1596345,Pawn Sacrifice,2014,115.0,"Biography,Drama,History",19000000,5578519,-0.7063937368421053,7.0,54756.0,en,"Gail Katz Productions, PalmStar Media",8.807,1,1,1,0,0,0,1,0,0,0,1,0,0,1,0,0,0,0,0,0,0,0,0,0,0,,,
tt1600196,The Drop,2014,106.0,"Crime,Drama,Mystery",12600000,19054534,0.5122646031746032,7.0,171124.0,en,"Fox Searchlight Pictures, Chernin Entertainment, TSG Entertainment, Ingenious Media",27.259,1,1,1,0,0,0,0,0,1,0,1,0,0,0,0,0,0,1,0,0,0,0,0,0,0,,,
tt1605717,Frank,2014,95.0,"Comedy,Drama,Music",1000000,1897363,0.897363,6.9,84882.0,en,"Runaway Fridge Productions, Element Pictures, Film4 Productions, Fís Éireann/Screen Ireland",7.97,1,1,1,0,0,0,0,1,0,0,1,0,0,0,0,1,0,0,0,0,0,0,0,0,0,,,
tt1609479,Better Living Through Chemistry,2014,91.0,"Comedy,Drama",5000000,75143,-0.9849714,6.2,16132.0,en,"Ealing Metro International, Occupant Entertainment, Altus Productions, Aegis Film Fund",11.646,0,0,1,0,0,0,0,1,0,0,1,0,0,0,0,0,0,0,0,0,0,0,0,0,0,,,
tt1631867,Edge of Tomorrow,2014,113.0,"Action,Adventure,Sci-Fi",178000000,370541256,1.0816924494382023,7.9,813640.0,en,"RatPac Entertainment, Village Roadshow Pictures, VIZ Media, 3 Arts Entertainment, Warner Bros. Pictures",51.408,1,1,1,1,1,0,0,0,0,0,0,0,0,0,0,0,0,0,0,0,1,0,0,0,0,,,
tt1646971,How to Train Your Dragon 2,2014,102.0,"Action,Adventure,Animation",145000000,621537519,3.286465648275862,7.8,406400.0,en,"DreamWorks Animation, Mad Hatter Entertainment, Vertigo Entertainment, 20th Century Fox",42.798,1,1,1,1,1,1,0,0,0,0,0,0,0,0,0,0,0,0,0,0,0,0,0,0,0,,,
tt1647668,Million Dollar Arm,2014,124.0,"Biography,Drama,Family",25000000,38307627,0.53230508,7.0,49590.0,en,"Walt Disney Pictures, Roth Films, Mayhem Pictures",9.006,1,1,1,0,0,0,1,0,0,0,1,1,0,0,0,0,0,0,0,0,0,0,0,0,0,,,
tt1649443,[REC] 4: Apocalypse,2014,95.0,"Action,Adventure,Fantasy",3000000,4915757,0.6385856666666667,5.3,22939.0,es,"Filmax, Castelao Productions, Rec Apocalypse AIE, ICAA, Canal+ España",17.994,1,1,1,1,1,0,0,0,0,0,0,0,1,0,0,0,0,0,0,0,0,0,0,0,0,,,
tt1686821,Vampire Academy,2014,104.0,"Action,Comedy,Drama",30000000,15391979,-0.4869340333333333,5.4,58888.0,en,"Montford / Murphy Productions, Preger Entertainment",24.245,1,1,1,1,0,0,0,1,0,0,1,0,0,0,0,0,0,0,0,0,0,0,0,0,0,,,
tt1698641,"Alexander and the Terrible, Horrible, No Good, Very Bad Day",2014,81.0,"Comedy,Drama,Family",28000000,100654149,2.5947910357142856,6.2,49270.0,en,"Walt Disney Pictures, 21 Laps Entertainment, The Jim Henson Company",11.475,1,1,1,0,0,0,0,1,0,0,1,1,0,0,0,0,0,0,0,0,0,0,0,0,0,,,
tt1726592,Before I Go to Sleep,2014,92.0,"Drama,Mystery,Thriller",22000000,15447154,-0.2978566363636363,6.3,90862.0,en,"StudioCanal, Scott Free Productions, Clarius Entertainment, Filmgate Films, Millennium Media, Film i Väst",25.054,1,1,1,0,0,0,0,0,0,0,1,0,0,0,0,0,0,1,0,0,0,0,1,0,0,,,
tt1742044,Jersey Boys,2014,134.0,"Biography,Drama,Music",40000000,67347013,0.683675325,6.8,38627.0,en,Warner Bros. Pictures,13.329,1,1,0,0,0,0,1,0,0,0,1,0,0,0,0,1,0,0,0,0,0,0,0,0,0,,,
tt1742334,Sabotage,2014,109.0,"Action,Crime,Drama",35000000,22126842,-0.3678045142857143,5.7,69382.0,en,"Open Road Films, QED International, Albert S. Ruddy Productions, Crave Films, Roth Films, Universal Pictures",20.178,1,1,1,1,0,0,0,0,1,0,1,0,0,0,0,0,0,0,0,0,0,0,0,0,0,,,
tt1777595,50 to 1,2014,110.0,Drama,10000000,1064454,-0.8935546,6.4,2523.0,en,Ten Furlongs,5.555,1,1,1,0,0,0,0,0,0,0,1,0,0,0,0,0,0,0,0,0,0,0,0,0,0,,,
tt1790864,The Maze Runner,2014,113.0,"Action,Mystery,Sci-Fi",34000000,348319861,9.244701794117647,6.8,570562.0,en,"Ingenious Media, Gotham Group, Dayday Films, Temple Hill Entertainment, TSG Entertainment, 20th Century Fox",83.206,1,1,1,1,0,0,0,0,0,0,0,0,0,0,0,0,0,1,0,0,1,0,0,0,0,,,
tt1791528,Inherent Vice,2014,148.0,"Comedy,Crime,Drama",20000000,14710975,-0.26445125,6.6,120472.0,en,"IAC Films, Ghoulardi Film Company, Warner Bros. Pictures",31.669,1,1,1,0,0,0,0,1,1,0,1,0,0,0,0,0,0,0,0,0,0,0,0,0,0,,,
tt1791681,Treehouse,2014,100.0,"Horror,Mystery,Thriller",3250000,3250000,0.0,3.8,2717.0,en,"Aunt Max Entertainment, Tiberius Film",5.051,1,1,1,0,0,0,0,0,0,0,0,0,0,0,1,0,0,1,0,0,0,0,1,0,0,,,
tt1791682,While We're Young,2014,97.0,"Comedy,Drama,Mystery",10000000,17287309,0.7287309,6.3,56263.0,en,Scott Rudin Productions,11.988,1,1,1,0,0,0,0,1,0,0,1,0,0,0,0,0,0,1,0,0,0,0,0,0,0,,,
tt1798243,Rudderless,2014,105.0,"Comedy,Drama,Music",5000000,58293,-0.9883414,7.4,20246.0,en,"Amberdale Productions, Unified Pictures, Tee Rob Pictures, Dog Pond Productions",10.071,1,1,1,0,0,0,0,1,0,0,1,0,0,0,0,1,0,0,0,0,0,0,0,0,0,,,
tt1800246,That Awkward Moment,2014,94.0,"Comedy,Romance",8000000,45640143,4.705017875,6.1,110819.0,en,"Treehouse Pictures, FilmDistrict, Focus Features",15.138,0,0,1,0,0,0,0,1,0,0,0,0,0,0,0,0,0,0,0,1,0,0,0,0,0,,,
tt1809398,Unbroken,2014,137.0,"Biography,Drama,Sport",65000000,163442937,1.5145067230769231,7.2,200152.0,en,"Legendary Pictures, Jolie Pas, 3 Arts Entertainment",23.38,1,1,1,0,0,0,1,0,0,0,1,0,0,0,0,0,0,0,0,0,0,1,0,0,0,,,
tt1821658,The Nut Job,2014,85.0,"Adventure,Animation,Comedy",42000000,122529966,1.9173801428571429,5.7,32763.0,en,"Open Road Films, GulfStream Pictures, Redrover, ToonBox Entertainment",16.425,1,1,1,0,1,1,0,1,0,0,0,0,0,0,0,0,0,0,0,0,0,0,0,0,0,,,
tt1823664,Annie,2014,118.0,"Comedy,Drama,Family",65000000,133821816,1.0587971692307692,5.4,43895.0,en,"Marcy Media, Columbia Pictures, Olive Bridge Entertainment, Overbrook Entertainment",28.468,1,1,1,0,0,0,0,1,0,0,1,1,0,0,0,0,0,0,0,0,0,0,0,0,0,,,
tt1826590,About Last Night,2014,100.0,"Comedy,Romance",12500000,49002684,2.92021472,6.0,26085.0,en,"Olive Bridge Entertainment, Rainforest Entertainment, Screen Gems",16.562,1,1,1,0,0,0,0,1,0,0,0,0,0,0,0,0,0,0,0,1,0,0,0,0,0,,,
tt1837709,Winter's Tale,2014,118.0,"Drama,Fantasy,Mystery",60000000,30800231,-0.4866628166666666,6.1,59332.0,en,"Weed Road Pictures, Village Roadshow Pictures, Warner Bros. Pictures",14.845,1,1,1,0,0,0,0,0,0,0,1,0,1,0,0,0,0,1,0,0,0,0,0,0,0,,,
tt1840309,Divergent,2014,139.0,"Action,Adventure,Drama",85000000,288885818,2.398656682352941,6.6,522008.0,en,"Summit Entertainment, Red Wagon Entertainment",39.066,1,1,1,1,1,0,0,0,0,0,1,0,0,0,0,0,0,0,0,0,0,0,0,0,0,,,
tt1843866,Captain America: The Winter Soldier,2014,136.0,"Action,Adventure,Sci-Fi",170000000,714766572,3.2045092470588235,7.7,986064.0,en,Marvel Studios,31.482,1,1,1,1,1,0,0,0,0,0,0,0,0,0,0,0,0,0,0,0,1,0,0,0,0,,,
tt1850397,The Loft,2014,108.0,"Mystery,Romance,Thriller",14000000,10076790,-0.2802292857142857,6.3,64595.0,en,"Open Road Films, Anonymous Content",27.317,1,1,1,0,0,0,0,0,0,0,0,0,0,0,0,0,0,1,0,1,0,0,1,0,0,,,
tt1872181,The Amazing Spider-Man 2,2014,142.0,"Action,Adventure,Sci-Fi",200000000,708962323,2.544811615,6.6,605711.0,en,"Marvel Entertainment, Columbia Pictures, Matt Tolmach Productions, Arad Productions",73.319,1,1,1,1,1,0,0,0,0,0,0,0,0,0,0,0,0,0,0,0,1,0,0,0,0,,,
tt1872194,The Judge,2014,141.0,"Crime,Drama,Mystery",50000000,83719388,0.67438776,7.4,220657.0,en,"Village Roadshow Pictures, Big Kid Pictures, Team Downey, Warner Bros. Pictures",52.209,1,1,1,0,0,0,0,0,1,0,1,0,0,0,0,0,0,1,0,0,0,0,0,0,0,,,
tt1877832,X-Men: Days of Future Past,2014,132.0,"Action,Adventure,Sci-Fi",250000000,747862775,1.9914511,7.9,795264.0,en,"Bad Hat Harry Productions, The Donners' Company, Simon Kinberg Productions, 20th Century Fox",60.194,1,1,1,1,1,0,0,0,0,0,0,0,0,0,0,0,0,0,0,0,1,0,0,0,0,,,
tt1911658,Penguins of Madagascar,2014,92.0,"Action,Adventure,Animation",132000000,373552094,1.829940106060606,6.7,117783.0,en,"DreamWorks Animation, Pacific Data Images",47.594,1,1,1,1,1,1,0,0,0,0,0,0,0,0,0,0,0,0,0,0,0,0,0,0,0,,,
tt1921064,Pompeii,2014,105.0,"Action,Adventure,Drama",100000000,117831631,0.17831631,5.5,123418.0,en,"Don Carmody Productions, TriStar Pictures, FilmDistrict, Impact Pictures, Constantin Film, Summit Entertainment",20.622,1,1,1,1,1,0,0,0,0,0,1,0,0,0,0,0,0,0,0,0,0,0,0,0,0,,,
tt1924435,Let's Be Cops,2014,104.0,"Action,Comedy,Crime",17000000,136621271,7.036545352941176,6.4,145117.0,en,"WideAwake, Genre Films, 20th Century Fox",42.345,1,1,1,1,0,0,0,1,1,0,0,0,0,0,0,0,0,0,0,0,0,0,0,0,0,,,
tt1929263,Heaven Is for Real,2014,99.0,"Biography,Drama,Family",12000000,101332962,7.4444135,5.9,30440.0,en,"TriStar Pictures, Screen Gems, Roth Films",39.57,1,1,1,0,0,0,1,0,0,0,1,1,0,0,0,0,0,0,0,0,0,0,0,0,0,,,
tt1951265,The Hunger Games: Mockingjay - Part 1,2014,123.0,"Action,Adventure,Sci-Fi",125000000,755356711,5.042853688,6.6,552446.0,en,"Lionsgate, Color Force",85.889,1,1,1,1,1,0,0,0,0,0,0,0,0,0,0,0,0,0,0,0,1,0,0,0,0,,,
tt1956620,Sex Tape,2014,94.0,"Comedy,Romance",40000000,126069509,2.151737725,5.1,123860.0,en,"Escape Artists, LStar Capital, MRC, Sony Pictures",40.978,1,1,1,0,0,0,0,1,0,0,0,0,0,0,0,0,0,0,0,1,0,0,0,0,0,,,
tt1959490,Noah,2014,138.0,"Action,Adventure,Drama",125000000,362637473,1.901099784,5.8,278451.0,en,"Disruption Entertainment, Paramount, Regency Enterprises, Protozoa Pictures",28.882,1,1,1,1,1,0,0,0,0,0,1,0,0,0,0,0,0,0,0,0,0,0,0,0,0,,,
tt1969062,Infinitely Polar Bear,2014,90.0,"Comedy,Drama,Romance",6700000,1430655,-0.7864694029850746,6.9,17895.0,en,"Park Pictures Features, Paper Street Films, Bad Robot, KGB Media",9.594,0,1,1,0,0,0,0,1,0,0,1,0,0,0,0,0,0,0,0,1,0,0,0,0,0,,,
tt1971325,Automata,2014,109.0,"Action,Drama,Sci-Fi",7000000,6237990,-0.1088585714285714,6.0,62173.0,en,"Green Moon Productions, Nu Boyana Viburno, Millennium Media",20.739,1,1,1,1,0,0,0,0,0,0,1,0,0,0,0,0,0,0,0,0,1,0,0,0,0,,,
tt1972571,A Most Wanted Man,2014,122.0,"Crime,Drama,Thriller",15000000,31554855,1.103657,6.7,85237.0,en,"Amusement Park Films, Lionsgate, Demarest Films, FilmNation Entertainment, Senator Film, The Ink Factory, Film4 Productions, Potboiler Productions",12.727,1,1,1,0,0,0,0,0,1,0,1,0,0,0,0,0,0,0,0,0,0,0,1,0,0,,,
tt1972779,The Best of Me,2014,118.0,"Drama,Romance",26000000,35926213,0.3817774230769231,6.7,81714.0,en,Relativity Media,20.474,1,1,1,0,0,0,0,0,0,0,1,0,0,0,0,0,0,0,0,1,0,0,0,0,0,,,
tt2004420,Neighbors,2014,97.0,Comedy,18000000,270665134,14.036951888888888,6.3,348087.0,en,"Good Universe, Universal Pictures, Point Grey Pictures",17.158,1,1,1,0,0,0,0,1,0,0,0,0,0,0,0,0,0,0,0,0,0,0,0,0,0,,,
tt2011159,No Good Deed,2014,84.0,"Crime,Drama,Horror",13200000,53830415,3.0780617424242425,5.6,24876.0,en,Will Packer Productions,26.473,1,1,1,0,0,0,0,0,1,0,1,0,0,0,1,0,0,0,0,0,0,0,0,0,0,,,
tt2015381,Guardians of the Galaxy,2014,121.0,"Action,Adventure,Comedy",170000000,772776600,3.545744705882353,8.0,1380205.0,en,Marvel Studios,33.255,1,1,1,1,1,0,0,1,0,0,0,0,0,0,0,0,0,0,0,0,0,0,0,0,0,,,
tt2024469,Non-Stop,2014,106.0,"Action,Mystery,Thriller",50000000,222809600,3.456192,6.9,288991.0,en,"TF1, StudioCanal, Silver Pictures, Anton Capital Entertainment, LOVEFiLM International, Canal+, TF1 Films Production, Universal Pictures",21.187,1,1,1,1,0,0,0,0,0,0,0,0,0,0,0,0,0,1,0,0,0,0,1,0,0,,,
tt2034031,Laggies,2014,99.0,"Comedy,Drama,Romance",5000000,2379154,-0.5241692,6.4,47632.0,en,"Anonymous Content, Merced Media Partners, PenLife Media",7.991,1,0,1,0,0,0,0,1,0,0,1,0,0,0,0,0,0,0,0,1,0,0,0,0,0,,,
tt2039393,The Gambler,2014,111.0,"Crime,Drama,Thriller",25000000,39171130,0.5668452,6.0,78317.0,en,"Paramount, Closest to the Hole Productions, Leverage, Winkler Films",13.598,1,1,1,0,0,0,0,0,1,0,1,0,0,0,0,0,0,0,0,0,0,0,1,0,0,,,
tt2048824,Old Fashioned,2014,115.0,"Drama,Romance",600000,1914090,2.19015,5.0,2254.0,en,"Motion Picture Pro Studios, Skoche Films, Pure Flix Entertainment",3.448,1,1,1,0,0,0,0,0,0,0,1,0,0,0,0,0,0,0,0,1,0,0,0,0,0,,,
tt2059171,13 Sins,2014,93.0,"Horror,Thriller",5000000,13809,-0.9972382,6.3,42524.0,en,"Dimension Films, IM Global, Automatik Entertainment, Little Magic Films, Sahamongkol Film International, RADiUS-TWC",16.647,1,1,1,0,0,0,0,0,0,0,0,0,0,0,1,0,0,0,0,0,0,0,1,0,0,,,
tt2084970,The Imitation Game,2014,114.0,"Biography,Drama,Thriller",14000000,233555708,15.682550571428571,8.0,883909.0,en,"Bristol Automotive, Black Bear Pictures, The Weinstein Company, FilmNation Entertainment",47.491,1,1,1,0,0,0,1,0,0,0,1,0,0,0,0,0,0,0,0,0,0,0,1,0,0,,,
tt2088003,Big Game,2014,110.0,"Action,Adventure,Comedy",8500000,7500000,-0.1176470588235294,5.4,37296.0,en,"Bavaria Film Partners, Subzero Film Entertainment, Altitude Film Entertainment, VisionPlus Fund I, Ketchup Entertainment, Waterstone Entertainment, Head Gear Films, Metrol Technology, Film House Germany, Egoli Tossell Film",14.82,1,1,1,1,1,0,0,1,0,0,0,0,0,0,0,0,0,0,0,0,0,0,0,0,0,,,
tt2095649,Grace of Monaco,2014,103.0,"Biography,Drama,Romance",30000000,26576000,-0.1141333333333333,5.7,22338.0,en,"Stone Angels, Gaumont, TF1 Films Production, Lucky Red, uFilm, Silver Reel, uMedia, Od Shots, YRF Entertainment, Canal+",12.856,1,1,1,0,0,0,1,0,0,0,1,0,0,0,0,0,0,0,0,1,0,0,0,0,0,,,
tt2096672,Dumb and Dumber To,2014,109.0,Comedy,40000000,169837010,3.24592525,5.6,154920.0,en,"New Line Cinema, Universal Pictures, Conundrum Entertainment, Red Granite Pictures",37.438,1,1,1,0,0,0,0,1,0,0,0,0,0,0,0,0,0,0,0,0,0,0,0,0,0,,,
tt2103254,Tammy,2014,97.0,"Comedy,Romance",20000000,100525432,4.0262716,4.9,57429.0,en,"Gary Sanchez Productions, New Line Cinema, On the Day",14.577,0,1,1,0,0,0,0,1,0,0,0,0,0,0,0,0,0,0,0,1,0,0,0,0,0,,,
tt2103281,Dawn of the Planet of the Apes,2014,130.0,"Action,Adventure,Drama",170000000,710644566,3.1802621529411765,7.6,514575.0,en,"TSG Entertainment, Chernin Entertainment, Ingenious Media",59.336,1,1,1,1,1,0,0,0,0,0,1,0,0,0,0,0,0,0,0,0,0,0,0,0,0,,,
tt2106361,Into the Storm,2014,89.0,"Action,Adventure,Drama",50000000,160602194,2.21204388,5.8,75023.0,en,"RatPac Entertainment, New Line Cinema, Village Roadshow Pictures, Broken Road Productions, Warner Bros. Entertainment",25.722,1,1,1,1,1,0,0,0,0,0,1,0,0,0,0,0,0,0,0,0,0,0,0,0,0,,,
tt2109248,Transformers: Age of Extinction,2014,165.0,"Action,Adventure,Comedy",210000000,1104054072,4.257400342857143,5.6,352909.0,en,"di Bonaventura Pictures, Tom DeSanto/Don Murphy Production, Ian Bryce Productions, Paramount",57.581,1,1,1,1,1,0,0,1,0,0,0,0,0,0,0,0,0,0,0,0,0,0,0,0,0,,,
tt2140619,Two Night Stand,2014,86.0,"Comedy,Romance",1645000,868081,-0.4722911854103343,6.3,76787.0,en,"Demarest Films, Flynn Picture Company",9.481,0,1,1,0,0,0,0,1,0,0,0,0,0,0,0,0,0,0,0,1,0,0,0,0,0,,,
tt2155405,Welcome Home,2014,116.0,Drama,300000,17888,-0.9403733333333332,6.1,147.0,ru,Baraban Films,0.989,1,1,1,0,0,0,0,0,0,0,1,0,0,0,0,0,0,0,0,0,0,0,0,0,0,,,
tt2170439,Horrible Bosses 2,2014,108.0,"Comedy,Crime",42000000,107670357,1.5635799285714285,6.3,195027.0,en,"New Line Cinema, BenderSpink, RatPac Entertainment",29.496,1,1,1,0,0,0,0,1,1,0,0,0,0,0,0,0,0,0,0,0,0,0,0,0,0,,,
tt2170593,St. Vincent,2014,102.0,"Comedy,Drama",13000000,54837234,3.2182487692307693,7.2,114336.0,en,"Chernin Entertainment, The Weinstein Company, Crescendo Productions, Goldenlight Films",62.23,1,1,1,0,0,0,0,1,0,0,1,0,0,0,0,0,0,0,0,0,0,0,0,0,0,,,
tt2172584,Maps to the Stars,2014,111.0,"Comedy,Drama,Mystery",15000000,1338365,-0.9107756666666668,6.2,44951.0,en,"Prospero Pictures, Sentient Entertainment, SBS Productions, Integral Film",11.535,1,1,1,0,0,0,0,1,0,0,1,0,0,0,0,0,0,1,0,0,0,0,0,0,0,,,
tt2172934,3 Days to Kill,2014,117.0,"Action,Drama,Thriller",28000000,53260230,0.9021510714285714,6.2,101925.0,en,"Wonderland Sound and Vision, EuropaCorp, Relativity Media, 20th Century Fox",25.75,1,1,1,1,0,0,0,0,0,0,1,0,0,0,0,0,0,0,0,0,0,0,1,0,0,,,
tt2177771,The Monuments Men,2014,118.0,"Biography,Comedy,Drama",70000000,154984035,1.2140576428571428,6.1,149307.0,en,"20th Century Fox, Columbia Pictures, Fox 2000 Pictures, Smoke House Pictures, Obelisk Productions, Studio Babelsberg",25.23,1,1,1,0,0,0,1,1,0,0,1,0,0,0,0,0,0,0,0,0,0,0,0,0,0,,,
tt2179136,American Sniper,2014,133.0,"Action,Biography,Drama",58800000,542307423,8.222915357142858,7.3,574912.0,en,"RatPac Entertainment, Village Roadshow Pictures, 22 & Indiana Pictures, Malpaso Productions, Warner Bros. Pictures, Mad Chance",64.846,1,1,1,1,0,0,1,0,0,0,1,0,0,0,0,0,0,0,0,0,0,0,0,0,0,,,
tt2180411,Into the Woods,2014,125.0,"Adventure,Comedy,Drama",50000000,212902372,3.25804744,5.9,154674.0,en,"Walt Disney Pictures, Marc Platt Productions, Lucamar Productions",15.979,1,1,1,0,1,0,0,1,0,0,1,0,0,0,0,0,0,0,0,0,0,0,0,0,0,,,
tt2182972,Song One,2014,86.0,"Drama,Music,Romance",6000000,32251,-0.9946248333333332,5.8,10758.0,en,Worldview Entertainment,7.665,1,1,1,0,0,0,0,0,0,0,1,0,0,0,0,1,0,0,0,1,0,0,0,0,0,,,
tt2183034,Earth to Echo,2014,91.0,"Adventure,Family,Sci-Fi",13000000,45300000,2.4846153846153847,5.7,20574.0,en,"Panay Films, Walt Disney Pictures",9.919,1,1,1,0,1,0,0,0,0,0,0,1,0,0,0,0,0,0,0,0,1,0,0,0,0,,,
tt2203939,The Other Woman,2014,109.0,"Comedy,Romance",40000000,196781193,3.919529825,6.0,161721.0,en,"LBI Productions, 20th Century Fox, TSG Entertainment",15.837,1,1,1,0,0,0,0,1,0,0,0,0,0,0,0,0,0,0,0,1,0,0,0,0,0,,,
tt2209764,Transcendence,2014,119.0,"Drama,Sci-Fi,Thriller",100000000,103039258,0.03039258,6.2,248396.0,en,"DMG Entertainment, Warner Bros. Pictures, Alcon Entertainment, Syncopy, Straight Up Films, Summit Entertainment",20.628,0,0,1,0,0,0,0,0,0,0,1,0,0,0,0,0,0,0,0,0,1,0,1,0,0,,,
tt2223990,Draft Day,2014,110.0,"Drama,Sport",25000000,28831145,0.1532458,6.8,73796.0,en,"Lionsgate, Summit Entertainment, OddLot Entertainment",12.851,1,1,1,0,0,0,0,0,0,0,1,0,0,0,0,0,0,0,0,0,0,1,0,0,0,,,
tt2231489,Saint Seiya: Legend of Sanctuary,2014,93.0,"Action,Animation,Fantasy",23000000,17150803,-0.2543129130434782,5.4,4971.0,ja,"Toei Animation, Marza Animation Planet",27.072,1,1,1,1,0,1,0,0,0,0,0,0,1,0,0,0,0,0,0,0,0,0,0,0,0,,,
tt2235779,The Quiet Ones,2014,98.0,"Horror,Mystery,Thriller",200000,17834867,88.174335,5.1,22230.0,en,"Hammer Film Productions, Exclusive Media, Travelling Picture Show Company",8.17,1,1,1,0,0,0,0,0,0,0,0,0,0,0,1,0,0,1,0,0,0,0,1,0,0,,,
tt2239832,Think Like a Man Too,2014,106.0,"Comedy,Romance",24000000,70181428,1.924226166666667,5.7,24545.0,en,Will Packer Productions,17.035,1,1,1,0,0,0,0,1,0,0,0,0,0,0,0,0,0,0,0,1,0,0,0,0,0,,,
tt2245084,Big Hero 6,2014,102.0,"Action,Adventure,Animation",165000000,657827828,2.986835321212121,7.8,560645.0,en,"Walt Disney Pictures, Walt Disney Animation Studios",98.41,1,1,1,1,1,1,0,0,0,0,0,0,0,0,0,0,0,0,0,0,0,0,0,0,0,,,
tt2247476,When the Game Stands Tall,2014,115.0,"Biography,Drama,Family",15000000,30127963,1.0085308666666666,6.6,17777.0,en,"Mandalay Pictures, Affirm Films",16.129,1,1,1,0,0,0,1,0,0,0,1,1,0,0,0,0,0,0,0,0,0,0,0,0,0,,,
tt2262227,The Book of Life,2014,95.0,"Adventure,Animation,Comedy",50000000,97437106,0.94874212,7.2,85459.0,en,"Reel FX Creative Studios, 20th Century Fox Animation, Chatrone",46.433,1,1,1,0,1,1,0,1,0,0,0,0,0,0,0,0,0,0,0,0,0,0,0,0,0,,,
tt2265171,The Raid 2,2014,150.0,"Action,Crime,Thriller",4500000,6566916,0.4593146666666666,7.9,140403.0,id,"XYZ Films, PT. Merantau Films, Stage 6 Films, Sony Pictures Classics",23.228,1,1,1,1,0,0,0,0,1,0,0,0,0,0,0,0,0,0,0,0,0,0,1,0,0,,,
tt2267998,Gone Girl,2014,149.0,"Drama,Mystery,Thriller",61000000,369330363,5.054596114754099,8.1,1184182.0,en,"Regency Enterprises, New Regency Pictures, Pacific Standard, TSG Entertainment, Artemple - Hollywood, 20th Century Fox",46.611,1,0,1,0,0,0,0,0,0,0,1,0,0,0,0,0,0,1,0,0,0,0,1,0,0,,,
tt2278388,The Grand Budapest Hotel,2014,99.0,"Comedy,Drama",30000000,174600318,4.8200106,8.1,984565.0,en,"Fox Searchlight Pictures, Scott Rudin Productions, Studio Babelsberg, Indian Paintbrush, TSG Entertainment, American Empirical Pictures",33.966,1,1,1,0,0,0,0,1,0,0,1,0,0,0,0,0,0,0,0,0,0,0,0,0,0,,,
tt2281587,Muppets Most Wanted,2014,107.0,"Adventure,Comedy,Crime",50000000,80383290,0.6076658,6.4,39700.0,en,"Walt Disney Pictures, Mandeville Films, The Muppets Studio",15.12,1,1,1,0,1,0,0,1,1,0,0,0,0,0,0,0,0,0,0,0,0,0,0,0,0,,,
tt2294449,22 Jump Street,2014,112.0,"Action,Comedy,Crime",50000000,331333876,5.62667752,7.0,444958.0,en,"Columbia Pictures, Original Film, MRC, LStar Capital, Metro-Goldwyn-Mayer, Stephen J. Cannell Productions, 75 Year Plan Productions, Storyville Films, JHF Productions",23.367,1,1,1,1,0,0,0,1,1,0,0,0,0,0,0,0,0,0,0,0,0,0,0,0,0,,,
tt2295722,Falcon Rising,2014,103.0,"Action,Adventure",4500000,11774,-0.9973835555555556,5.8,9996.0,en,Strohberry Films,11.761,1,0,1,1,1,0,0,0,0,0,0,0,0,0,0,0,0,0,0,0,0,0,0,0,0,,,
tt2300975,Jessabelle,2014,90.0,"Drama,Horror,Mystery",1000000,23456897,22.456897,5.4,27432.0,en,"Principato-Young Entertainment, Lionsgate, Blumhouse Productions",11.43,1,1,1,0,0,0,0,0,0,0,1,0,0,0,1,0,0,1,0,0,0,0,0,0,0,,,
tt2305051,Wild,2014,115.0,"Adventure,Biography,Drama",15000000,52501541,2.500102733333333,7.1,147246.0,en,"bob industries, Fox Searchlight Pictures, Pacific Standard",13.391,1,1,1,0,1,0,1,0,0,0,1,0,0,0,0,0,0,0,0,0,0,0,0,0,0,,,
tt2310332,The Hobbit: The Battle of the Five Armies,2014,144.0,"Adventure,Fantasy",250000000,956019788,2.824079152,7.4,624157.0,en,"Warner Bros. Pictures, WingNut Films, New Line Cinema, 3Foot7, Metro-Goldwyn-Mayer",94.048,1,1,1,0,1,0,0,0,0,0,0,0,1,0,0,0,0,0,0,0,0,0,0,0,0,,,
tt2316801,Beauty and the Beast,2014,112.0,"Drama,Family,Fantasy",33000000,49100000,0.4878787878787878,6.4,24604.0,fr,"Canal+, Studio Babelsberg, Eskwad, TMC, Pathé, 120 Films, TF1, Ciné+, TF1 Films Production, FFA, Vision Globale",18.724,1,1,1,0,0,0,0,0,0,0,1,1,1,0,0,0,0,0,0,0,0,0,0,0,0,,,
tt2318092,Endless Love,2014,104.0,"Drama,Mystery,Romance",20000000,34077920,0.703896,6.2,49483.0,en,"Bluegrass Films, Fake Empire Productions",14.042,1,1,1,0,0,0,0,0,0,0,1,0,0,0,0,0,0,1,0,1,0,0,0,0,0,,,
tt2321549,The Babadook,2014,94.0,"Drama,Horror,Mystery",2000000,10312540,4.15627,6.8,272322.0,en,"Screen Australia, Smoking Gun Productions, Causeway Films, South Australian Film Corporation, Entertainment One",20.417,1,1,1,0,0,0,0,0,0,0,1,0,0,0,1,0,0,1,0,0,0,0,0,0,0,,,
tt2326554,A Girl Walks Home Alone at Night,2014,101.0,"Drama,Horror,Romance",1000000,395000,-0.605,6.9,41651.0,en,"Black Light District, Say Ahh Productions, SpectreVision, Logan Pictures",8.908,1,1,1,0,0,0,0,0,0,0,1,0,0,0,1,0,0,0,0,1,0,0,0,0,0,,,
tt2333784,The Expendables 3,2014,126.0,"Action,Adventure,Thriller",95000000,214700000,1.26,6.1,207470.0,en,"Davis Films, Nu Image, Ex3 Productions, Fipex Holding, Lionsgate, Millennium Media",89.686,1,1,1,1,1,0,0,0,0,0,0,0,0,0,0,0,0,0,0,0,0,0,1,0,0,,,
tt2338151,PK,2014,153.0,"Comedy,Drama,Musical",13000000,120000000,8.23076923076923,8.1,225530.0,hi,"Rajkumar Hirani Films, Vinod Chopra Films, UTV Motion Pictures",10.757,1,1,1,0,0,0,0,1,0,0,1,0,0,0,0,0,1,0,0,0,0,0,0,0,0,,,
tt2339741,The Woman in Black 2: Angel of Death,2014,98.0,"Drama,Horror,Thriller",15000000,48854305,2.2569536666666665,4.8,30602.0,en,"Vertigo Entertainment, Hammer Film Productions, Alliance Films, Talisman Productions, Exclusive Media, Da Vinci Media Ventures",11.918,1,1,1,0,0,0,0,0,0,0,1,0,0,0,1,0,0,0,0,0,0,0,1,0,0,,,
tt2345737,The Rover,2014,103.0,"Action,Crime,Drama",12250000,2510007,-0.795101469387755,6.4,54957.0,en,"Porchlight Films, Screen Australia, Screen NSW, Blue-Tongue Films, Lava Bear Films, South Australian Film Corporation",14.501,1,1,1,1,0,0,0,0,1,0,1,0,0,0,0,0,0,0,0,0,0,0,0,0,0,,,
tt2355495,Barefoot,2014,90.0,"Comedy,Drama,Romance",6000000,15071,-0.9974881666666666,6.5,29234.0,en,WhiteFlame Productions,8.48,1,1,1,0,0,0,0,1,0,0,1,0,0,0,0,0,0,0,0,1,0,0,0,0,0,,,
tt2357291,Rio 2,2014,101.0,"Adventure,Animation,Comedy",103000000,500188435,3.8561983980582526,6.3,113153.0,en,"Blue Sky Studios, 20th Century Fox Animation, 20th Century Fox",41.757,1,1,1,0,1,1,0,1,0,0,0,0,0,0,0,0,0,0,0,0,0,0,0,0,0,,,
tt2366608,Lost River,2014,95.0,"Drama,Fantasy,Mystery",2000000,45431,-0.9772845,5.7,20130.0,en,"Bold Films, Marc Platt Productions, Phantasma Films",13.903,0,0,1,0,0,0,0,0,0,0,1,0,1,0,0,0,0,1,0,0,0,0,0,0,0,,,
tt2369135,Need for Speed,2014,132.0,"Action,Crime,Drama",66000000,203277636,2.0799641818181818,6.4,188008.0,en,"Revolution Sun Studios, Reliance Entertainment, Bandito Brothers, Touchstone Pictures, Electronic Arts, DreamWorks Pictures, RAI Cinema, Leone Film Group, Andrea Leone Films",47.306,1,1,1,1,0,0,0,0,1,0,1,0,0,0,0,0,0,0,0,0,0,0,0,0,0,,,
tt2371399,Moomins on the Riviera,2014,80.0,"Animation,Comedy,Family",4700000,2200510,-0.5318063829787234,6.0,1634.0,fi,"Handle Productions, Pictak Cie",3.364,1,1,1,0,0,1,0,1,0,0,0,1,0,0,0,0,0,0,0,0,0,0,0,0,0,,,
tt2372222,Kick,2014,146.0,"Action,Comedy,Crime",22000000,55000000,1.5,5.9,77235.0,hi,"Nadiadwala Grandson Entertainment, UTV Motion Pictures",8.853,0,1,1,1,0,0,0,1,1,0,0,0,0,0,0,0,0,0,0,0,0,0,0,0,0,,,
tt2372678,2 States,2014,149.0,"Comedy,Drama,Romance",4587786,22414611,3.885714154932249,6.9,28655.0,hi,"Dharma Productions, Nadiadwala Grandson Entertainment",7.825,1,1,1,0,0,0,0,1,0,0,1,0,0,0,0,0,0,0,0,1,0,0,0,0,0,,,
tt2377322,Deliver Us from Evil,2014,118.0,"Crime,Horror,Mystery",30000000,87937815,1.9312605,6.2,91694.0,en,"LStar Capital, Screen Gems, Jerry Bruckheimer Films",22.162,1,1,1,0,0,0,0,0,1,0,0,0,0,0,1,0,0,1,0,0,0,0,0,0,0,,,
tt2386502,A Long Way Off,2014,105.0,"Drama,Family,Romance",500000,28951,-0.942098,4.6,248.0,en,"Uptone Pictures, Prodigafilm",3.168,0,1,1,0,0,0,0,0,0,0,1,1,0,0,0,0,0,0,0,1,0,0,0,0,0,,,
tt2390283,The Journey Home,2014,98.0,"Adventure,Drama,Family",12758853,3016126,-0.7636052394364916,6.0,1074.0,en,"Rob Heydon Productions, Imagenation Abu Dhabi FZ, Media Max Productions, Hyde Park Films",8.334,1,1,1,0,1,0,0,0,0,0,1,1,0,0,0,0,0,0,0,0,0,0,0,0,0,,,
tt2397535,Predestination,2014,97.0,"Action,Drama,Sci-Fi",5500000,4942449,-0.1013729090909091,7.4,338789.0,en,"Screen Queensland, Screen Australia, Blacklab Entertainment, Wolfhound Pictures",30.577,1,1,1,1,0,0,0,0,0,0,1,0,0,0,0,0,0,0,0,0,1,0,0,0,0,,,
tt2398231,The Homesman,2014,122.0,"Drama,Western",16000000,3442853,-0.7848216875,6.6,38843.0,en,"The Javelina Film Company, EuropaCorp, Ithaca Pictures",11.672,1,1,1,0,0,0,0,0,0,0,1,0,0,0,0,0,0,0,0,0,0,0,0,0,1,,,
tt2401807,Rage,2014,92.0,"Action,Thriller",15000000,2424381,-0.8383746,5.0,26533.0,en,"Vocal Yokels, Hannibal Pictures, Patriot Pictures",14.145,1,1,1,1,0,0,0,0,0,0,0,0,0,0,0,0,0,0,0,0,0,0,1,0,0,,,
tt2402157,The November Man,2014,108.0,"Action,Adventure,Crime",15000000,32556119,1.1704079333333333,6.3,73510.0,en,"SPD Films, Relativity Media, Irish Dreamtime",22.491,1,1,1,1,1,0,0,0,1,0,0,0,0,0,0,0,0,0,0,0,0,0,0,0,0,,,
tt2409818,Open Windows,2014,100.0,"Crime,Mystery,Thriller",4000000,100000,-0.975,5.1,15822.0,en,"Wild Bunch, Sayaka Producciones Audiovisuales, Apaches Entertainment, La Panda, Atresmedia, SpectreVision",11.644,1,1,1,0,0,0,0,0,1,0,0,0,0,0,0,0,0,1,0,0,0,0,1,0,0,,,
tt2446042,Taken 3,2014,108.0,"Action,Crime,Thriller",48000000,325771424,5.786904666666667,6.0,216390.0,en,"EuropaCorp, Grive Productions, M6, TSG Entertainment, 20th Century Fox, Fox International Productions, Canal+, Ciné+",86.527,1,1,1,1,0,0,0,0,1,0,0,0,0,0,0,0,0,0,0,0,0,0,1,0,0,,,
tt2452254,Clouds of Sils Maria,2014,124.0,Drama,6600000,1851517,-0.7194671212121212,6.7,32696.0,en,"CAB Productions, Pallas Film, ARTE France Cinéma, Vortex Sutra, ZDF/Arte, Orange Studio, RTS, SRG SSR, CG Cinéma, Ezekiel Film Production, Les Films du Losange",8.914,1,1,1,0,0,0,0,0,0,0,1,0,0,0,0,0,0,0,0,0,0,0,0,0,0,,,
tt2465146,And So It Goes,2014,94.0,"Comedy,Drama,Romance",18000000,25312387,0.4062437222222222,5.9,17002.0,en,"Castle Rock Entertainment, ASIG Productions, Envision Entertainment",7.438,1,1,1,0,0,0,0,1,0,0,1,0,0,0,0,0,0,0,0,1,0,0,0,0,0,,,
tt2467046,Left Behind,2014,110.0,"Action,Fantasy,Sci-Fi",16000000,19682924,0.23018275,3.2,44791.0,en,Stoney Lake Entertainment,30.888,1,1,1,1,0,0,0,0,0,0,0,0,1,0,0,0,0,0,0,0,1,0,0,0,0,,,
tt2473602,Get on Up,2014,139.0,"Biography,Drama,Music",30000000,33448971,0.1149657,6.9,27437.0,en,"Jagged Films, Imagine Entertainment, Universal Pictures",12.648,1,1,1,0,0,0,1,0,0,0,1,0,0,0,0,1,0,0,0,0,0,0,0,0,0,,,
tt2473682,Paranormal Activity: The Marked Ones,2014,84.0,"Horror,Mystery",5000000,90894962,17.1789924,5.1,48542.0,en,"Blumhouse Productions, Solana Films, Room 101",21.342,1,1,1,0,0,0,0,0,0,0,0,0,0,0,1,0,0,1,0,0,0,0,0,0,0,,,
tt2474024,The Last Five Years,2014,94.0,"Comedy,Drama,Musical",3500000,292092,-0.9165451428571428,5.9,11348.0,en,"RADiUS-TWC, Lucky Monkey Pictures, Sh-K-Boom Records, Grand Peaks Entertainment",7.409,1,1,1,0,0,0,0,1,0,0,1,0,0,0,0,0,1,0,0,0,0,0,0,0,0,,,
tt2494384,Aloft,2014,112.0,Drama,8000000,53086,-0.99336425,5.3,4362.0,en,"Buffalo Gal Pictures, Wanda Visión, Arcadia Motion Pictures",11.765,1,1,1,0,0,0,0,0,0,0,1,0,0,0,0,0,0,0,0,0,0,0,0,0,0,,,
tt2495104,Parts Per Billion,2014,98.0,"Drama,Romance,Sci-Fi",1300000,15000000,10.538461538461538,4.3,2281.0,en,"XYZ Films, Benaroya Pictures, Miscellaneous Entertainment, PalmStar Media, Traverse Media",4.246,0,1,1,0,0,0,0,0,0,0,1,0,0,0,0,0,0,0,0,1,1,0,0,0,0,,,
tt2515030,Escobar: Paradise Lost,2014,120.0,"Crime,Drama,History",17000000,3758328,-0.7789218823529411,6.5,24339.0,en,"uFilm, Nexus Factory, Jaguar Films, Chapter 2, Roxbury, uMedia",18.195,0,1,1,0,0,0,0,0,1,0,1,0,0,1,0,0,0,0,0,0,0,0,0,0,0,,,
tt2528814,God's Not Dead,2014,113.0,"Drama,Romance",17000000,29789000,0.7522941176470588,4.6,46975.0,en,"Pure Flix Entertainment, Greg Jenkins Productions, Red Entertainment Group",18.087,1,1,1,0,0,0,0,0,0,0,1,0,0,0,0,0,0,0,0,1,0,0,0,0,0,,,
tt2557256,Iceman,2014,104.0,"Action,Comedy,Fantasy",25477000,26033917,0.0218595988538681,4.8,4037.0,cn,"China 3D Digital Entertainment, Quidam Studios, Zhongmeng Century Media, Beijing ShengShi HuaRei Film Investment & Management Co.",12.09,1,1,1,1,0,0,0,1,0,0,0,0,1,0,0,0,0,0,0,0,0,0,0,0,0,,,
tt2557490,A Million Ways to Die in the West,2014,116.0,"Comedy,Western",40000000,86410000,1.16025,6.1,211927.0,en,"RGB Media, Fuzzy Door Productions, MRC, Bluegrass Films",41.822,1,1,1,0,0,0,0,1,0,0,0,0,0,0,0,0,0,0,0,0,0,0,0,0,1,,,
tt2562232,Birdman or (The Unexpected Virtue of Ignorance),2014,119.0,"Comedy,Drama",18000000,103215094,4.734171888888889,7.7,702507.0,en,"TSG Entertainment, Worldview Entertainment, New Regency Pictures, M Productions, Le Grisbi Productions",43.866,1,1,1,0,0,0,0,1,0,0,1,0,0,0,0,0,0,0,0,0,0,0,0,0,0,,,
tt2581244,Life After Beth,2014,89.0,"Comedy,Fantasy,Horror",2400000,88273,-0.9632195833333334,5.7,26361.0,en,"Abbolita Productions, Starstream Entertainment, Destro Films, American Zoetrope",17.375,0,1,1,0,0,0,0,1,0,0,0,0,1,0,1,0,0,0,0,0,0,0,0,0,0,,,
tt2582802,Whiplash,2014,106.0,"Drama,Music",3300000,13092000,2.967272727272728,8.5,1176732.0,en,"Bold Films, Blumhouse Productions, Right of Way Films, Sierra/Affinity, Stage 6 Films, Sony Pictures Classics",54.495,1,1,1,0,0,0,0,0,0,0,1,0,0,0,0,1,0,0,0,0,0,0,0,0,0,,,
tt2582846,The Fault in Our Stars,2014,126.0,"Drama,Romance",14000000,307166834,20.94048814285714,7.6,427400.0,en,"TSG Entertainment, Fox 2000 Pictures, Temple Hill Entertainment",30.209,1,1,1,0,0,0,0,0,0,0,1,0,0,0,0,0,0,0,0,1,0,0,0,0,0,,,
tt2614684,'71,2014,99.0,"Action,Crime,Drama",11000000,3200000,-0.7090909090909091,7.2,65242.0,en,"BFI, Screen Yorkshire, Creative Scotland, Warp Films, Crab Apple Films, Film4 Productions",13.097,1,1,1,1,0,0,0,0,1,0,1,0,0,0,0,0,0,0,0,0,0,0,0,0,0,,,
tt2626350,Step Up All In,2014,112.0,"Drama,Music,Romance",45000000,86165646,0.9147921333333332,5.9,37737.0,en,"Summit Entertainment, Offspring Entertainment",26.811,1,1,1,0,0,0,0,0,0,0,1,0,0,0,0,1,0,0,0,1,0,0,0,0,0,,,
tt2652092,The Good Lie,2014,110.0,"Biography,Drama",20000000,3396345,-0.83018275,7.4,36040.0,en,"Alcon Entertainment, Black Label Media, Blue Sky Africa, Reliance Entertainment, Warner Bros. Pictures, Summit Entertainment",7.928,1,1,1,0,0,0,1,0,0,0,1,0,0,0,0,0,0,0,0,0,0,0,0,0,0,,,
tt2664108,Yes&Yes,2014,115.0,Drama,600000,25574,-0.9573766666666668,4.8,392.0,ru,"Art Pictures Studio, VVP-Alyans",1.857,1,1,0,0,0,0,0,0,0,0,1,0,0,0,0,0,0,0,0,0,0,0,0,0,0,,,
tt2667960,Miss Julie,2014,129.0,"Drama,Romance",5500000,5000000,-0.0909090909090909,5.5,6614.0,en,"Maipo Film, The Apocalypse Films, Senorita Films, Subotica",7.49,1,1,1,0,0,0,0,0,0,0,1,0,0,0,0,0,0,0,0,1,0,0,0,0,0,,,
tt2678948,Jilla,2014,185.0,"Action,Crime,Drama",8000000,18000000,1.25,6.2,15358.0,ta,Super Good Films,4.247,1,1,1,1,0,0,0,0,1,0,1,0,0,0,0,0,0,0,0,0,0,0,0,0,0,,,
tt2692250,Night at the Museum: Secret of the Tomb,2014,98.0,"Adventure,Comedy,Family",127000000,363204635,1.859879015748032,6.2,151802.0,en,"Moving Picture Company, 21 Laps Entertainment, 1492 Pictures, TSG Entertainment",38.749,1,1,1,0,1,0,0,1,0,0,0,1,0,0,0,0,0,0,0,0,0,0,0,0,0,,,
tt2707858,Yves Saint Laurent,2014,106.0,"Biography,Drama",12000000,21026290,0.7521908333333334,6.2,13814.0,fr,"SND, WY Productions, Hérodiade, uMedia",14.262,1,1,1,0,0,0,1,0,0,0,1,0,0,0,0,0,0,0,0,0,0,0,0,0,0,,,
tt2713180,Fury,2014,134.0,"Action,Drama,War",68000000,211817906,2.114969205882353,7.6,616995.0,en,"Columbia Pictures, QED International, LStar Capital, Le Grisbi Productions, Crave Films, Sony Pictures, Huayi Brothers Pictures",90.378,1,1,1,1,0,0,0,0,0,0,1,0,0,0,0,0,0,0,0,0,0,0,0,1,0,,,
tt2720680,The Salvation,2014,92.0,"Action,Drama,Thriller",10500000,1363964,-0.8700986666666667,6.7,46835.0,da,"Spier Films, Forward Films, TrustNordisk, Zentropa Entertainments, F.I.L.M.S., Det Danske Filminstitut, DR, Nordisk Film & TV Fond, Film i Väst, The Department of Trade and Industry of South Africa, MEDIA Programme of the European Union",12.867,1,1,1,1,0,0,0,0,0,0,1,0,0,0,0,0,0,0,0,0,0,0,1,0,0,,,
tt2737050,"Two Days, One Night",2014,95.0,Drama,7000000,9016922,0.2881317142857142,7.3,52491.0,fr,"Media Programme of the European Community, Les Films du Fleuve, Archipel 33>35, BIM Distribuzione, Eyeworks, Belgacom, VOO, Vlaams Audiovisueel fonds, Euro-Images, Ciné+, Canal+, France 2 Cinéma, RTBF",12.463,1,1,1,0,0,0,0,0,0,0,1,0,0,0,0,0,0,0,0,0,0,0,0,0,0,,,
tt2752758,Devil's Due,2014,89.0,"Horror,Mystery",7000000,36433975,4.204853571428571,4.2,18595.0,en,"TSG Entertainment, Davis Entertainment, 20th Century Fox",16.423,1,1,1,0,0,0,0,0,0,0,0,0,0,0,1,0,0,1,0,0,0,0,0,0,0,,,
tt2771372,Veronica Mars,2014,107.0,"Crime,Drama,Mystery",6000000,3485127,-0.4191455,6.7,57195.0,en,"Warner Bros. Digital, Spondoolie Productions",14.733,1,1,1,0,0,0,0,0,1,0,1,0,0,0,0,0,0,1,0,0,0,0,0,0,0,,,
tt2785390,America: Imagine the World Without Her,2014,105.0,Documentary,5000000,14444502,1.8889004,5.1,7270.0,en,Lions Gate Films,3.814,1,1,0,0,0,0,0,0,0,1,0,0,0,0,0,0,0,0,0,0,0,0,0,0,0,,,
tt2788556,Gemma Bovery,2014,99.0,"Comedy,Drama,Romance",9700000,154701,-0.9840514432989692,6.4,7356.0,fr,"Ciné-@, Gaumont, Cinéfrance 1888, France 2 Cinéma, OCS, Ruby Films, BFI, Canal+, France Télévisions, Albertine Productions",8.785,1,1,1,0,0,0,0,1,0,0,1,0,0,0,0,0,0,0,0,1,0,0,0,0,0,,,
tt2788710,The Interview,2014,112.0,"Action,Adventure,Comedy",44000000,12342632,-0.7194856363636364,6.5,379310.0,en,"Point Grey Pictures, Columbia Pictures",54.384,1,1,1,1,1,0,0,1,0,0,0,0,0,0,0,0,0,0,0,0,0,0,0,0,0,,,
tt2796678,The Opposite Sex,2014,97.0,"Comedy,Romance",3300000,2800000,-0.1515151515151515,4.5,1336.0,en,"Verdi Productions, VMI Worldwide, Magna Group Entertainment",6.62,1,1,1,0,0,0,0,1,0,0,0,0,0,0,0,0,0,0,0,1,0,0,0,0,0,,,
tt2799166,The Pyramid,2014,89.0,"Adventure,Horror,Mystery",6500000,16861137,1.594021076923077,4.7,29264.0,en,"Silvatar Media, Fox International Productions, Sahara Productions",17.079,1,1,1,0,1,0,0,0,0,0,0,0,0,0,1,0,0,1,0,0,0,0,0,0,0,,,
tt2800038,Atlas Shrugged: Who Is John Galt?,2014,99.0,"Drama,Mystery,Sci-Fi",5000000,846704,-0.8306592,4.3,4241.0,en,Atlas Distribution Company,11.876,1,1,1,0,0,0,0,0,0,0,1,0,0,0,0,0,0,1,0,0,1,0,0,0,0,,,
tt2800240,Serial Bad Weddings,2014,97.0,Comedy,13000000,176404493,12.569576384615385,7.0,48752.0,fr,UGC,11.0,1,1,1,0,0,0,0,1,0,0,0,0,0,0,0,0,0,0,0,0,0,0,0,0,0,,,
tt2802144,Kingsman: The Secret Service,2014,129.0,"Action,Adventure,Comedy",81000000,414351546,4.115451185185186,7.7,783352.0,en,"20th Century Fox, Marv Films, Cloudy Productions, TSG Entertainment",56.288,1,1,1,1,1,0,0,1,0,0,0,0,0,0,0,0,0,0,0,0,0,0,0,0,0,,,
tt2802154,Leviathan,2014,140.0,"Crime,Drama",4000000,4396821,0.09920525,7.6,60490.0,ru,Non-Stop Productions,10.411,1,1,1,0,0,0,0,0,1,0,1,0,0,0,0,0,0,0,0,0,0,0,0,0,0,,,
tt2814362,United Passions,2014,110.0,"Drama,History,Sport",30000000,168832,-0.9943722666666668,2.1,4625.0,en,"Thelma Films, Leuviah Films",4.377,1,0,1,0,0,0,0,0,0,0,1,0,0,1,0,0,0,0,0,0,0,1,0,0,0,,,
tt2828996,A Haunted House 2,2014,86.0,"Comedy,Fantasy,Horror",4000000,25343661,5.33591525,4.7,26589.0,en,"Automatik Entertainment, IM Global Octane, Wayans Bros. Entertainment, Endgame Entertainment",34.152,1,1,1,0,0,0,0,1,0,0,0,0,1,0,1,0,0,0,0,0,0,0,0,0,0,,,
tt2844798,White God,2014,121.0,"Adventure,Drama,Thriller",2200000,282358,-0.8716554545454546,6.8,17731.0,hu,"Proton Cinema, Filmpartners, Pola Pandora Filmproduktions",7.777,1,1,1,0,1,0,0,0,0,0,1,0,0,0,0,0,0,0,0,0,0,0,1,0,0,,,
tt2870612,"As Above, So Below",2014,93.0,"Adventure,Horror,Mystery",5000000,41900000,7.38,6.3,133372.0,en,"Brothers Dowdle Productions, Legendary Pictures, Universal Pictures",33.512,1,1,1,0,1,0,0,0,0,0,0,0,0,0,1,0,0,1,0,0,0,0,0,0,0,,,
tt2870708,Wish I Was Here,2014,106.0,"Comedy,Drama",5500000,5483299,-0.0030365454545454,6.6,39871.0,en,"Wild Bunch, Worldview Entertainment, Double Feature Films",8.71,1,1,1,0,0,0,0,1,0,0,1,0,0,0,0,0,0,0,0,0,0,0,0,0,0,,,
tt2870756,Magic in the Moonlight,2014,97.0,"Comedy,Drama,Romance",16800000,51029361,2.0374619642857144,6.5,73946.0,en,"Perdido Productions, Harbor Picture Company, Gravier Productions",11.255,1,1,1,0,0,0,0,1,0,0,1,0,0,0,0,0,0,0,0,1,0,0,0,0,0,,,
tt2872718,Nightcrawler,2014,117.0,"Crime,Drama,Thriller",8500000,50300000,4.91764705882353,7.8,679101.0,en,"Sierra/Affinity, Bold Films",44.274,0,1,1,0,0,0,0,0,1,0,1,0,0,0,0,0,0,0,0,0,0,0,1,0,0,,,
tt2872732,Lucy,2014,89.0,"Action,Sci-Fi,Thriller",40000000,458863600,10.47159,6.4,584785.0,en,"EuropaCorp, Canal+, Ciné+, TF1 Films Production",33.913,1,1,1,1,0,0,0,0,0,0,0,0,0,0,0,0,0,0,0,0,1,0,1,0,0,,,
tt2883434,Black or White,2014,121.0,Drama,9000000,21571189,1.3967987777777775,6.7,14591.0,en,Treehouse Pictures,8.451,1,1,1,0,0,0,0,0,0,0,1,0,0,0,0,0,0,0,0,0,0,0,0,0,0,,,
tt2883512,Chef,2014,114.0,"Adventure,Comedy,Drama",11000000,45967935,3.178903181818182,7.3,253519.0,en,"Altus Media, Fairview Entertainment, Prescience",20.584,1,1,1,0,1,0,0,1,0,0,1,0,0,0,0,0,0,0,0,0,0,0,0,0,0,,,
tt2891174,99 Homes,2014,112.0,"Crime,Drama",8000000,1411927,-0.823509125,7.1,41943.0,en,"Noruz Films, Hyde Park Films",12.223,1,1,1,0,0,0,0,0,1,0,1,0,0,0,0,0,0,0,0,0,0,0,0,0,0,,,
tt2893490,Manglehorn,2014,97.0,Drama,4000000,143101,-0.96422475,5.5,8465.0,en,Worldview Entertainment,8.573,1,1,1,0,0,0,0,0,0,0,1,0,0,0,0,0,0,0,0,0,0,0,0,0,0,,,
tt2908856,My Old Lady,2014,107.0,"Comedy,Drama,Romance",5000000,7527232,0.5054464,6.4,11008.0,en,"Deux Chevaux Films, Cohen Media Group, BBC Film, Krasnoff / Foster Entertainment, Protagonist Pictures",9.232,1,1,1,0,0,0,0,1,0,0,1,0,0,0,0,0,0,0,0,1,0,0,0,0,0,,,
tt2910814,The Signal,2014,97.0,"Drama,Mystery,Sci-Fi",4000000,2665322,-0.3336695,6.0,73386.0,en,"Signal Film Group, Low Spark Films, Automatik Entertainment, Focus Features",10.797,1,1,1,0,0,0,0,0,0,0,1,0,0,0,0,0,0,1,0,0,1,0,0,0,0,,,
tt2911666,John Wick,2014,101.0,"Action,Crime,Thriller",20000000,88761661,3.43808305,7.5,838534.0,en,"87Eleven, DefyNite Films, MJW Films, Thunder Road",55.739,0,1,1,1,0,0,0,0,1,0,0,0,0,0,0,0,0,0,0,0,0,0,1,0,0,,,
tt2929690,Margarita with a Straw,2014,100.0,Drama,900000,1000000,0.1111111111111111,7.2,4355.0,hi,Viacom18 Studios,6.206,1,1,1,0,0,0,0,0,0,0,1,0,0,0,0,0,0,0,0,0,0,0,0,0,0,,,
tt2933544,5 Flights Up,2014,88.0,"Comedy,Drama",6000000,1020921,-0.8298465,6.2,12005.0,en,"Revelations Entertainment, Lascaux Films, Latitude Productions",10.906,1,1,1,0,0,0,0,1,0,0,1,0,0,0,0,0,0,0,0,0,0,0,0,0,0,,,
tt2937898,A Most Violent Year,2014,125.0,"Crime,Drama,Thriller",20000000,12007070,-0.3996465,6.9,82216.0,en,"Participant, Imagenation Abu Dhabi FZ, FilmNation Entertainment, Before the Door Pictures, Washington Square Films, Old Bull Pictures, CounterNarrative Films",21.952,1,1,1,0,0,0,0,0,1,0,1,0,0,0,0,0,0,0,0,0,0,0,1,0,0,,,
tt2952602,Kung Fu Jungle,2014,100.0,"Action,Crime,Thriller",25000000,129115,-0.9948354,6.4,12958.0,cn,"Heart & Soul Production, Beijing Silver Moon Productions, JCE Movies",14.916,1,1,1,1,0,0,0,0,1,0,0,0,0,0,0,0,0,0,0,0,0,0,1,0,0,,,
tt2955096,Happy Christmas,2014,82.0,"Comedy,Drama",70000,30312,-0.5669714285714286,5.3,9529.0,en,"Lucky Coffee Productions, Tiki Bar Films",6.316,1,1,1,0,0,0,0,1,0,0,1,0,0,0,0,0,0,0,0,0,0,0,0,0,0,,,
tt2955316,Spanish Affair,2014,98.0,"Comedy,Romance",3000000,78768613,25.256204333333333,6.5,19964.0,es,"Lazonafilms, Kowalski Films, Telecinco Cinema",9.375,1,1,1,0,0,0,0,1,0,0,0,0,0,0,0,0,0,0,0,1,0,0,0,0,0,,,
tt2975578,The Purge: Anarchy,2014,103.0,"Action,Horror,Sci-Fi",9000000,111928365,11.436485,6.4,173934.0,en,"Why Not Productions, Platinum Dunes, Blumhouse Productions, 5150 Action, Universal Pictures",36.694,1,1,1,1,0,0,0,0,0,0,0,0,0,0,1,0,0,0,0,0,1,0,0,0,0,,,
tt2978462,Dolphin Tale 2,2014,107.0,"Drama,Family",36000000,52424533,0.4562370277777778,6.4,10373.0,en,"Alcon Entertainment, Boxing Cat Films, Color Force, St. Petersburg Clearwater Film Commision",12.655,1,1,1,0,0,0,0,0,0,0,1,1,0,0,0,0,0,0,0,0,0,0,0,0,0,,,
tt2980516,The Theory of Everything,2014,123.0,"Biography,Drama,Romance",15000000,123726688,7.248445866666667,7.7,510189.0,en,Working Title Films,20.867,1,1,1,0,0,0,1,0,0,0,1,0,0,0,0,0,0,0,0,1,0,0,0,0,0,,,
tt2980592,The Guest,2014,100.0,"Action,Mystery,Thriller",5000000,2700051,-0.4599898,6.7,115290.0,en,"HanWay Films, Snoot Entertainment",17.895,1,1,1,1,0,0,0,0,0,0,0,0,0,0,0,0,0,1,0,0,0,0,1,0,0,,,
tt2980648,The Hundred-Foot Journey,2014,122.0,"Comedy,Drama",22000000,89514453,3.068838772727273,7.3,91855.0,en,"Amblin Entertainment, Harpo Films, Participant, Imagenation Abu Dhabi FZ, Reliance Entertainment, Touchstone Pictures, DreamWorks Pictures",17.089,1,1,1,0,0,0,0,1,0,0,1,0,0,0,0,0,0,0,0,0,0,0,0,0,0,,,
tt2980706,Planes: Fire & Rescue,2014,83.0,"Adventure,Animation,Comedy",50000000,151165787,2.02331574,5.9,22180.0,en,"Disney Television Animation, Prana Animation Studios, DisneyToon Studios, Walt Disney Pictures, Prana Studios",18.414,1,1,1,0,1,1,0,1,0,0,0,0,0,0,0,0,0,0,0,0,0,0,0,0,0,,,
tt2994190,Camp X-Ray,2014,117.0,"Drama,War",1000000,59744,-0.940256,6.8,44550.0,en,"Young Gang, Gotham Group, Upload Films, GNK Productions, Rough House Pictures",15.367,1,1,1,0,0,0,0,0,0,0,1,0,0,0,0,0,0,0,0,0,0,0,0,1,0,,,
tt2995992,Aaha Kalyanam,2014,142.0,"Comedy,Romance",1500000,6500000,3.333333333333333,5.8,651.0,ta,Yash Raj Films,1.369,0,1,1,0,0,0,0,1,0,0,0,0,0,0,0,0,0,0,0,1,0,0,0,0,0,,,
tt3001638,Mary Kom,2014,122.0,"Action,Biography,Drama",224056,15536328,68.34127182490091,6.8,12212.0,hi,"Viacom18 Studios, Bhansali Productions, Bhansali Productions",5.992,0,0,1,1,0,0,1,0,0,0,1,0,0,0,0,0,0,0,0,0,0,0,0,0,0,,,
tt3007512,The Water Diviner,2014,111.0,"Drama,History,War",22500000,15520023,-0.3102212,7.0,81312.0,en,"Fear of God Films, Hopscotch Features",12.358,1,1,1,0,0,0,0,0,0,0,1,0,0,1,0,0,0,0,0,0,0,0,0,1,0,,,
tt3011894,Wild Tales,2014,122.0,"Comedy,Drama,Thriller",4000000,27007072,5.751768,8.1,240989.0,es,"Warner Bros. Pictures, El Deseo, K & S Films, Telefe, INCAA, ICAA, Warner Bros. Entertainment España",15.063,1,1,1,0,0,0,0,1,0,0,1,0,0,0,0,0,0,0,0,0,0,0,1,0,0,,,
tt3013602,Babysitting,2014,85.0,Comedy,3400000,20258904,4.958501176470588,6.8,13808.0,fr,"La Banque Postale Image 7, Axel Films, Madame Films, Cinéfrance 1888, Good Lap Production, Universal Pictures International (UPI)",9.551,1,1,1,0,0,0,0,1,0,0,0,0,0,0,0,0,0,0,0,0,0,0,0,0,0,,,
tt3014666,Moms' Night Out,2014,98.0,Comedy,5000000,10429707,1.0859414,5.3,15132.0,en,"TriStar Pictures, Provident Films, Pure Flix Entertainment, Affirm Films, FourBoys Entertainment",10.675,1,1,1,0,0,0,0,1,0,0,0,0,0,0,0,0,0,0,0,0,0,0,0,0,0,,,
tt3037582,The Guide,2014,122.0,"Drama,History",722083,499168,-0.3087110484528786,7.6,3736.0,uk,Pronto Film,2.671,1,1,1,0,0,0,0,0,0,0,1,0,0,1,0,0,0,0,0,0,0,0,0,0,0,,,
tt3078296,The Invisible Boy,2014,100.0,"Action,Adventure,Comedy",8000000,5216102,-0.34798725,6.2,4744.0,it,"Media Programme of the European Community, Indigo Film, Babe Film, Faso Film, Friuli Venezia Giulia Film Commission, Regione Lazio, Fonds Eurimages du Conseil de l'Europe, MiC, RAI",9.845,1,1,1,1,1,0,0,1,0,0,0,0,0,0,0,0,0,0,0,0,0,0,0,0,0,,,
tt3095464,Agnee,2014,124.0,Action,31600,45000,0.4240506329113924,6.5,1185.0,bn,Jaaz Multimedia,1.804,1,1,1,1,0,0,0,0,0,0,0,0,0,0,0,0,0,0,0,0,0,0,0,0,0,,,
tt3098306,French Women,2014,116.0,"Comedy,Romance",5000000,12058187,1.4116374,5.3,2514.0,fr,Fidélité Films,8.066,1,1,1,0,0,0,0,1,0,0,0,0,0,0,0,0,0,0,0,1,0,0,0,0,0,,,
tt3099498,Tusk,2014,102.0,"Comedy,Horror",3000000,1882074,-0.372642,5.4,74711.0,en,"Phase 4 Films, Demarest Films, SModcast Pictures",18.692,1,1,1,0,0,0,0,1,0,0,0,0,0,0,1,0,0,0,0,0,0,0,0,0,0,,,
tt3102440,Børning,2014,89.0,"Action,Comedy",25000000,6015494,-0.75938024,6.2,5740.0,no,"Filmkameratene, Sweet Films, SF Studios, Broadmedia Studios, Studio Hamburg Enterprises, Gimpville AS, Kulturnæringsstiftelsen SB1 Nord Norge, Storyline Studios, Filmfond Nord, Drylab, KOCH MEDIA SRL, Koch Media, YLE",8.007,1,1,1,1,0,0,0,1,0,0,0,0,0,0,0,0,0,0,0,0,0,0,0,0,0,,,
tt3122174,An Odd Evening in April,2014,,"Comedy,Romance",480334,250000,-0.4795288278572826,5.0,61.0,es,"Ministerio de Cultura Perú, Big Bang Films",1.214,1,1,1,0,0,0,0,1,0,0,0,0,0,0,0,0,0,0,0,1,0,0,0,0,0,,,
tt3125324,Beyond the Lights,2014,116.0,"Drama,Music,Romance",7000000,14618727,1.0883895714285714,6.8,18324.0,en,"Black Entertainment Television (BET), Relativity Media, Relativity Sports, Undisputed Cinema, Homegrown Pictures",10.129,1,1,1,0,0,0,0,0,0,0,1,0,0,0,0,1,0,0,0,1,0,0,0,0,0,,,
tt3129656,Bamse and the Thief City,2014,66.0,"Adventure,Animation,Comedy",3377382,4201541,0.244023033225143,6.1,897.0,sv,"Film i Väst, Tre Vänner, Slugger Film, Bamse Förlaget, Nordisk Film Sweden, SVT",2.591,1,1,1,0,1,1,0,1,0,0,0,0,0,0,0,0,0,0,0,0,0,0,0,0,0,,,
tt3130598,For Love or Money,2014,80.0,Comedy,500000,9960000,18.92,6.8,40.0,en,JeCaryous Johnson Entertainment,0.912,1,1,1,0,0,0,0,1,0,0,0,0,0,0,0,0,0,0,0,0,0,0,0,0,0,,,
tt3142232,Heropanti,2014,146.0,"Action,Drama,Romance",4200000,10000000,1.380952380952381,5.2,11726.0,hi,Nadiadwala Grandson Entertainment,4.439,1,1,0,1,0,0,0,0,0,0,1,0,0,0,0,0,0,0,0,1,0,0,0,0,0,,,
tt3170972,Hazard Jack,2014,82.0,"Horror,Thriller",30000,8000,-0.7333333333333333,2.7,676.0,en,First Look Media,3.129,1,1,0,0,0,0,0,0,0,0,0,0,0,0,1,0,0,0,0,0,0,0,1,0,0,,,
tt3175888,Dukhtar,2014,93.0,"Drama,Thriller",46000,120000,1.608695652173913,6.9,2561.0,ur,"Zambeel Films, The Crew Films",3.124,1,1,1,0,0,0,0,0,0,0,1,0,0,0,0,0,0,0,0,0,0,0,1,0,0,,,
tt3177316,Honeymoon,2014,87.0,"Drama,Fantasy,Horror",1000000,9318,-0.990682,5.7,28734.0,en,Fewlas Entertainment,7.526,0,0,1,0,0,0,0,0,0,0,1,0,1,0,1,0,0,0,0,0,0,0,0,0,0,,,
tt3202098,Lou! Journal infime,2014,104.0,Comedy,6113859,1581125,-0.741386741172801,6.1,716.0,fr,"StudioCanal, Move Movie, Mother Production",5.362,0,1,1,0,0,0,0,1,0,0,0,0,0,0,0,0,0,0,0,0,0,0,0,0,0,,,
tt3202120,Barbecue,2014,98.0,Comedy,6000000,14348529,1.3914215,6.1,3539.0,fr,"Cinéfrance 1888, Same Player, StudioCanal, TF1 Films Production",7.279,1,1,1,0,0,0,0,1,0,0,0,0,0,0,0,0,0,0,0,0,0,0,0,0,0,,,
tt3210686,Son of God,2014,138.0,"Biography,Drama,History",22000000,67800064,2.081821090909091,5.8,20492.0,en,"Hearst Entertainment Productions, LightWorkers Media, 20th Century Fox",17.406,1,1,1,0,0,0,1,0,0,0,1,0,0,1,0,0,0,0,0,0,0,0,0,0,0,,,
tt3235888,It Follows,2014,100.0,"Horror,Mystery,Thriller",2000000,14674076,6.337038,6.8,303504.0,en,"Two Flints, Northern Lights Films, Animal Kingdom",35.095,1,1,1,0,0,0,0,0,0,0,0,0,0,0,1,0,0,1,0,0,0,0,1,0,0,,,
tt3253930,Marshland,2014,105.0,"Crime,Mystery,Thriller",4000000,5169755,0.29243875,7.2,39335.0,es,"Sacromonte Films, Atresmedia, Atípica Films",10.422,1,1,1,0,0,0,0,0,1,0,0,0,0,0,0,0,0,1,0,0,0,0,1,0,0,,,
tt3259320,Flight from Hell,2014,86.0,"Action,Adventure,Fantasy",10000000,5900000,-0.41,3.4,387.0,en,"Ci Wen Media, Media Asia Distribution, SMG Pictures",2.126,0,1,1,1,1,0,0,0,0,0,0,0,1,0,0,0,0,0,0,0,0,0,0,0,0,,,
tt3261302,Dinosaur Island,2014,82.0,"Adventure,Family,Sci-Fi",12000000,39296,-0.9967253333333334,3.7,2283.0,en,Extinct Production,9.971,0,0,0,0,1,0,0,0,0,0,0,1,0,0,0,0,0,0,0,0,1,0,0,0,0,,,
tt3266724,Black Rose,2014,83.0,"Action,Crime,Drama",7000000,855450,-0.8777928571428572,2.9,2805.0,en,"Czar Pictures, Hollywood Storm",4.295,0,1,1,1,0,0,0,0,1,0,1,0,0,0,0,0,0,0,0,0,0,0,0,0,0,,,
tt3274728,Startap,2014,92.0,"Biography,Drama",2000000,168604,-0.915698,4.6,200.0,ru,"Danais Film, Invada Film, Paradise Production Center",0.91,1,1,1,0,0,0,1,0,0,0,1,0,0,0,0,0,0,0,0,0,0,0,0,0,0,,,
tt3284618,Pane e burlesque,2014,86.0,Comedy,2000000,319180,-0.84041,5.1,222.0,it,"Italian International Film, BNL – Gruppo BNP Paribas, Aliante, MiC, Apulia Film Commission, RAI",4.637,0,1,1,0,0,0,0,1,0,0,0,0,0,0,0,0,0,0,0,0,0,0,0,0,0,,,
tt3298690,Dubrovskiy,2014,123.0,Drama,2500000,1677946,-0.3288216,5.2,377.0,ru,TVINDIE Film Production,1.4,1,1,1,0,0,0,0,0,0,0,1,0,0,0,0,0,0,0,0,0,0,0,0,0,0,,,
tt3316960,Still Alice,2014,101.0,Drama,5000000,44779195,7.955839,7.5,151497.0,en,"Shriver Films, Killer Films, Big Indie Pictures, BSM Studio, Lutzus-Brown, Backup Media, Sony Pictures Classics",14.606,1,1,1,0,0,0,0,0,0,0,1,0,0,0,0,0,0,0,0,0,0,0,0,0,0,,,
tt3320542,Ugramm,2014,132.0,"Action,Crime,Drama",564155,4231162,6.499999113718747,8.0,7681.0,kn,,2.03,0,0,1,1,0,0,0,0,1,0,1,0,0,0,0,0,0,0,0,0,0,0,0,0,0,,,
tt3320578,Veeram,2014,161.0,"Action,Comedy,Drama",5900000,19000000,2.220338983050848,6.5,9527.0,ta,Vijaya Productions,3.476,1,1,1,1,0,0,0,1,0,0,1,0,0,0,0,0,0,0,0,0,0,0,0,0,0,,,
tt3321428,Torrente 5: Operation Eurovegas,2014,105.0,"Action,Comedy",9272437,11672363,0.2588236512148856,5.3,5280.0,es,"Amiguetes Entertainment, Atresmedia, Telefónica Studios",8.024,1,1,1,1,0,0,0,1,0,0,0,0,0,0,0,0,0,0,0,0,0,0,0,0,0,,,
tt3322940,Annabelle,2014,99.0,"Horror,Mystery,Thriller",6500000,257047661,38.545794,5.5,198588.0,en,"Atomic Monster, New Line Cinema, The Safran Company, Evergreen Media Group, RatPac Entertainment, Warner Bros. Pictures",44.87,1,1,1,0,0,0,0,0,0,0,0,0,0,0,1,0,0,1,0,0,0,0,1,0,0,,,
tt3331846,Stand by Me Doraemon,2014,95.0,"Animation,Comedy,Drama",35000000,83061158,1.3731759428571428,7.4,11325.0,ja,"TOHO, Shirogumi, Robot Communications, Shin-Ei Animation",77.442,1,1,1,0,0,1,0,1,0,0,1,0,0,0,0,0,0,0,0,0,0,0,0,0,0,,,
tt3345952,Antidote,2014,125.0,"Action,Crime,Drama",500000,446619,-0.106762,6.9,4264.0,tr,"Insignia Productions, CaglarArts Entertainment",2.984,1,1,1,1,0,0,0,0,1,0,1,0,0,0,0,0,0,0,0,0,0,0,0,0,0,,,
tt3390572,Haider,2014,160.0,"Action,Crime,Drama",7000000,11500000,0.6428571428571429,8.0,61563.0,hi,"Vishal Bhardwaj Pictures, UTV Motion Pictures",10.099,1,1,1,1,0,0,0,0,1,0,1,0,0,0,0,0,0,0,0,0,0,0,0,0,0,,,
tt3398066,Christian Mingle,2014,103.0,"Comedy,Drama,Family",650000,25480,-0.9608,4.2,2061.0,en,"Home Theater Films, Rocky Mountain Picture",4.272,1,1,1,0,0,0,0,1,0,0,1,1,0,0,0,0,0,0,0,0,0,0,0,0,0,,,
tt3399024,Samba,2014,118.0,"Comedy,Drama,Romance",20000000,151530,-0.9924235,6.7,18069.0,fr,"Ten Films, Gaumont, Quad Productions",10.309,1,1,1,0,0,0,0,1,0,0,1,0,0,0,0,0,0,0,0,1,0,0,0,0,0,,,
tt3416742,What We Do in the Shadows,2014,86.0,"Comedy,Horror,Thriller",1600000,6263224,2.914515,7.6,215369.0,en,"Unison Films, Defender Films, Funny or Die, New Zealand Film Commission, Resnick Interactive Development",14.341,1,1,1,0,0,0,0,1,0,0,0,0,0,0,1,0,0,0,0,0,0,0,1,0,0,,,
tt3433074,Mrs. Brown's Boys D'Movie,2014,94.0,Comedy,5900000,23000000,2.8983050847457625,4.2,5738.0,en,"BBC Film, That's Nice Films, BocFlix",4.139,1,1,1,0,0,0,0,1,0,0,0,0,0,0,0,0,0,0,0,0,0,0,0,0,0,,,
tt3438354,I Can Quit Whenever I Want,2014,100.0,"Comedy,Crime",2000000,54606,-0.972697,7.0,10363.0,it,"Ascent Film, Fandango, RAI Cinema",6.514,1,1,1,0,0,0,0,1,1,0,0,0,0,0,0,0,0,0,0,0,0,0,0,0,0,,,
tt3442006,Cake,2014,102.0,Drama,7000000,2360281,-0.662817,6.4,40351.0,en,"We're Not Brothers Productions, Cinelou Films, Echo Films",17.756,1,1,1,0,0,0,0,0,0,0,1,0,0,0,0,0,0,0,0,0,0,0,0,0,0,,,
tt3451498,Faster Than Rabbits,2014,99.0,Comedy,3000000,5279982,0.759994,6.1,1374.0,ru,Strela,1.826,1,1,1,0,0,0,0,1,0,0,0,0,0,0,0,0,0,0,0,0,0,0,0,0,0,,,
tt3454030,No More Nights and No More Days,2014,45.0,"Drama,Romance",1500,7000,3.6666666666666665,,,en,Laterna Magica Film,0.6,0,0,0,0,0,0,0,0,0,0,1,0,0,0,0,0,0,0,0,1,0,0,0,0,0,,,
tt3485166,The Pirates,2014,130.0,"Action,Adventure,Comedy",13000000,64400000,3.953846153846154,6.5,5028.0,ko,"Lotte Entertainment, Harimao Pictures, Cinedigm",9.716,1,1,1,1,1,0,0,1,0,0,0,0,0,0,0,0,0,0,0,0,0,0,0,0,0,,,
tt3495000,Mardaani,2014,113.0,"Action,Crime,Drama",2121476,7557761,2.562501296267316,7.3,15780.0,hi,Yash Raj Films,5.813,1,1,1,1,0,0,0,0,1,0,1,0,0,0,0,0,0,0,0,0,0,0,0,0,0,,,
tt3501994,Hawaa Hawaai,2014,120.0,"Drama,Family,Sport",1460000,1505000,0.0308219178082191,7.3,1932.0,hi,"Star Studios, Amole Gupte Cinema",0.84,1,1,1,0,0,0,0,0,0,0,1,1,0,0,0,0,0,0,0,0,0,1,0,0,0,,,
tt3507794,The City of Mice 2,2014,100.0,"Adventure,Comedy,Family",2500000,4000000,0.6,6.2,503.0,fa,,0.712,1,1,1,0,1,0,0,1,0,0,0,1,0,0,0,0,0,0,0,0,0,0,0,0,0,,,
tt3508112,I'm Not Angry!,2014,110.0,"Drama,Romance",10000,100000,9.0,6.7,3539.0,fa,Filmiran,0.834,1,1,1,0,0,0,0,0,0,0,1,0,0,0,0,0,0,0,0,1,0,0,0,0,0,,,
tt3510520,Negar's Role,2014,105.0,Drama,100000,100000,0.0,4.7,184.0,fa,Shokufa Film,0.6,1,1,1,0,0,0,0,0,0,0,1,0,0,0,0,0,0,0,0,0,0,0,0,0,0,,,
tt3517192,Ohm Shanthi Oshaana,2014,136.0,"Comedy,Romance",220000,1500000,5.818181818181818,7.7,7216.0,ml,Ananya Films,3.137,0,0,1,0,0,0,0,1,0,0,0,0,0,0,0,0,0,0,0,1,0,0,0,0,0,,,
tt3521228,The Lion Men,2014,130.0,Comedy,3200000,1668380,-0.47863125,6.3,94.0,zh,"J Team Productions, MM2 Entertainment",1.553,1,1,1,0,0,0,0,1,0,0,0,0,0,0,0,0,0,0,0,0,0,0,0,0,0,,,
tt3524530,Comic 8,2014,106.0,"Action,Comedy,Crime",416000,2822761,5.785483173076923,6.8,1219.0,id,"NHK Enterprises, Falcon Pictures",1.553,1,0,0,1,0,0,0,1,1,0,0,0,0,0,0,0,0,0,0,0,0,0,0,0,0,,,
tt3526408,Yellowbird,2014,90.0,"Adventure,Animation,Comedy",6443990,3790114,-0.4118373864639765,5.5,1981.0,en,"TeamTO, Haut et Court, Panache Productions, Compagnie Française Cinématographique (CFC)",7.766,1,1,1,0,1,1,0,1,0,0,0,0,0,0,0,0,0,0,0,0,0,0,0,0,0,,,
tt3529612,River of Fundament,2014,319.0,"Drama,Music",5000000,44840,-0.991032,5.9,393.0,en,,4.739,1,1,0,0,0,0,0,0,0,0,1,0,0,0,0,1,0,0,0,0,0,0,0,0,0,,,
tt3541262,The Admiral: Roaring Currents,2014,128.0,"Action,Drama,History",9500000,112156811,10.805980105263158,7.1,14233.0,ko,"Big Stone Pictures, CJ Entertainment",14.167,1,1,1,1,0,0,0,0,0,0,1,0,0,1,0,0,0,0,0,0,0,0,0,0,0,,,
tt3565264,Thegidi,2014,126.0,"Crime,Mystery,Thriller",404000,1100000,1.7227722772277227,7.6,3371.0,ta,Thirukumaran Entertainment,2.595,0,0,1,0,0,0,0,0,1,0,0,0,0,0,0,0,0,1,0,0,0,0,1,0,0,,,
tt3565354,Karar: The Deal,2014,115.0,Thriller,130138,202593,0.5567551368547234,4.2,84.0,hi,,0.6,0,0,1,0,0,0,0,0,0,0,0,0,0,0,0,0,0,0,0,0,0,0,1,0,0,,,
tt3569356,Not Cool,2014,93.0,"Comedy,Drama,Romance",800000,36026,-0.9549675,3.5,6089.0,en,"Steeltown Entertainment, Point Park University, Shaderville",4.536,1,0,1,0,0,0,0,1,0,0,1,0,0,0,0,0,0,0,0,1,0,0,0,0,0,,,
tt3569788,Naan Sigappu Manithan,2014,149.0,"Action,Crime,Drama",1200000,2800000,1.3333333333333333,6.5,1298.0,ta,"UTV Motion Pictures, Vishal Film Factory",1.911,1,1,1,1,0,0,0,0,1,0,1,0,0,0,0,0,0,0,0,0,0,0,0,0,0,,,
tt3591984,The Postman's White Nights,2014,100.0,Drama,1409700,42491,-0.9698581258423778,7.0,2247.0,ru,Production Center of Andrei Konchalovsky,3.288,1,1,1,0,0,0,0,0,0,0,1,0,0,0,0,0,0,0,0,0,0,0,0,0,0,,,
tt3607198,Punjab 1984,2014,159.0,"Drama,Family,History",840700,3710000,3.412989175686928,8.3,3119.0,pa,,2.997,1,1,1,0,0,0,0,0,0,0,1,1,0,1,0,0,0,0,0,0,0,0,0,0,0,,,
tt3612616,Mommy,2014,139.0,Drama,4900000,3494070,-0.2869244897959184,8.0,66045.0,fr,"Metafilms, Sons of Manual",16.999,1,1,1,0,0,0,0,0,0,0,1,0,0,0,0,0,0,0,0,0,0,0,0,0,0,,,
tt3619772,Hate Story 2,2014,130.0,"Drama,Thriller",2300000,4600000,1.0,4.4,2668.0,hi,T-Series,7.351,1,1,1,0,0,0,0,0,0,0,1,0,0,0,0,0,0,0,0,0,0,0,1,0,0,,,
tt3619854,Creature,2014,134.0,"Action,Horror,Sci-Fi",33000000,42000000,0.2727272727272727,3.3,1882.0,hi,T-Series,2.235,1,1,1,1,0,0,0,0,0,0,0,0,0,0,1,0,0,0,0,0,1,0,0,0,0,,,
tt3621288,To Talk of the Devil,2014,82.0,"Comedy,Sci-Fi",2153912,4864560,1.2584766694275349,4.8,541.0,ru,Enjoy Movies,2.715,1,1,1,0,0,0,0,1,0,0,0,0,0,0,0,0,0,0,0,0,1,0,0,0,0,,,
tt3668162,Bangalore Days,2014,171.0,"Comedy,Drama,Musical",7400000,1300000,-0.8243243243243243,8.3,28598.0,ml,"Weekend Blockbusters, Anwar Rasheed Entertainments",5.74,1,1,1,0,0,0,0,1,0,0,1,0,0,0,0,0,1,0,0,0,0,0,0,0,0,,,
tt3674116,Ring Master,2014,155.0,"Drama,Romance",1400000,3700000,1.6428571428571428,5.0,783.0,ml,Vaishaka Movies,2.627,1,1,1,0,0,0,0,0,0,0,1,0,0,0,0,0,0,0,0,1,0,0,0,0,0,,,
tt3703498,Salem: His Sister's Father,2014,99.0,"Comedy,Drama",800000,100000,-0.875,3.1,155.0,ar,Sobkey Films,0.795,1,1,1,0,0,0,0,1,0,0,1,0,0,0,0,0,0,0,0,0,0,0,0,0,0,,,
tt3711466,Kukhnya v Parizhe,2014,106.0,"Comedy,Romance",2300000,13969785,5.073819565217391,6.8,3251.0,ru,"Central Partnership, Yellow, Black & White",6.207,1,1,1,0,0,0,0,1,0,0,0,0,0,0,0,0,0,0,0,1,0,0,0,0,0,,,
tt3713166,Unfriended,2014,83.0,"Drama,Fantasy,Horror",1000000,62882090,61.88209,5.6,88119.0,en,"Blumhouse Productions, Bazelevs Entertainment",13.556,1,1,1,0,0,0,0,0,0,0,1,0,1,0,1,0,0,0,0,0,0,0,0,0,0,,,
tt3717532,The Last: Naruto the Movie,2014,112.0,"Action,Adventure,Animation",903852,19840000,20.950496320194013,7.6,21145.0,ja,Aniplex,41.554,1,1,1,1,1,1,0,0,0,0,0,0,0,0,0,0,0,0,0,0,0,0,0,0,0,,,
tt3718062,Scribblers,2014,84.0,Comedy,4000000,429098,-0.8927255,1.3,210.0,ru,rastoropsa,1.551,1,0,1,0,0,0,0,1,0,0,0,0,0,0,0,0,0,0,0,0,0,0,0,0,0,,,
tt3719198,Lamp 100,2014,90.0,Drama,15000,50000,2.333333333333333,5.3,324.0,fa,sooreh co,0.881,1,1,1,0,0,0,0,0,0,0,1,0,0,0,0,0,0,0,0,0,0,0,0,0,0,,,
tt3726166,The Stranger,2014,84.0,Drama,10000,10000,0.0,5.1,277.0,fa,,0.6,1,1,1,0,0,0,0,0,0,0,1,0,0,0,0,0,0,0,0,0,0,0,0,0,0,,,
tt3729920,The Disappearance of Eleanor Rigby: Them,2014,123.0,"Drama,Romance",3000000,1448076,-0.517308,6.3,13701.0,en,"Myriad Pictures, Unison Films, Kim and Jim Productions, Division Films, Dreambridge Films",12.92,1,1,1,0,0,0,0,0,0,0,1,0,0,0,0,0,0,0,0,1,0,0,0,0,0,,,
tt3740152,The System,2014,,"Action,Crime,Drama",500000,290000,-0.42,5.7,249.0,ur,Leos Productions,1.7,0,1,1,1,0,0,0,0,1,0,1,0,0,0,0,0,0,0,0,0,0,0,0,0,0,,,
tt3751126,Sming,2014,105.0,"Action,Drama,Horror",15000000,89038,-0.9940641333333332,4.4,173.0,th,Fast Time Motion Pictures,1.405,0,0,0,1,0,0,0,0,0,0,1,0,0,0,1,0,0,0,0,0,0,0,0,0,0,,,
tt3759416,Astérix: The Mansions of the Gods,2014,85.0,"Adventure,Animation,Comedy",30000000,42830578,0.4276859333333333,6.9,17167.0,fr,"Canal+, M6 Films, M6 Studio, Belvision, Mikros Image, Ciné+, M6, SNC, W9, CNC, Grid Animation",17.891,1,1,1,0,1,1,0,1,0,0,0,0,0,0,0,0,0,0,0,0,0,0,0,0,0,,,
tt3788918,Angels,2014,120.0,"Crime,Drama,Mystery",300000,400000,0.3333333333333333,6.1,183.0,ml,Cloud4Cinema,1.387,0,0,1,0,0,0,0,0,1,0,1,0,0,0,0,0,0,1,0,0,0,0,0,0,0,,,
tt3789946,"Mummy, I'm A Zombie",2014,82.0,Animation,64319,1000000,14.547505402758128,4.6,341.0,es,"Departamento de Cultura del Gobierno Vasco, Barton Films, Abra Producciones, Ministerio de Cultura España, EiTB, ICEC",3.956,1,1,1,0,0,1,0,0,0,0,0,0,0,0,0,0,0,0,0,0,0,0,0,0,0,,,
tt3790296,Bañeros 4: Los rompeolas,2014,84.0,Comedy,200000,5176467,24.882335,1.4,264.0,es,"Argentina Sono Film, Telefe, INCAA",1.55,1,1,1,0,0,0,0,1,0,0,0,0,0,0,0,0,0,0,0,0,0,0,0,0,0,,,
tt3801252,Na Maloom Afraad,2014,137.0,"Comedy,Crime,Thriller",640000,1400000,1.1875,7.4,4244.0,ur,Filmwala Pictures,0.715,0,0,1,0,0,0,0,1,1,0,0,0,0,0,0,0,0,0,0,0,0,0,1,0,0,,,
tt3822396,Velaiyilla Pattathari,2014,133.0,"Action,Comedy,Drama",1100000,7700000,6.0,7.9,9687.0,ta,Wunderbar Films,3.476,0,0,1,1,0,0,0,1,0,0,1,0,0,0,0,0,0,0,0,0,0,0,0,0,0,,,
tt3826834,Corrections Class,2014,98.0,Drama,1500000,156888,-0.895408,6.9,1340.0,ru,New People Film Company,2.534,1,1,1,0,0,0,0,0,0,0,1,0,0,0,0,0,0,0,0,0,0,0,0,0,0,,,
tt3858372,Mune: Guardian of the Moon,2014,85.0,"Adventure,Animation,Comedy",17000000,15730665,-0.0746667647058823,7.1,8972.0,fr,"Onyx Films, ON Animation Studios, Kinology, Orange Studio",15.698,1,1,1,0,1,1,0,1,0,0,0,0,0,0,0,0,0,0,0,0,0,0,0,0,0,,,
tt3877844,Yolki 1914,2014,106.0,"Comedy,Drama,Family",2426950,12848123,4.293938070417602,4.5,1448.0,ru,Bazelevs Production,2.714,1,1,1,0,0,0,0,1,0,0,1,1,0,0,0,0,0,0,0,0,0,0,0,0,0,,,
tt3885932,Winx Club: The Mystery of the Abyss,2014,83.0,"Action,Adventure,Animation",14905188,5337409,-0.6419093137235169,5.6,1060.0,it,"Rainbow, Nickelodeon Productions, RAI",6.86,1,1,1,1,1,1,0,0,0,0,0,0,0,0,0,0,0,0,0,0,0,0,0,0,0,,,
tt3896016,The Continent,2014,105.0,"Comedy,Drama",7300000,9166810,0.255727397260274,6.3,1999.0,zh,Bona International Film Group,4.753,0,0,1,0,0,0,0,1,0,0,1,0,0,0,0,0,0,0,0,0,0,0,0,0,0,,,
tt3924450,Star,2014,128.0,"Comedy,Drama",1250000,92500,-0.926,7.0,1169.0,ru,"Magnum, Mars Media Entertainment",1.663,1,1,1,0,0,0,0,1,0,0,1,0,0,0,0,0,0,0,0,0,0,0,0,0,0,,,
tt3956396,GazGolder,2014,119.0,Crime,2800000,1782801,-0.3632853571428571,2.6,390.0,ru,Gazgolder,0.856,0,0,1,0,0,0,0,0,1,0,0,0,0,0,0,0,0,0,0,0,0,0,0,0,0,,,
tt3957098,World War III,2014,105.0,"Comedy,Fantasy",1500000,4500000,2.0,6.9,3036.0,ar,El Sobky Films for Cinema Production,1.698,1,1,1,0,0,0,0,1,0,0,0,0,1,0,0,0,0,0,0,0,0,0,0,0,0,,,
tt4009460,Saving Christmas,2014,79.0,"Comedy,Family",500000,2800000,4.6,1.3,17368.0,en,"Provident Films, Camfam Studios, Liberty University",6.203,1,1,1,0,0,0,0,1,0,0,0,1,0,0,0,0,0,0,0,0,0,0,0,0,0,,,
tt4019578,Rege,2014,111.0,"Crime,Drama,Thriller",380000,980000,1.5789473684210529,7.5,566.0,mr,Ravi Jadhav Films,1.276,0,1,1,0,0,0,0,0,1,0,1,0,0,0,0,0,0,0,0,0,0,0,1,0,0,,,
tt4036334,Invisibles,2014,92.0,Drama,800000,8000000,9.0,6.5,30.0,he,,0.744,1,1,1,0,0,0,0,0,0,0,1,0,0,0,0,0,0,0,0,0,0,0,0,0,0,,,
tt4110972,Vellimoonga,2014,129.0,"Comedy,Romance",420000,3700000,7.809523809523809,7.6,2783.0,ml,Bhavana Mediavision,3.363,0,0,1,0,0,0,0,1,0,0,0,0,0,0,0,0,0,0,0,1,0,0,0,0,0,,,
tt4119110,Der letzte Autrag,2014,60.0,Musical,7500,22000,1.933333333333333,8.6,30.0,de,Yaguara Pictures [ve],0.6,1,1,0,0,0,0,0,0,0,0,0,0,0,0,0,0,1,0,0,0,0,0,0,0,0,,,
tt4145848,Pyaar Vali Love Story,2014,133.0,Drama,1400000,940000,-0.3285714285714285,5.6,119.0,en,Balaji Motion Pictures,0.849,1,1,1,0,0,0,0,0,0,0,1,0,0,0,0,0,0,0,0,0,0,0,0,0,0,,,
tt4147572,Polytechnic,2014,139.0,"Comedy,Drama",900000,1200000,0.3333333333333333,4.3,154.0,ml,K N M & Percy Pictures,0.876,1,1,1,0,0,0,0,1,0,0,1,0,0,0,0,0,0,0,0,0,0,0,0,0,0,,,
tt4228746,Zid,2014,126.0,"Crime,Romance,Thriller",1556288,1268395,-0.1849869689928856,4.5,1647.0,hi,,2.388,1,1,1,0,0,0,0,0,1,0,0,0,0,0,0,0,0,0,0,1,0,0,1,0,0,,,
tt4257084,Gaariwala,2014,85.0,"Drama,Family",11810,17715,0.5,7.1,62.0,bn,Impress Telefilm,1.102,1,1,1,0,0,0,0,0,0,0,1,1,0,0,0,0,0,0,0,0,0,0,0,0,0,,,
tt4261452,Manos unidas,2014,106.0,"Documentary,History",150000,50000,-0.6666666666666666,8.9,9.0,es,"Romana Audiovisual, Lunadelsur",0.6,1,1,0,0,0,0,0,0,0,1,0,0,0,1,0,0,0,0,0,0,0,0,0,0,0,,,
tt4265964,Badshahi Angti,2014,109.0,"Adventure,Mystery,Thriller",300000,590000,0.9666666666666668,6.7,1285.0,bn,"SVF Entertainment, Surinder Films",1.247,1,1,1,0,1,0,0,0,0,0,0,0,0,0,0,0,0,1,0,0,0,0,1,0,0,,,
tt4290746,Pisasu,2014,114.0,"Drama,Horror,Mystery",310000,1200000,2.870967741935484,7.5,2692.0,ta,B Studios,2.654,1,1,0,0,0,0,0,0,0,0,1,0,0,0,1,0,0,1,0,0,0,0,0,0,0,,,
tt4293766,Kayal,2014,139.0,Romance,770000,3100000,3.0259740259740258,6.5,480.0,ta,Escape Artists Motion Pictures,1.18,1,1,0,0,0,0,0,0,0,0,0,0,0,0,0,0,0,0,0,1,0,0,0,0,0,,,
tt4345774,The Lies We Tell But the Secrets We Keep: Part 3,2014,120.0,"Action,Drama,Romance",25000,25000,0.0,7.8,47.0,en,,0.6,1,1,1,1,0,0,0,0,0,0,1,0,0,0,0,0,0,0,0,1,0,0,0,0,0,,,
tt4498818,Dreamy,2014,90.0,"Comedy,Drama",100000,100000,0.0,3.5,246.0,fa,,0.6,1,1,1,0,0,0,0,1,0,0,1,0,0,0,0,0,0,0,0,0,0,0,0,0,0,,,
tt4537362,"Kidnapping, Caucasian Style",2014,95.0,Comedy,3500000,179000,-0.9488571428571428,1.2,734.0,ru,"WSB, DreamTeam Media",2.706,1,0,1,0,0,0,0,1,0,0,0,0,0,0,0,0,0,0,0,0,0,0,0,0,0,,,
tt4773112,Bindaas,2014,160.0,"Action,Comedy,Musical",414000,910000,1.1980676328502415,5.0,533.0,bn,SVF Entertainment,1.481,1,1,1,1,0,0,0,1,0,0,0,0,0,0,0,0,1,0,0,0,0,0,0,0,0,,,
tt4901934,Galis: The Journey to Astra,2014,95.0,"Adventure,Drama,Fantasy",1400000,2700000,0.9285714285714286,5.6,51.0,he,,0.632,1,1,0,0,1,0,0,0,0,0,1,0,1,0,0,0,0,0,0,0,0,0,0,0,0,,,
tt5232522,Dandelion,2014,119.0,"Comedy,Drama,Romance",466418,1958955,3.199998713600247,6.2,516.0,vi,"Galaxy Studios, WePro Entertainment",0.6,1,1,1,0,0,0,0,1,0,0,1,0,0,0,0,0,0,0,0,1,0,0,0,0,0,,,
tt5545866,The Legend of Qin,2014,98.0,"Action,Adventure,Animation",5572000,8336207,0.4960888370423546,6.8,59.0,zh,"Beijing Enlight Pictures, Sparkly Key Animation Studio",0.684,1,1,1,1,1,1,0,0,0,0,0,0,0,0,0,0,0,0,0,0,0,0,0,0,0,,,
tt5945888,"Lapis, Ballpen at Diploma, a True to Life Journey",2014,76.0,Drama,3000000,100000,-0.9666666666666668,,,en,,0.6,0,0,1,0,0,0,0,0,0,0,1,0,0,0,0,0,0,0,0,0,0,0,0,0,0,,,
tt9800356,Api Marenne Na,2014,115.0,"Comedy,Drama",50000,20000,-0.6,8.8,6.0,si,"Cinemangani Films, Nilwala Films",0.0286,1,0,1,0,0,0,0,1,0,0,1,0,0,0,0,0,0,0,0,0,0,0,0,0,0,,,
tt0369610,Jurassic World,2015,124.0,"Action,Adventure,Sci-Fi",150000000,1671537444,10.14358296,6.9,736459.0,en,"Amblin Entertainment, Universal Pictures",54.089,1,1,1,1,1,0,0,0,0,0,0,0,0,0,0,0,0,0,0,0,1,0,0,0,0,2.485760447821622,,3.180262152941177
tt0478970,Ant-Man,2015,117.0,"Action,Comedy,Sci-Fi",130000000,519311965,2.994707423076924,7.2,791927.0,en,Marvel Studios,37.692,1,1,1,1,0,0,0,1,0,0,0,0,0,0,0,0,0,0,0,0,1,0,0,0,0,2.6566628032411117,,
tt0810819,The Danish Girl,2015,119.0,"Biography,Drama",15000000,64191523,3.2794348666666666,7.1,207299.0,en,"Pretty Pictures, Working Title Films, Artémis Productions, Shelter Productions, Senator Global Productions, ReVision Pictures",15.865,1,1,1,0,0,0,1,0,0,0,1,0,0,0,0,0,0,0,0,0,0,0,0,0,0,3.5881452099889675,,
tt0884732,The Wedding Ringer,2015,101.0,"Comedy,Romance",23000000,79799880,2.46956,6.6,85450.0,en,"Screen Gems, LStar Capital, Miramax, Will Packer Productions",25.863,1,1,1,0,0,0,0,1,0,0,0,0,0,0,0,0,0,0,0,1,0,0,0,0,0,2.5095088621031136,,
tt1014763,Child 44,2015,137.0,"Crime,Drama,History",50000000,3324330,-0.9335134,6.4,80181.0,en,"Summit Entertainment, Scott Free Productions, Worldview Entertainment",26.41,1,1,1,0,0,0,0,0,1,0,1,0,0,1,0,0,0,0,0,0,0,0,0,0,0,1.5002598396755698,,
tt1018765,Our Brand Is Crisis,2015,107.0,"Comedy,Drama",28000000,7002261,-0.74991925,6.1,24181.0,en,"Participant, Smoke House Pictures",16.681,1,1,1,0,0,0,0,1,0,0,1,0,0,0,0,0,0,0,0,0,0,0,0,0,0,2.320736542691461,-0.9642247500000001,0.897363
tt1029360,Poltergeist,2015,93.0,"Fantasy,Horror,Thriller",35000000,95437994,1.7267998285714286,4.9,64868.0,en,"TSG Entertainment, Ghost House Pictures, Vertigo Entertainment, Metro-Goldwyn-Mayer, Fox 2000 Pictures",29.08,1,1,1,0,0,0,0,0,0,0,0,0,1,0,1,0,0,0,0,0,0,0,1,0,0,6.479046553333569,,
tt1051904,Goosebumps,2015,103.0,"Adventure,Animation,Comedy",58000000,158162788,1.7269446206896553,6.3,103389.0,en,"Original Film, Scholastic Entertainment, Sony Pictures, Columbia Pictures, Village Roadshow Pictures, Sony Pictures Animation",24.932,1,1,1,0,1,1,0,1,0,0,0,0,0,0,0,0,0,0,0,0,0,0,0,0,0,2.438281180503022,,1.8883511
tt1083452,Eddie the Eagle,2015,106.0,"Adventure,Biography,Comedy",23000000,46152411,1.0066265652173914,7.3,108445.0,en,"Studio Babelsberg, Marv Films, Saville Productions",10.414,1,1,1,0,1,0,1,1,0,0,0,0,0,0,0,0,0,0,0,0,0,0,0,0,0,3.1240243796480036,,
tt1135989,A Tale of Love and Darkness,2015,95.0,"Biography,Drama,History",4000000,572212,-0.856947,6.0,4606.0,he,"Handsomecharlie Films, Ram Bergman Productions, Black Bicycle Entertainment, Focus Features",6.705,1,1,1,0,0,0,1,0,0,0,1,0,0,1,0,0,0,0,0,0,0,0,0,0,0,2.729420657194643,,
tt1137470,Accidental Love,2015,100.0,"Comedy,Romance",26000000,24487,-0.9990581923076924,4.1,9670.0,en,"Kjam Media, Persistent Entertainment, Vocal Yokels",9.483,1,1,1,0,0,0,0,1,0,0,0,0,0,0,0,0,0,0,0,1,0,0,0,0,0,2.5095088621031136,,
tt1172049,Demolition,2015,101.0,"Comedy,Drama",10000000,4366460,-0.563354,7.0,138556.0,en,"Sidney Kimmel Entertainment, Mr. Mudd Production, Right of Way Films, Black Label Media",14.679,1,1,1,0,0,0,0,1,0,0,1,0,0,0,0,0,0,0,0,0,0,0,0,0,0,2.320736542691461,2.500102733333333,
tt1178665,A Walk in the Woods,2015,104.0,"Adventure,Biography,Comedy",8000000,37461274,3.68265925,6.4,32559.0,en,"Wildwood Enterprises, Route One Entertainment",9.61,1,1,1,0,1,0,1,1,0,0,0,0,0,0,0,0,0,0,0,0,0,0,0,0,0,3.1240243796480036,,
tt1220911,Animal Kingdom: Let's Go Ape,2015,101.0,"Adventure,Animation,Comedy",37580800,16294916,-0.5664031633174387,4.9,1486.0,fr,"Boréales, Pathé, Kissfilms, M6 Films, Cattleya, uFilm",13.667,0,1,1,0,1,1,0,1,0,0,0,0,0,0,0,0,0,0,0,0,0,0,0,0,0,2.438281180503022,,
tt1226766,The Great Gilly Hopkins,2015,99.0,"Comedy,Drama,Family",5000000,97798,-0.9804404,6.5,5783.0,en,"Arcady Bay Entertainment, Inkling Entertainment",9.341,1,1,1,0,0,0,0,1,0,0,1,1,0,0,0,0,0,0,0,0,0,0,0,0,0,2.0637808870244565,,
tt1243974,Aloha,2015,105.0,"Comedy,Drama,Romance",37000000,26250020,-0.29054,5.4,78480.0,en,"Vinyl Films, Scott Rudin Productions",24.331,1,1,1,0,0,0,0,1,0,0,1,0,0,0,0,0,0,0,0,1,0,0,0,0,0,2.4035010620177757,,
tt1340138,Terminator Genisys,2015,126.0,"Action,Adventure,Sci-Fi",155000000,440603537,1.842603464516129,6.3,309571.0,en,"Skydance, Paramount, Annapurna Pictures",67.345,1,1,1,1,1,0,0,0,0,0,0,0,0,0,0,0,0,0,0,0,1,0,0,0,0,2.485760447821622,,
tt1355683,Black Mass,2015,123.0,"Biography,Crime,Drama",53000000,98837872,0.8648655094339622,6.8,203448.0,en,"Vendian Entertainment, Infinitum Nihil, Head Gear Films, Cross Creek Pictures, Free State Pictures, RatPac Entertainment, Le Grisbi Productions",17.763,1,1,1,0,0,0,1,0,1,0,1,0,0,0,0,0,0,0,0,0,0,0,0,0,0,2.8245376418505175,,0.5983290747191012
tt1365050,Beasts of No Nation,2015,137.0,"Drama,War",6000000,9077700,0.51295,7.7,92089.0,en,"Participant, Red Crown Productions, Bleecker Street",19.827,1,1,0,0,0,0,0,0,0,0,1,0,0,0,0,0,0,0,0,0,0,0,0,1,0,1.239824731903942,,
tt1390411,In the Heart of the Sea,2015,122.0,"Action,Adventure,Biography",100000000,93920758,-0.06079242,6.9,160429.0,en,"Imagine Entertainment, Spring Creek Productions, Roth Films, Kjam Media, Cott Productions, Surf Film, Enelmar Productions, A.I.E., Warner Bros. Pictures, Village Roadshow Pictures",21.081,1,1,1,1,1,0,1,0,0,0,0,0,0,0,0,0,0,0,0,0,0,0,0,0,0,3.249196245864814,,2.1874681475748194
tt1392190,Mad Max: Fury Road,2015,120.0,"Action,Adventure,Sci-Fi",150000000,378858340,1.5257222666666668,8.1,1218577.0,en,"Kennedy Miller Productions, Warner Bros. Pictures, RatPac Entertainment, Village Roadshow Pictures",78.319,1,1,1,1,1,0,0,0,0,0,0,0,0,0,0,0,0,0,0,0,1,0,0,0,0,2.485760447821622,,
tt1398426,Straight Outta Compton,2015,147.0,"Biography,Drama,History",28000000,201634991,6.201249678571428,7.8,235709.0,en,"Broken Chair Flickz, Universal Pictures, Legendary Pictures, New Line Cinema, Cube Vision, Crucial Films, Circle of Confusion, Will Packer Productions, Xenon Pictures",23.209,1,1,1,0,0,0,1,0,0,0,1,0,0,1,0,0,0,0,0,0,0,0,0,0,0,2.729420657194643,,
tt1490785,I Saw the Light,2015,123.0,"Biography,Drama,Music",13000000,1646788,-0.873324,5.8,9113.0,en,"Bron Studios, RatPac Entertainment",11.897,1,1,1,0,0,0,1,0,0,0,1,0,0,0,0,1,0,0,0,0,0,0,0,0,0,2.577318067449355,,
tt1502712,Fantastic Four,2015,100.0,"Action,Adventure,Animation",120000000,167977596,0.3998133,4.3,195007.0,en,"Moving Picture Company, Marvel Entertainment, TSG Entertainment, Marv Films, Genre Films, 20th Century Fox, Constantin Film",35.837,1,1,1,1,1,1,0,0,0,0,0,0,0,0,0,0,0,0,0,0,0,0,0,0,0,2.5634530467198324,,1.9914511
tt1519461,Area 51,2015,91.0,"Horror,Mystery,Sci-Fi",5000000,7556,-0.9984888,4.3,16389.0,en,"Insurge Pictures, Blumhouse Productions, Aramid Entertainment Fund, IM Global, Incentive Filmed Entertainment, Room 101, Solana Films",14.986,1,1,1,0,0,0,0,0,0,0,0,0,0,0,1,0,0,1,0,0,1,0,0,0,0,6.768555117902591,,17.1789924
tt1524575,The Vatican Tapes,2015,91.0,"Horror,Thriller",13000000,1784763,-0.8627105384615384,4.7,19471.0,en,"Lionsgate, Lakeshore Entertainment, H2F Entertainment, Pantelion Films",28.13,1,1,1,0,0,0,0,0,0,0,0,0,0,0,1,0,0,0,0,0,0,0,1,0,0,7.8885199835389255,,
tt1524930,Vacation,2015,99.0,"Adventure,Comedy",31000000,104384188,2.367231870967742,6.2,135608.0,en,"New Line Cinema, BenderSpink, David Dobkin Productions",27.505,1,1,1,0,1,0,0,1,0,0,0,0,0,0,0,0,0,0,0,0,0,0,0,0,0,2.193634090406587,,1.5635799285714285
tt1528854,Daddy's Home,2015,96.0,"Comedy,Family",50000000,242786137,3.85572274,6.2,140479.0,en,"Paramount, Gary Sanchez Productions, Red Granite Pictures",19.515,1,1,1,0,0,0,0,1,0,0,0,1,0,0,0,0,0,0,0,0,0,0,0,0,0,1.9999285996131344,1.5635799285714285,2.4047525892857142
tt1596363,The Big Short,2015,130.0,"Biography,Comedy,Drama",28000000,133346506,3.762375214285714,7.8,546337.0,en,"Plan B Entertainment, Paramount, Regency Enterprises",34.348,1,1,1,0,0,0,1,1,0,0,1,0,0,0,0,0,0,0,0,0,0,0,0,0,0,3.208759347837919,,
tt1617661,Jupiter Ascending,2015,127.0,"Action,Adventure,Romance",176000003,183987723,0.0453847719536686,5.3,202736.0,en,"Anarchos Productions, Village Roadshow Pictures, Dune Entertainment, Warner Bros. Pictures",53.857,1,1,1,1,1,0,0,0,0,0,0,0,0,0,0,0,0,0,0,1,0,0,0,0,0,2.4439379600446705,,
tt1618442,The Last Witch Hunter,2015,106.0,"Action,Adventure,Fantasy",90000000,146936910,0.6326323333333334,5.9,117490.0,en,"NeoReel, Summit Entertainment, Atmosphere Entertainment MM, Goldmann Pictures, Aperture Entertainment, TIK Films, One Race, Lionsgate",27.719,1,1,1,1,1,0,0,0,0,0,0,0,1,0,0,0,0,0,0,0,0,0,0,0,0,2.807627824128821,,2.1017754285714285
tt1638355,The Man from U.N.C.L.E.,2015,116.0,"Action,Adventure,Comedy",75000000,108145109,0.4419347866666667,7.2,359662.0,en,"Wigram Productions, Davis Entertainment, RatPac Entertainment, Warner Bros. Pictures",25.534,1,1,1,1,1,0,0,1,0,0,0,0,0,0,0,0,0,0,0,0,0,0,0,0,0,2.4042571343331427,,
tt1655441,The Age of Adaline,2015,112.0,"Drama,Fantasy,Romance",25000000,65663276,1.62653104,7.2,231514.0,en,"Lakeshore Entertainment, Sidney Kimmel Entertainment, Lionsgate",27.069,1,1,1,0,0,0,0,0,0,0,1,0,1,0,0,0,0,0,0,1,0,0,0,0,0,2.8068717518134534,,0.3817774230769231
tt1658801,Freeheld,2015,103.0,"Biography,Drama,Romance",7000000,573335,-0.918095,6.6,13831.0,en,"Double Feature Films, High Frequency Entertainment, Endgame Entertainment, Summit Entertainment",8.571,1,1,1,0,0,0,1,0,0,0,1,0,0,0,0,0,0,0,0,1,0,0,0,0,0,3.248440173549447,,
tt1661199,Cinderella,2015,105.0,"Adventure,Drama,Family",95000000,543514353,4.721203715789474,6.9,206624.0,en,"Walt Disney Pictures, Genre Films, Beagle Pug Films, Allison Shearmur Productions",58.212,1,1,1,0,1,0,0,0,0,0,1,1,0,0,0,0,0,0,0,0,0,0,0,0,0,1.8928785316049666,1.2585171666666666,3.2141099166666667
tt1663202,The Revenant,2015,156.0,"Action,Drama,Western",135000000,532950503,2.947781503703704,8.0,959246.0,en,"Monarchy Enterprises S.a.r.l., Regency Enterprises, Appian Way, CatchPlay, Anonymous Content, New Regency Pictures, Hong Kong Alpha Motion Pictures Co., M Productions, RatPac Entertainment",36.747,1,1,1,1,0,0,0,0,0,0,1,0,0,0,0,0,0,0,0,0,0,0,0,0,1,1.734900946761118,4.7341718888888895,4.7341718888888895
tt1666801,The DUFF,2015,101.0,"Comedy,Romance",8500000,43528634,4.1210157647058825,6.4,107870.0,en,"Wonderland Sound and Vision, CBS Films, Vast Entertainment",11.04,1,1,1,0,0,0,0,1,0,0,0,0,0,0,0,0,0,0,0,1,0,0,0,0,0,2.5095088621031136,,
tt1674771,Entourage,2015,104.0,"Comedy,Drama",30000000,49263404,0.6421134666666667,6.5,86344.0,en,"Closest to the Hole Productions, Leverage Entertainment",21.143,1,1,1,0,0,0,0,1,0,0,1,0,0,0,0,0,0,0,0,0,0,0,0,0,0,2.320736542691461,,
tt1707380,Every Thing Will Be Fine,2015,118.0,Drama,12000000,554953,-0.9537539166666666,5.5,6716.0,en,"Road Movies, Montauk Productions, Film i Väst, GötaFilm, Mer Film",6.096,1,1,1,0,0,0,0,0,0,0,1,0,0,0,0,0,0,0,0,0,0,0,0,0,0,2.1914854618471,,
tt1727776,Scouts Guide to the Zombie Apocalypse,2015,93.0,"Action,Comedy,Horror",15000000,14860766,-0.0092822666666666,6.3,61687.0,en,"Broken Road Productions, Brucks Entertainment, Oops Doughnuts Productions",39.091,1,1,1,1,0,0,0,1,0,0,0,0,0,0,1,0,0,0,0,0,0,0,0,0,0,5.413670432180264,17.1789924,17.1789924
tt1731701,Barely Lethal,2015,96.0,"Action,Comedy",15000000,933847,-0.9377435333333334,5.4,24648.0,en,RKO Pictures LLC,12.481,1,1,1,1,0,0,0,1,0,0,0,0,0,0,0,0,0,0,0,0,0,0,0,0,0,2.637745422861038,,
tt1741273,Secret in Their Eyes,2015,111.0,"Crime,Drama,Mystery",19500000,34854990,0.7874353846153846,6.3,55301.0,en,"Ingenious Media, Gran Via Productions, IM Global, STX Films, Route One Entertainment, Union Investment Partners, SITE Productions, Willie's Movies",13.885,1,1,1,0,0,0,0,0,1,0,1,0,0,0,0,0,0,1,0,0,0,0,0,0,0,3.3781517687695057,,
tt1754656,The Little Prince,2015,108.0,"Adventure,Animation,Comedy",64000000,97571250,0.52455078125,7.6,72205.0,en,"Orange Studio, ON Animation Studios, Canal+, CNC, LPPTV, M6 Films, On Entertainment, Paramount, Lucky Red, Paramount Animation",18.241,1,1,1,0,1,1,0,1,0,0,0,0,0,0,0,0,0,0,0,0,0,0,0,0,0,2.438281180503022,,0.8042628333333334
tt1772288,Danny Collins,2015,106.0,"Comedy,Drama,Music",10000000,10835752,0.0835752,7.0,35152.0,en,"ShivHans Pictures, Big Indie Pictures, Handwritten Films",9.479,1,1,1,0,0,0,0,1,0,0,1,0,0,0,0,1,0,0,0,0,0,0,0,0,0,1.7323789559176836,,
tt1781922,No Escape,2015,103.0,"Action,Adventure,Drama",5000000,54418872,9.8837744,6.8,99454.0,en,"Living Films, Bold Films, Brothers Dowdle Productions",21.206,1,1,1,1,1,0,0,0,0,0,1,0,0,0,0,0,0,0,0,0,0,0,0,0,0,2.318089747103569,7.379999999999999,7.379999999999999
tt1798684,Southpaw,2015,124.0,"Action,Drama,Sport",30000000,91709827,2.056994233333333,7.3,281781.0,en,"Fuqua Films, Escape Artists, Riche-Ludwig Productions, Wanda Pictures",30.067,1,1,1,1,0,0,0,0,0,0,1,0,0,0,0,0,0,0,0,0,0,1,0,0,0,1.6672925396256828,2.496922509090909,
tt1810683,Little Boy,2015,106.0,"Drama,History,War",20000000,6485961,-0.67570195,7.3,25096.0,en,"Santa Fe Films, Metanoia Films",9.032,1,1,0,0,0,0,0,0,0,0,1,0,0,1,0,0,0,0,0,0,0,0,0,1,0,1.1638736718046259,,
tt1823672,Chappie,2015,120.0,"Action,Crime,Drama",49000000,104399548,1.1306030204081632,6.8,285593.0,en,"Columbia Pictures, MRC, LStar Capital, Simon Kinberg Productions, Genre Films, Alpha Core, Ollin Studio, Sony Pictures",34.709,1,1,1,1,0,0,0,0,1,0,1,0,0,0,0,0,0,0,0,0,0,0,0,0,0,2.1047703965356566,,
tt1837636,Queen of the Desert,2015,128.0,"Adventure,Biography,Drama",15000000,1592853,-0.8938098,5.7,13688.0,en,"Benaroya Pictures, 120dB Films, Palmyra Films, Sierra/Affinity, Elevated Films",8.648,1,1,1,0,1,0,1,0,0,0,1,0,0,0,0,0,0,0,0,0,0,0,0,0,0,3.0378569924184293,,
tt1841642,Demonic,2015,83.0,"Horror,Mystery,Thriller",3000000,3387000,0.129,5.3,18094.0,en,"Icon Entertainment International, Dimension Films, First Point Entertainment, IM Global",8.206,1,1,1,0,0,0,0,0,0,0,0,0,0,0,1,0,0,1,0,0,0,0,1,0,0,7.474229101988549,,
tt1850457,Sisters,2015,118.0,Comedy,30000000,105011053,2.500368433333333,6.0,73841.0,en,Little Stranger,12.991,1,1,1,0,0,0,0,1,0,0,0,0,0,0,0,0,0,0,0,0,0,0,0,0,0,2.449987623535822,,
tt1881002,Maggie,2015,95.0,"Drama,Horror,Sci-Fi",4000000,187112,-0.953222,5.6,49099.0,en,"Sly Predator, Lionsgate, Grindstone Entertainment Group, Lotus Entertainment, Silver Reel, Gold Star Films, Matt Baer Films, Vertigo Films",18.998,1,0,1,0,0,0,0,0,0,0,1,0,0,0,1,0,0,0,0,0,1,0,0,0,0,5.283834492222358,,
tt1895587,Spotlight,2015,129.0,"Biography,Crime,Drama",20000000,98690254,3.9345127,8.1,539852.0,en,"Participant, Anonymous Content, Rocklin / Faust, First Look Media, Open Road Films, Entertainment One, Topic Studios, Seville International",20.159,1,1,1,0,0,0,1,0,1,0,1,0,0,0,0,0,0,0,0,0,0,0,0,0,0,2.8245376418505175,,0.5323050799999995
tt1951266,The Hunger Games: Mockingjay - Part 2,2015,137.0,"Action,Adventure,Sci-Fi",160000000,653428261,3.08392663125,6.6,420210.0,en,"Lionsgate, Color Force, Studio Babelsberg",43.902,1,1,1,1,1,0,0,0,0,0,0,0,0,0,0,0,0,0,0,0,1,0,0,0,0,2.485760447821622,5.042853688000001,5.042853688000001
tt1964418,Tomorrowland,2015,130.0,"Action,Adventure,Family",190000000,209154322,0.1008122210526315,6.4,200756.0,en,"Babieka Films, Walt Disney Pictures, A113",45.045,1,1,1,1,1,0,0,0,0,0,0,1,0,0,0,0,0,0,0,0,0,0,0,0,0,2.1042177850513513,,
tt1976009,Victor Frankenstein,2015,110.0,"Drama,Horror,Sci-Fi",40000000,34227298,-0.14431755,6.0,64075.0,en,"Davis Entertainment, Moving Picture Company, TSG Entertainment, 20th Century Fox",22.394,1,1,1,0,0,0,0,0,0,0,1,0,0,0,1,0,0,0,0,0,1,0,0,0,0,5.283834492222358,,0.1815566
tt1979388,The Good Dinosaur,2015,93.0,"Action,Adventure,Animation",175000000,332207671,0.8983295485714285,6.7,142009.0,en,Pixar,57.167,1,1,1,1,1,1,0,0,0,0,0,0,0,0,0,0,0,0,0,0,0,0,0,0,0,2.5634530467198324,,
tt2002868,Anegan,2015,154.0,"Action,Romance,Thriller",5200000,8200000,0.5769230769230769,6.7,4484.0,ta,AGS Entertainment,3.94,1,1,1,1,0,0,0,0,0,0,0,0,0,0,0,0,0,0,0,1,0,0,1,0,0,3.402017613038598,,
tt2006295,The 33,2015,127.0,"Biography,Drama,History",25000000,24902723,-0.00389108,6.9,42044.0,en,"Alcon Entertainment, Phoenix Pictures, Half Circle, Gobierno de Colombia, Los 33, Warner Bros. Pictures, Dynamo, Fabula, Fox International Productions, Mandate International",13.023,1,1,1,0,0,0,1,0,0,0,1,0,0,1,0,0,0,0,0,0,0,0,0,0,0,2.729420657194643,,
tt2057392,Eye in the Sky,2015,102.0,"Drama,Thriller,War",13000000,18704595,0.438815,7.3,96660.0,en,"Raindog Films, Entertainment One Features",15.282,1,1,1,0,0,0,0,0,0,0,1,0,0,0,0,0,0,0,0,0,0,0,1,1,0,2.4303896600223394,,
tt2058673,Point Break,2015,114.0,"Action,Adventure,Crime",105000000,133718711,0.2735115333333333,5.3,69657.0,en,"Studio Babelsberg, Alcon Entertainment, DMG Entertainment, Taylor-Baldecchi-Wimmer Productions, Warner Bros. Pictures, Summit Entertainment, Cine Tirol, Eagle Pictures",22.607,1,1,1,1,1,0,0,0,1,0,0,0,0,0,0,0,0,0,0,0,0,0,0,0,0,2.0200354283457407,,
tt2080374,Steve Jobs,2015,122.0,"Biography,Drama",30000000,34441873,0.1480624333333333,7.2,188177.0,en,"Universal Pictures, Scott Rudin Productions, Legendary Pictures, The Mark Gordon Company, Management 360, Cloud Eight Films",11.885,1,1,1,0,0,0,1,0,0,0,1,0,0,0,0,0,0,0,0,0,0,0,0,0,0,3.5881452099889675,,
tt2091935,Mr. Right,2015,95.0,"Action,Comedy,Crime",8000000,34694,-0.99566325,6.3,66222.0,en,"Circle of Confusion, 3311 Productions, Amasia Entertainment",15.421,1,1,1,1,0,0,0,1,1,0,0,0,0,0,0,0,0,0,0,0,0,0,0,0,0,2.190937783765231,-0.8383746000000001,
tt2096673,Inside Out,2015,95.0,"Adventure,Animation,Comedy",175000000,857611174,3.90063528,8.1,930188.0,en,"Pixar, Walt Disney Pictures",107.292,1,1,1,0,1,1,0,1,0,0,0,0,0,0,0,0,0,0,0,0,0,0,0,0,0,2.438281180503022,,
tt2120120,Pixels,2015,105.0,"Action,Adventure,Comedy",88000000,244874809,1.7826682840909092,5.6,182672.0,en,"Sony Pictures, Columbia Pictures, 1492 Pictures, LStar Capital, China Film Group Corporation, Happy Madison Productions",32.028,1,1,1,1,1,0,0,1,0,0,0,0,0,0,0,0,0,0,0,0,0,0,0,0,0,2.4042571343331427,,
tt2126355,San Andreas,2015,114.0,"Action,Adventure,Thriller",110000000,473990832,3.309007563636364,6.1,278319.0,en,"New Line Cinema, Village Roadshow Pictures, Flynn Picture Company, Warner Bros. Pictures",142.742,1,1,1,1,1,0,0,0,0,0,0,0,0,0,0,0,0,0,0,0,0,0,1,0,0,3.1914344319075805,,-0.9283558333333333
tt2140037,Jane Got a Gun,2015,98.0,"Action,Crime,Drama",25000000,1397284,-0.94410864,5.9,25481.0,en,"1821 Pictures, Handsomecharlie Films, Scott Pictures, Straight Up Films, Unanimous Pictures",13.115,1,1,1,1,0,0,0,0,1,0,1,0,0,0,0,0,0,0,0,0,0,0,0,0,0,2.1047703965356566,,-0.7951014693877543
tt2140379,Self/less,2015,117.0,"Action,Mystery,Sci-Fi",26000000,31807156,0.2233521538461538,6.5,108476.0,en,"Ram Bergman Productions, Endgame Entertainment",36.46,1,1,1,1,0,0,0,0,0,0,0,0,0,0,0,0,0,1,0,0,1,0,0,0,0,4.055216041691771,,
tt2199571,Run All Night,2015,114.0,"Action,Crime,Thriller",50000000,71561644,0.43123288,6.6,120454.0,en,"RatPac Entertainment, Vertigo Entertainment, Energy Entertainment",25.445,1,1,1,1,0,0,0,0,1,0,0,0,0,0,0,0,0,0,0,0,0,0,1,0,0,2.9781150813396686,3.456192,
tt2217859,Louder Than Bombs,2015,109.0,Drama,11000000,1428004,-0.8701814545454546,6.6,15470.0,en,"Motlys, Animal Kingdom, ARTE France Cinéma",13.882,1,1,1,0,0,0,0,0,0,0,1,0,0,0,0,0,0,0,0,0,0,0,0,0,0,2.1914854618471,,
tt2224026,Home,2015,94.0,"Adventure,Animation,Comedy",135000000,368871007,1.7323778296296295,6.5,122711.0,en,"DreamWorks Animation, 20th Century Fox",29.249,1,1,1,0,1,1,0,1,0,0,0,0,0,0,0,0,0,0,0,0,0,0,0,0,0,2.438281180503022,,
tt2268016,Magic Mike XXL,2015,115.0,"Comedy,Drama,Music",14800000,117813057,6.960341689189189,5.6,63922.0,en,"Warner Bros. Pictures, Iron Horse Entertainment",16.848,1,1,1,0,0,0,0,1,0,0,1,0,0,0,0,1,0,0,0,0,0,0,0,0,0,1.7323789559176836,,
tt2279339,Love the Coopers,2015,107.0,"Comedy,Fantasy,Romance",17000000,42426912,1.495700705882353,5.8,30118.0,en,"Imagine Entertainment, Groundswell Productions, CBS Films, Handwritten Films",17.294,1,1,1,0,0,0,0,1,0,0,0,0,1,0,0,0,0,0,0,1,0,0,0,0,0,2.8930391390430277,,
tt2279373,The SpongeBob Movie: Sponge Out of Water,2015,92.0,"Adventure,Animation,Comedy",74000000,311594032,3.2107301621621622,6.0,68604.0,en,"Paramount Animation, Paramount, Nickelodeon Movies, Nickelodeon Animation Studio, United Plankton Pictures, Disruption Entertainment, Film Victoria, Rough Draft Studios",30.234,1,1,1,0,1,1,0,1,0,0,0,0,0,0,0,0,0,0,0,0,0,0,0,0,0,2.438281180503022,,
tt2293640,Minions,2015,91.0,"Adventure,Animation,Comedy",74000000,1156730962,14.631499486486486,6.4,289506.0,en,"Illumination, Universal Pictures",26.414,1,1,1,0,1,1,0,1,0,0,0,0,0,0,0,0,0,0,0,0,0,0,0,0,0,2.438281180503022,,
tt2309260,The Gallows,2015,81.0,"Horror,Mystery,Thriller",100000,42964410,428.6441,4.3,22800.0,en,"Tremendum Pictures, New Line Cinema, Blumhouse Productions, Management 360",10.224,1,1,1,0,0,0,0,0,0,0,0,0,0,0,1,0,0,1,0,0,0,0,1,0,0,7.474229101988549,,
tt2322441,Fifty Shades of Grey,2015,125.0,"Drama,Romance,Thriller",40000000,571006128,13.2751532,4.2,359045.0,en,"Focus Features, Michael De Luca Productions, Trigger Street Productions",96.283,1,1,1,0,0,0,0,0,0,0,1,0,0,0,0,0,0,0,0,1,0,0,1,0,0,3.1906783595922135,,
tt2325977,Strangerland,2015,112.0,"Drama,Mystery,Thriller",10000000,111107,-0.9888893,5.2,10601.0,en,Worldview Entertainment,9.106,1,1,1,0,0,0,0,0,0,0,1,0,0,0,0,0,0,1,0,0,0,0,1,0,0,4.549550772331345,,
tt2358925,Unfinished Business,2015,91.0,"Comedy,Drama",35000000,14431253,-0.5876784857142857,5.4,38073.0,en,"Studio Babelsberg, Regency Enterprises, New Regency Pictures, Escape Artists",10.664,1,1,1,0,0,0,0,1,0,0,1,0,0,0,0,0,0,0,0,0,0,0,0,0,0,2.320736542691461,,
tt2361509,The Intern,2015,121.0,"Comedy,Drama",35000000,194564672,4.558990628571428,7.1,313830.0,en,Waverly Films,27.542,1,1,1,0,0,0,0,1,0,0,1,0,0,0,0,0,0,0,0,0,0,0,0,0,0,2.320736542691461,,
tt2379713,Spectre,2015,148.0,"Action,Adventure,Thriller",245000000,880674609,2.5945902408163266,6.8,500868.0,en,"Columbia Pictures, Metro-Goldwyn-Mayer, Eon Productions",33.598,1,1,1,1,1,0,0,0,0,0,0,0,0,0,0,0,0,0,0,0,0,0,1,0,0,3.1914344319075805,,0.5983290747191012
tt2381111,Brooklyn,2015,117.0,"Drama,Romance",11000000,62076141,4.643285545454545,7.5,159359.0,en,"Wildgaze Films, Item 7, Parallel Films, Fís Éireann/Screen Ireland",15.519,1,1,1,0,0,0,0,0,0,0,1,0,0,0,0,0,0,0,0,1,0,0,0,0,0,2.380257781258752,,2.5001027333333328
tt2381249,Mission: Impossible - Rogue Nation,2015,131.0,"Action,Adventure,Thriller",150000000,682716636,3.55144424,7.4,449284.0,en,"Paramount, Bad Robot, Odin, Skydance",64.814,1,1,1,1,1,0,0,0,0,0,0,0,0,0,0,0,0,0,0,0,0,0,1,0,0,3.1914344319075805,,1.081692449438202
tt2381941,Focus,2015,105.0,"Comedy,Crime,Drama",50100000,153962963,2.0731130339321355,6.6,297017.0,en,"K & S Films, RatPac Entertainment, Zaftig Films, Warner Bros. Pictures, Di Novi Pictures",36.414,1,1,1,0,0,0,0,1,1,0,1,0,0,0,0,0,0,0,0,0,0,0,0,0,0,1.979598530318846,,
tt2395427,Avengers: Age of Ultron,2015,141.0,"Action,Adventure,Sci-Fi",365000000,1405403694,2.8504210794520546,7.3,1017748.0,en,Marvel Studios,96.565,1,1,1,1,1,0,0,0,0,0,0,0,0,0,0,0,0,0,0,0,1,0,0,0,0,2.485760447821622,,3.204509247058823
tt2400463,The Invitation,2015,100.0,"Drama,Horror,Mystery",1000000,354835,-0.645165,6.6,130946.0,en,"XYZ Films, Gamechanger Films, Lege Artis, The Invitation, Drafthouse Films",13.331,1,1,1,0,0,0,0,0,0,0,1,0,0,0,1,0,0,1,0,0,0,0,0,0,0,6.600884417184538,,5.159912760000001
tt2401097,Tracers,2015,94.0,"Action,Crime,Drama",11000000,593683,-0.9460288181818182,5.6,20858.0,en,"Melbarken, Saban Films, Cowtown Cinema Ventures, Temple Hill Entertainment, Freerunning, Senator Film",18.397,1,1,1,1,0,0,0,0,1,0,1,0,0,0,0,0,0,0,0,0,0,0,0,0,0,2.1047703965356566,,
tt2401878,Anomalisa,2015,90.0,"Animation,Comedy,Drama",8000000,5659286,-0.29258925,7.2,79094.0,en,"Starburns Industries, Harmonious Claptrap, Snoot Entertainment, HanWay Films, Paramount Animation, Paramount",11.162,1,1,1,0,0,1,0,1,0,0,1,0,0,0,0,0,0,0,0,0,0,0,0,0,0,2.523016148692937,,
tt2402101,Dark Places,2015,113.0,"Crime,Drama,Mystery",20000000,5090852,-0.7454574,6.2,50460.0,en,"Denver and Delilah Productions, Mandalay Vision, Exclusive Media, Hugo Productions, Cuatro Plus Films, Da Vinci Media Ventures, Daryl Prince Productions",13.487,1,1,1,0,0,0,0,0,1,0,1,0,0,0,0,0,0,1,0,0,0,0,0,0,0,3.3781517687695057,,5.054596114754099
tt2402927,Carol,2015,118.0,"Drama,Romance",11800000,40272135,2.4128927966101696,7.3,154783.0,en,"Killer Films, Number 9 Films, Film4 Productions",14.888,1,1,1,0,0,0,0,0,0,0,1,0,0,0,0,0,0,0,0,1,0,0,0,0,0,2.380257781258752,,
tt2404425,Woman in Gold,2015,109.0,"Biography,Drama,History",11000000,61619773,4.601797545454546,7.3,66382.0,en,"Origin Pictures, BBC Film",13.66,1,0,1,0,0,0,1,0,0,0,1,0,0,1,0,0,0,0,0,0,0,0,0,0,0,2.729420657194643,,
tt2424988,Gabbar Is Back,2015,128.0,"Action,Crime,Drama",11000000,41000000,2.727272727272727,7.1,29835.0,hi,"Viacom18 Studios, Bhansali Productions",5.63,1,1,1,1,0,0,0,0,1,0,1,0,0,0,0,0,0,0,0,0,0,0,0,0,0,2.1047703965356566,,1.4999999999999996
tt2436386,Project Almanac,2015,106.0,"Drama,Mystery,Sci-Fi",12000000,33213241,1.7677700833333334,6.4,89145.0,en,"Insurge Pictures, Paramount, MTV Films, Platinum Dunes",23.805,1,0,1,0,0,0,0,0,0,0,1,0,0,0,0,0,0,1,0,0,1,0,0,0,0,3.8438767882453857,,
tt2446980,Joy,2015,124.0,"Biography,Drama",60000000,101134059,0.68556765,6.6,153168.0,en,"TSG Entertainment, Davis Entertainment, Annapurna Pictures, Fox 2000 Pictures, 20th Century Fox",13.845,1,1,1,0,0,0,1,0,0,0,1,0,0,0,0,0,0,0,0,0,0,0,0,0,0,3.5881452099889675,,
tt2452042,The Peanuts Movie,2015,88.0,"Adventure,Animation,Comedy",99000000,246233113,1.4872031616161616,7.0,53976.0,en,"Blue Sky Studios, 20th Century Fox Animation, 20th Century Fox",17.644,1,1,0,0,1,1,0,1,0,0,0,0,0,0,0,0,0,0,0,0,0,0,0,0,0,2.438281180503022,,
tt2460506,Mi America,2015,90.0,"Crime,Drama",2100000,3330,-0.9984142857142856,6.8,69.0,en,Industrial House Films,0.727,1,0,1,0,0,0,0,0,1,0,1,0,0,0,0,0,0,0,0,0,0,0,0,0,0,1.7444039837103582,,
tt2473510,Paranormal Activity: The Ghost Dimension,2015,88.0,"Horror,Mystery",10000000,78903124,6.8903124,4.6,33787.0,en,"Blumhouse Productions, Paramount, Room 101, Solana Films",20.862,0,1,1,0,0,0,0,0,0,0,0,0,0,0,1,0,0,1,0,0,0,0,0,0,0,8.805583894853257,,
tt2488496,Star Wars: Episode VII - The Force Awakens,2015,138.0,"Action,Adventure,Sci-Fi",245000000,2068223624,7.44172907755102,7.7,1034015.0,en,"Lucasfilm Ltd., Bad Robot",66.772,1,1,1,1,1,0,0,0,0,0,0,0,0,0,0,0,0,0,0,0,1,0,0,0,0,2.485760447821622,,
tt2493486,Last Knights,2015,115.0,"Action,Drama",40000000,3643591,-0.908910225,6.2,48074.0,en,"Luka Productions, Route One Entertainment, Sovik Global Contents Fund, DMM.com, Union Investment Partners, CJ Entertainment, Channel A, Czech Anglo Productions, Lotte Entertainment, Maeil Broadcasting Network, Arclight Films",11.96,1,1,1,1,0,0,0,0,0,0,1,0,0,0,0,0,0,0,0,0,0,0,0,0,0,2.508494342016677,,
tt2503944,Burnt,2015,101.0,"Comedy,Drama",20000000,36606743,0.83033715,6.6,144231.0,en,"PeaPie Films, Double Feature Films, The Weinstein Company, Entertainment One, 3 Arts Entertainment",15.909,1,1,1,0,0,0,0,1,0,0,1,0,0,0,0,0,0,0,0,0,0,0,0,0,0,2.320736542691461,,0.8547750575757576
tt2510894,Hotel Transylvania 2,2015,89.0,"Adventure,Animation,Comedy",80000000,473226958,4.915336975,6.6,165230.0,en,"Columbia Pictures, Sony Pictures Animation",36.252,1,1,1,0,1,1,0,1,0,0,0,0,0,0,0,0,0,0,0,0,0,0,0,0,0,2.438281180503022,,
tt2515034,The Gunman,2015,115.0,"Action,Crime,Mystery",40000000,13644292,-0.6588927,5.8,45816.0,en,"StudioCanal, Silver Pictures, ICAA, Nostromo Pictures, Anton Capital Entertainment, ICEC, Prone Gunman, Prone Gunman A.I.E., Canal+, TF1 Films Production",10.977,1,1,1,1,0,0,0,0,1,0,0,0,0,0,0,0,0,1,0,0,0,0,0,0,0,3.5894910222158902,,
tt2554274,Crimson Peak,2015,119.0,"Drama,Horror,Mystery",55000000,74679822,0.3578149454545454,6.5,170658.0,en,"Double Dare You Productions, Legendary Pictures, Universal Pictures",23.058,1,1,1,0,0,0,0,0,0,0,1,0,0,0,1,0,0,1,0,0,0,0,0,0,0,6.600884417184538,,2.8240791520000004
tt2555736,The Second Best Exotic Marigold Hotel,2015,122.0,"Comedy,Drama,Romance",10000000,85978266,7.5978266,6.5,37929.0,en,"Fox Searchlight Pictures, Participant, Blueprint Pictures",10.218,1,1,1,0,0,0,0,1,0,0,1,0,0,0,0,0,0,0,0,1,0,0,0,0,0,2.4035010620177757,,
tt2558022,Bunker of the Dead,2015,76.0,"Action,Comedy,Horror",30000,10147,-0.6617666666666666,4.1,602.0,de,Praetoria Productions,1.724,1,1,1,1,0,0,0,1,0,0,0,0,0,0,1,0,0,0,0,0,0,0,0,0,0,5.413670432180264,,
tt2561572,Get Hard,2015,100.0,"Comedy,Crime,Drama",40000000,111811453,1.795286325,6.0,156763.0,en,"Gary Sanchez Productions, Warner Bros. Pictures",12.493,1,1,1,0,0,0,0,1,1,0,1,0,0,0,0,0,0,0,0,0,0,0,0,0,0,1.979598530318846,,
tt2586118,The Ardennes,2015,96.0,"Crime,Drama,Thriller",2200000,1366879,-0.3786913636363636,6.7,5943.0,nl,"PRPL, Savage Film, Bastide Films, Eyeworks",4.98,1,1,1,0,0,0,0,0,1,0,1,0,0,0,0,0,0,0,0,0,0,0,1,0,0,2.7667758278932837,,
tt2603600,Voiceless,2015,107.0,Thriller,250000,418940,0.67576,2.5,326.0,en,"C3 Studios, American Hero Films",0.76,1,1,1,0,0,0,0,0,0,0,0,0,0,0,0,0,0,0,0,0,0,0,1,0,0,4.811519516259135,,
tt2631186,Baahubali: The Beginning,2015,159.0,"Action,Drama",25130430,90747520,2.61106117165524,8.0,156087.0,te,Arka Media Works,20.925,1,1,1,1,0,0,0,0,0,0,1,0,0,0,0,0,0,0,0,0,0,0,0,0,0,2.508494342016677,,
tt2637276,Ted 2,2015,115.0,Comedy,68000000,215863606,2.174464794117647,6.3,264498.0,en,"Smart Entertainment, Universal Pictures, Fuzzy Door Productions, Bluegrass Films, MRC",58.25,1,1,1,0,0,0,0,1,0,0,0,0,0,0,0,0,0,0,0,0,0,0,0,0,0,2.449987623535822,1.16025,1.16025
tt2637294,Hot Tub Time Machine 2,2015,93.0,"Comedy,Mystery,Sci-Fi",36000000,64780213,0.7994503611111111,5.0,45525.0,en,"United Artists, Paramount, Metro-Goldwyn-Mayer",16.086,1,1,1,0,0,0,0,1,0,0,0,0,0,0,0,0,0,1,0,0,1,0,0,0,0,3.93004417547496,2.92021472,
tt2679042,Hitman: Agent 47,2015,96.0,"Action,Adventure,Crime",35000000,81967450,1.3419271428571429,5.7,102176.0,en,"Daybreak Productions, Prime Universe Productions, Giant Pictures, TSG Entertainment, Dayday Films, Ingenious Media, Fox International Productions, Deutscher Filmförderfonds, 20th Century Fox, Medienboard Berlin-Brandenburg",28.424,0,1,1,1,1,0,0,0,1,0,0,0,0,0,0,0,0,0,0,0,0,0,0,0,0,2.0200354283457407,,0.4013017095238096
tt2690138,The D Train,2015,101.0,"Comedy,Drama",447524,771317,0.7235209731768576,5.1,12295.0,en,"Rip Cord Productions, Ealing Studios, Electric Dynamite, Londinium Films",14.12,0,1,1,0,0,0,0,1,0,0,1,0,0,0,0,0,0,0,0,0,0,0,0,0,0,2.320736542691461,,
tt2717822,Blackhat,2015,133.0,"Action,Crime,Thriller",70000000,17752940,-0.7463865714285715,5.5,67876.0,en,"Universal Pictures, Forward Pass, Legendary Pictures",38.873,1,0,1,1,0,0,0,0,1,0,0,0,0,0,0,0,0,0,0,0,0,0,1,0,0,2.9781150813396686,,
tt2719848,Everest,2015,121.0,"Adventure,Biography,Drama",55000000,203427584,2.6986833454545454,7.1,249111.0,en,"Cross Creek Pictures, Working Title Films, Walden Media, RVK Studios, Universal Pictures, Free State Pictures",28.694,1,1,1,0,1,0,1,0,0,0,1,0,0,0,0,0,0,0,0,0,0,0,0,0,0,3.0378569924184293,,1.5145067230769231
tt2726560,The Longest Ride,2015,123.0,"Drama,Romance",34000000,63013281,0.853331794117647,7.1,95412.0,en,"Fox 2000 Pictures, Temple Hill Entertainment",22.402,1,1,1,0,0,0,0,0,0,0,1,0,0,0,0,0,0,0,0,1,0,0,0,0,0,2.380257781258752,,0.3817774230769231
tt2752772,Sinister 2,2015,97.0,"Horror,Mystery,Thriller",10000000,53329150,4.332915,5.3,68306.0,en,"Tank Caterpillar, Blumhouse Productions, Alliance Films, Automatik Entertainment, Entertainment One, IM Global, Steady Aim, Gramercy Pictures",19.361,1,1,1,0,0,0,0,0,0,0,0,0,0,0,1,0,0,1,0,0,0,0,1,0,0,7.474229101988549,,1.9312605000000005
tt2777548,An Unfold Fact Lateef,2015,118.0,"Action,Crime,Drama",640000,93000,-0.8546875,3.2,159.0,hi,,1.044,1,1,1,1,0,0,0,0,1,0,1,0,0,0,0,0,0,0,0,0,0,0,0,0,0,2.1047703965356566,,
tt2818654,Cemetery of Splendor,2015,122.0,"Drama,Fantasy,Mystery",980000,89487,-0.9086867346938776,6.8,6036.0,th,"The Match Factory, Louverture Films, Tordenfilm, ZDF/Arte, Geißendörfer Film- und Fernsehproduktion (GFF), Illumination Films, Detalle Films, Astro Shaw, Kick the Machine, Anna Sanders Films, Asia Culture Centre-Asian Arts Theatre, CNC",6.762,1,1,1,0,0,0,0,0,0,0,1,0,1,0,0,0,0,1,0,0,0,0,0,0,0,4.165744164552585,,
tt2820852,Furious 7,2015,137.0,"Action,Thriller",190000000,1515341399,6.9754810473684215,7.1,443957.0,en,"Original Film, One Race, Universal Pictures",62.276,1,1,1,1,0,0,0,0,0,0,0,0,0,0,0,0,0,0,0,0,0,0,1,0,0,3.818511369222694,,
tt2848292,Pitch Perfect 2,2015,115.0,"Comedy,Music",29000000,287506194,8.914006689655173,6.4,181664.0,en,"Brownstone Productions, Gold Circle Films, Universal Pictures",25.942,1,1,1,0,0,0,0,1,0,0,0,0,0,0,0,1,0,0,0,0,0,0,0,0,0,1.502825702952976,,
tt2872750,Shaun the Sheep Movie,2015,85.0,"Adventure,Animation,Comedy",25000000,106209378,3.24837512,7.3,47272.0,en,"Aardman, Anton Capital Entertainment, StudioCanal, Lionsgate",15.291,1,1,1,0,1,1,0,1,0,0,0,0,0,0,0,0,0,0,0,0,0,0,0,0,0,2.438281180503022,,
tt2884018,Macbeth,2015,113.0,"Drama,History,War",15000000,16322067,0.0881378,6.6,62044.0,en,"Anton Capital Entertainment, See-Saw Films, Creative Scotland, DMC Film, Film4 Productions, StudioCanal",11.905,1,1,1,0,0,0,0,0,0,0,1,0,0,1,0,0,0,0,0,0,0,0,0,1,0,1.1638736718046259,,0.6428571428571429
tt2888046,Ip Man 3,2015,105.0,"Action,Biography,Crime",36000000,157029618,3.361933833333333,7.0,65357.0,cn,"Dreams Salon Entertainment Culture, Pegasus Motion Pictures, Starbright Communications, Golden Harvest Company, Henan Film & TV Production Group Henan Film Studio, Prosperity Pictures",18.276,1,1,1,1,0,0,1,0,1,0,0,0,0,0,0,0,0,0,0,0,0,0,0,0,0,3.035876895296902,,
tt2908446,The Divergent Series: Insurgent,2015,119.0,"Action,Adventure,Romance",110000000,297002527,1.7000229727272729,6.2,273664.0,en,"Summit Entertainment, Red Wagon Entertainment, Mandeville Films, NeoReel, Lionsgate",38.035,1,1,1,1,1,0,0,0,0,0,0,0,0,0,0,0,0,0,0,1,0,0,0,0,0,2.4439379600446705,,1.6974186728758172
tt2909116,Wolf Totem,2015,121.0,"Adventure,Drama",38000000,123205624,2.242253263157895,6.6,6560.0,zh,"Edko Films, Loull Productions",7.124,1,1,1,0,1,0,0,0,0,0,1,0,0,0,0,0,0,0,0,0,0,0,0,0,0,2.064383009562226,,
tt2910904,The Dressmaker,2015,119.0,"Comedy,Drama",11930000,25003426,1.0958445934618608,7.0,71421.0,en,"White Hot Productions, Screen Australia, Film Art Media, Embankment Films",13.657,1,1,1,0,0,0,0,1,0,0,1,0,0,0,0,0,0,0,0,0,0,0,0,0,0,2.320736542691461,,
tt2918436,The Lazarus Effect,2015,83.0,"Horror,Mystery,Sci-Fi",3300000,64110728,18.42749333333333,5.2,49111.0,en,"Lionsgate, Blumhouse Productions, Chapter One Films",9.66,1,1,1,0,0,0,0,0,0,0,0,0,0,0,1,0,0,1,0,0,1,0,0,0,0,6.768555117902591,,
tt2938956,The Transporter Refueled,2015,96.0,"Action,Thriller",25000000,72629670,1.9051868,5.2,47884.0,en,"EuropaCorp, TF1 Films Production, Fundamental Films, Canal+, OCS, TF1, TMC, Belga Films",29.475,1,1,1,1,0,0,0,0,0,0,0,0,0,0,0,0,0,0,0,0,0,0,1,0,0,3.818511369222694,1.5505975000000003,3.073435397619048
tt2967224,Hot Pursuit,2015,87.0,"Action,Comedy,Crime",35000000,51680201,0.4765771714285714,5.2,58308.0,en,"New Line Cinema, Pacific Standard, Metro-Goldwyn-Mayer, Warner Bros. Pictures",14.711,1,1,1,1,0,0,0,1,1,0,0,0,0,0,0,0,0,0,0,0,0,0,0,0,0,2.190937783765231,,
tt2974918,Alvin and the Chipmunks: The Road Chip,2015,92.0,"Adventure,Comedy,Family",90000000,233755553,1.5972839222222222,5.0,26402.0,en,"TSG Entertainment, Fox 2000 Pictures, Regency Enterprises, Bagdasarian Productions, Sunswept Entertainment",30.212,1,1,1,0,1,0,0,1,0,0,0,1,0,0,0,0,0,0,0,0,0,0,0,0,0,1.9790459188345404,,
tt2979920,Bombay Velvet,2015,149.0,"Action,Crime,Drama",18000000,1500000,-0.9166666666666666,5.5,6822.0,hi,"Star Studios, Phantom Films",3.487,1,1,1,1,0,0,0,0,1,0,1,0,0,0,0,0,0,0,0,0,0,0,0,0,0,2.1047703965356566,,
tt2980554,The Girl in the Book,2015,86.0,Drama,8245,81379,8.870103092783506,6.1,4894.0,en,Varient Busted Buggy Entertainmen,5.325,1,0,1,0,0,0,0,0,0,0,1,0,0,0,0,0,0,0,0,0,0,0,0,0,0,2.1914854618471,,
tt3018070,Stonewall,2015,129.0,"Drama,History",13500000,187674,-0.9860982222222222,5.4,4809.0,en,"Centropolis Entertainment, Lionsgate",11.111,1,1,1,0,0,0,0,0,0,0,1,0,0,1,0,0,0,0,0,0,0,0,0,0,0,1.6017285067265465,,
tt3045616,Mortdecai,2015,107.0,"Action,Adventure,Comedy",60000000,47318560,-0.2113573333333333,5.5,80446.0,en,"Lionsgate, Mad Chance, Infinitum Nihil, OddLot Entertainment, Huayi Brothers Pictures",19.252,1,1,1,1,1,0,0,1,0,0,0,0,0,0,0,0,0,0,0,0,0,0,0,0,0,2.4042571343331427,,
tt3072482,Hardcore Henry,2015,96.0,"Action,Adventure,Sci-Fi",2000000,14333790,6.166895,6.7,109688.0,en,"Bazelevs Production, Versus Pictures, STX Films, Huayi Brothers Pictures",19.836,0,1,1,1,1,0,0,0,0,0,0,0,0,0,0,0,0,0,0,0,1,0,0,0,0,2.485760447821622,,
tt3076658,Creed,2015,133.0,"Action,Drama,Sport",37000000,173567581,3.691015702702703,7.6,339178.0,en,"Metro-Goldwyn-Mayer, New Line Cinema, Chartoff-Winkler Productions, Warner Bros. Pictures",43.906,1,1,1,1,0,0,0,0,0,0,1,0,0,0,0,0,0,0,0,0,0,1,0,0,0,1.6672925396256828,,1.2600000000000002
tt3077214,Suffragette,2015,106.0,"Drama,History",14000000,16002420,0.14303,6.9,46704.0,en,"Ruby Films, Film4 Productions, Ingenious Media, Canal+, Ciné+, Pathé, Focus Features",11.596,1,1,1,0,0,0,0,0,0,0,1,0,0,1,0,0,0,0,0,0,0,0,0,0,0,1.6017285067265465,,
tt3079380,Spy,2015,120.0,"Action,Comedy",65000000,235666219,2.6256341384615385,7.0,276160.0,en,"Chernin Entertainment, Feigco Entertainment, TSG Entertainment",25.334,1,1,1,1,0,0,0,1,0,0,0,0,0,0,0,0,0,0,0,0,0,0,0,0,0,2.637745422861038,,
tt3136646,Soulless 2,2015,103.0,Drama,2265160,9194350,3.05902894276784,6.1,2103.0,ru,"Kinoslovo, Art Pictures Studio",3.568,1,1,1,0,0,0,0,0,0,0,1,0,0,0,0,0,0,0,0,0,0,0,0,0,0,2.1914854618471,,
tt3152624,Trainwreck,2015,125.0,"Comedy,Drama,Romance",35000000,140795793,3.0227369428571427,6.2,147704.0,en,"Universal Pictures, Apatow Productions, Fuji Television Network, dentsu",23.82,1,1,1,0,0,0,0,1,0,0,1,0,0,0,0,0,0,0,0,1,0,0,0,0,0,2.4035010620177757,,
tt3164256,Rock the Kasbah,2015,106.0,"Comedy,Music,War",15000000,3020664,-0.7986224,5.5,13369.0,en,"Shangri-La Entertainment, QED International, Dune Films, Venture Forth, Open Road Films",8.96,1,1,1,0,0,0,0,1,0,0,0,0,0,0,0,1,0,0,0,0,0,0,0,1,0,1.097938469288912,,
tt3168230,Mr. Holmes,2015,104.0,"Crime,Drama,Family",11000000,29355203,1.6686548181818182,6.8,70514.0,en,"FilmNation Entertainment, BBC Film, See-Saw Films, Archer Gray, AI Film",14.376,1,1,1,0,0,0,0,0,1,0,1,1,0,0,0,0,0,0,0,0,0,0,0,0,0,1.6795591810370543,,
tt3170832,Room,2015,118.0,"Drama,Thriller",13000000,35401758,1.7232121538461538,8.1,483965.0,en,"Elevation Pictures, Téléfilm Canada, Element Pictures, FilmNation Entertainment, No Trace Camping, Film4 Productions, Fís Éireann/Screen Ireland",17.002,1,1,1,0,0,0,0,0,0,0,1,0,0,0,0,0,0,0,0,0,0,0,1,0,0,3.5015024890531175,0.8973629999999999,
tt3172532,The Diary of a Teenage Girl,2015,102.0,"Comedy,Drama,Romance",2000000,1477002,-0.261499,6.8,35732.0,en,"Archer Gray, Cold Iron Pictures, Caviar",9.519,0,0,1,0,0,0,0,1,0,0,1,0,0,0,0,0,0,0,0,1,0,0,0,0,0,2.4035010620177757,,
tt3181776,Momentum,2015,96.0,"Action,Crime,Thriller",20000000,133332,-0.9933334,5.5,17901.0,en,"Thaba Media, UFA, Azari Media",13.55,0,1,1,1,0,0,0,0,1,0,0,0,0,0,0,0,0,0,0,0,0,0,1,0,0,2.9781150813396686,,
tt3181822,The Boy Next Door,2015,91.0,"Mystery,Thriller",4000000,52425855,12.10646375,4.7,48667.0,en,"Smart Entertainment, Blumhouse Productions, Nuyorican Productions, Universal Pictures",11.256,1,0,1,0,0,0,0,0,0,0,0,0,0,0,0,0,0,1,0,0,0,0,1,0,0,5.728583427573467,,
tt3195644,Insidious: Chapter 3,2015,97.0,"Horror,Mystery,Thriller",10000000,112983889,10.2983889,6.1,130361.0,en,"Blumhouse Productions, Entertainment One",31.496,0,1,1,0,0,0,0,0,0,0,0,0,0,0,1,0,0,1,0,0,0,0,1,0,0,7.474229101988549,,
tt3203606,Trumbo,2015,124.0,"Biography,Drama",15000000,8235661,-0.4509559333333333,7.4,87953.0,en,"ShivHans Pictures, Groundswell Productions, Inimitable Pictures",10.601,1,1,1,0,0,0,1,0,0,0,1,0,0,0,0,0,0,0,0,0,0,0,0,0,0,3.5881452099889675,,
tt3205376,Slow West,2015,84.0,"Adventure,Drama,Romance",2000000,229094,-0.885453,6.9,50442.0,en,"DMC Film, Film4 Productions, New Zealand Film Commission, See-Saw Films",9.304,1,1,1,0,1,0,0,0,0,0,1,0,0,0,0,0,0,0,0,1,0,0,0,0,0,2.2325987065982855,,
tt3236120,I'll See You in My Dreams,2015,92.0,"Comedy,Drama,Romance",1000000,7449681,6.449681,6.7,9880.0,en,"Jeff Rice Films, Two Flints, Northern Lights Films",13.111,1,1,1,0,0,0,0,1,0,0,1,0,0,0,0,0,0,0,0,1,0,0,0,0,0,2.4035010620177757,,
tt3268668,Captive,2015,97.0,"Action,Biography,Crime",2000000,2801508,0.400754,5.4,7568.0,en,"Itaca Films, BN Films, 1019 Entertainment, Brightside Entertainment, Yoruba Saxon Productions",7.886,1,1,1,1,0,0,1,0,1,0,0,0,0,0,0,0,0,0,0,0,0,0,0,0,0,3.035876895296902,,
tt3276924,Heist,2015,93.0,"Action,Crime,Drama",8900000,4100000,-0.5393258426966292,6.1,34690.0,en,"Silver Plane Films, EFO Films, Mass Hysteria Entertainment, Tri Vision Pictures, Hannibal Classics",17.476,1,1,1,1,0,0,0,0,1,0,1,0,0,0,0,0,0,0,0,0,0,0,0,0,0,2.1047703965356566,,
tt3278330,Tale of Tales,2015,134.0,"Drama,Fantasy,Horror",12000000,5500277,-0.5416435833333333,6.4,33682.0,it,"Archimede, Le Pacte, HanWay Films, New Sparta Films, Recorded Picture Company, RAI",11.644,1,1,1,0,0,0,0,0,0,0,1,0,1,0,1,0,0,0,0,0,0,0,0,0,0,5.605701868529557,,
tt3289728,Equals,2015,101.0,"Drama,Romance,Sci-Fi",16000000,2084628,-0.86971075,6.0,34631.0,en,"Scott Free Productions, Infinite Studios, Freedom Media, Route One Entertainment",14.598,1,1,1,0,0,0,0,0,0,0,1,0,0,0,0,0,0,0,0,1,1,0,0,0,0,2.4850043755062545,,
tt3298600,The Midwife,2015,119.0,"Drama,History,Romance",1803780,2460914,0.3643093947155418,6.0,1678.0,fi,Solar Films,4.194,1,1,1,0,0,0,0,0,0,0,1,0,0,1,0,0,0,0,0,1,0,0,0,0,0,1.9241623713744993,,
tt3300572,Stung,2015,87.0,"Action,Adventure,Comedy",2500000,71085,-0.971566,5.1,5586.0,en,"Rat Pack Filmproduktion, XYZ Films",7.928,1,0,1,1,1,0,0,1,0,0,0,0,0,0,0,0,0,0,0,0,0,0,0,0,0,2.4042571343331427,,
tt3312830,Youth,2015,124.0,"Comedy,Drama,Music",13360000,2000000,-0.8502994011976048,7.3,89303.0,it,"Indigo Film, Pathé, France 2 Cinéma, Number 9 Films, Medusa Film, C-Films, Barbary Films, Eurimages, Fox Searchlight Pictures, Film4 Productions",19.005,1,1,1,0,0,0,0,1,0,0,1,0,0,0,0,1,0,0,0,0,0,0,0,0,0,1.7323789559176836,,
tt3316948,American Ultra,2015,96.0,"Action,Comedy",28000000,27139524,-0.0307312857142857,6.1,101020.0,en,"Merced Media Partners, Lionsgate, The Bridge Finance Company, Circle of Confusion, FilmNation Entertainment, Likely Story, PalmStar Media, Tadmor Entertainment",20.443,1,1,1,1,0,0,0,1,0,0,0,0,0,0,0,0,0,0,0,0,0,0,0,0,0,2.637745422861038,,
tt3319920,Regression,2015,106.0,"Crime,Drama,Mystery",20000000,17671101,-0.11644495,5.6,45328.0,en,"The Weinstein Company, Himenóptero, First Generation Films, Mod Producciones, FilmNation Entertainment, Telefónica Studios",15.457,1,1,1,0,0,0,0,0,1,0,1,0,0,0,0,0,0,1,0,0,0,0,0,0,0,3.3781517687695057,,
tt3322364,Concussion,2015,123.0,"Biography,Drama,Sport",35000000,50363790,0.4389654285714285,7.1,105619.0,en,"Village Roadshow Pictures, Columbia Pictures, The Cantillon Company, LStar Capital, Scott Free Productions, The Shuman Company, Sony Pictures",11.872,1,1,1,0,0,0,1,0,0,0,1,0,0,0,0,0,0,0,0,0,0,1,0,0,0,2.3870597849405435,,0.04379460000000002
tt3332064,Pan,2015,111.0,"Action,Adventure,Comedy",150000000,128388320,-0.1440778666666666,5.7,70064.0,en,"Moving Picture Company, Berlanti Productions, RatPac Entertainment, Warner Bros. Pictures, Isobel Griffiths, Prime Focus Ltd.",14.579,1,1,1,1,1,0,0,1,0,0,0,0,0,0,0,0,0,0,0,0,0,0,0,0,0,2.4042571343331427,,
tt3334374,Mother,2015,100.0,Drama,350000,13000,-0.9628571428571427,7.3,1327.0,ur,"Azad Film Company, Mandviwalla Entertainment",1.017,1,1,1,0,0,0,0,0,0,0,1,0,0,0,0,0,0,0,0,0,0,0,0,0,0,2.1914854618471,,
tt3369806,Max,2015,111.0,"Adventure,Drama,Family",20000000,43967255,1.19836275,6.6,31341.0,en,"Reel Chefs Catering, Sunswept Entertainment, Metro-Goldwyn-Mayer, Warner Bros. Pictures",14.306,1,1,1,0,1,0,0,0,0,0,1,1,0,0,0,0,0,0,0,0,0,0,0,0,0,1.8928785316049666,,
tt3397884,Sicario,2015,121.0,"Action,Crime,Drama",30000000,84872444,1.8290814666666664,7.7,547565.0,en,"Thunder Road, Black Label Media, Lionsgate",43.821,1,0,1,1,0,0,0,0,1,0,1,0,0,0,0,0,0,0,0,0,0,0,0,0,0,2.1047703965356566,,
tt3398048,Tevar,2015,157.0,"Action,Drama,Romance",5600000,7800000,0.3928571428571428,4.2,3595.0,hi,BSK Network and Entertainment,3.21,1,1,1,1,0,0,0,0,0,0,1,0,0,0,0,0,0,0,0,1,0,0,0,0,0,2.5286729282345863,,
tt3411432,All Creatures Big And Small,2015,87.0,"Adventure,Animation,Comedy",6000000,769028,-0.8718286666666667,5.8,5523.0,en,"Moetion Films, Ulysses Filmproduktion, Fabrique d'images, Skyline Entertainment, Grid Animation",15.211,1,1,1,0,1,1,0,1,0,0,0,0,0,0,0,0,0,0,0,0,0,0,0,0,0,2.438281180503022,,
tt3422462,Bangistan,2015,135.0,"Comedy,Drama",3600000,830000,-0.7694444444444445,4.5,1532.0,hi,"Excel Entertainment, Junglee Pictures",2.444,1,1,1,0,0,0,0,1,0,0,1,0,0,0,0,0,0,0,0,0,0,0,0,0,0,2.320736542691461,,
tt3442634,The Wrong Turn,2015,92.0,"Drama,Thriller",2000000,148205,-0.9258975,6.3,581.0,fi,"Newgrange Pictures, Nordisk Film Denmark, Vertigo Productions",1.407,1,1,1,0,0,0,0,0,0,0,1,0,0,0,0,0,0,0,0,0,0,0,1,0,0,3.5015024890531175,,
tt3447364,Detective Byomkesh Bakshy!,2015,139.0,"Crime,Drama,Mystery",5100000,5200000,0.0196078431372549,7.6,25799.0,hi,Dibakar Banerjee Productions,5.452,1,1,1,0,0,0,0,0,1,0,1,0,0,0,0,0,0,1,0,0,0,0,0,0,0,3.3781517687695057,,
tt3450650,Paul Blart: Mall Cop 2,2015,94.0,"Action,Comedy,Crime",38000000,107597242,1.8315063684210529,4.5,45444.0,en,"Columbia Pictures, Hey Eddie, LStar Capital, Sony Pictures, Happy Madison Productions",27.563,1,1,1,1,0,0,0,1,1,0,0,0,0,0,0,0,0,0,0,0,0,0,0,0,0,2.190937783765231,,
tt3460252,The Hateful Eight,2015,168.0,"Crime,Drama,Mystery",44000000,155760117,2.5400026590909093,7.8,729325.0,en,"The Weinstein Company, Double Feature Films, FilmColony",32.119,1,1,1,0,0,0,0,0,1,0,1,0,0,0,0,0,0,1,0,0,0,0,0,0,0,3.3781517687695057,,
tt3464902,The Lobster,2015,119.0,"Drama,Romance,Sci-Fi",4000000,15656193,2.91404825,7.1,337388.0,en,"Scarlet Films, Haut et Court, Eurimages, Lemming Film, Element Pictures, Nederlands Fonds voor de Film, Greek Film Centre, Faliro House Productions, Limp Films, Film4 Productions, Protagonist Pictures",19.716,1,1,1,0,0,0,0,0,0,0,1,0,0,0,0,0,0,0,0,1,1,0,0,0,0,2.4850043755062545,,
tt3478962,My King,2015,124.0,"Drama,Romance",10600000,8000000,-0.2452830188679245,7.1,15229.0,fr,"France 2 Cinéma, StudioCanal, Les Productions du Trésor, 120 Films, Arches Films, Les Films de Batna",8.547,1,1,1,0,0,0,0,0,0,0,1,0,0,0,0,0,0,0,0,1,0,0,0,0,0,2.380257781258752,,
tt3488328,Pound of Flesh,2015,104.0,"Action,Crime,Thriller",7500000,163080,-0.978256,5.1,7563.0,en,"Rodin Entertainment, Odyssey Media, Chunqiu Time Culture Co., Ace Film Company",9.098,1,1,1,1,0,0,0,0,1,0,0,0,0,0,0,0,0,0,0,0,0,0,1,0,0,2.9781150813396686,-0.9973835555555555,
tt3488710,The Walk,2015,123.0,"Adventure,Biography,Drama",35000000,61181942,0.7480554857142857,7.3,142202.0,en,"TriStar Pictures, ImageMovers, Sony Pictures",18.724,1,1,1,0,1,0,1,0,0,0,1,0,0,0,0,0,0,0,0,0,0,0,0,0,0,3.0378569924184293,,
tt3508840,The Assassin,2015,105.0,"Action,Drama,History",15000000,632542,-0.9578305333333332,6.3,19099.0,zh,"Sil-Metropole Organisation, Media Asia Films, Central Motion Picture Corporation, Huace Film & TV, China Dream Film Culture Industry, SpotFilms, Wild Bunch",11.708,1,1,1,1,0,0,0,0,0,0,1,0,0,1,0,0,0,0,0,0,0,0,0,0,0,2.0096534118797824,,
tt3512072,125 Years Memory,2015,132.0,"Drama,History",15000000,8596000,-0.4269333333333333,7.1,2352.0,ja,"Toei Company, Creators' Union, Böcek Yapım",3.713,1,1,1,0,0,0,0,0,0,0,1,0,0,1,0,0,0,0,0,0,0,0,0,0,0,1.6017285067265465,,
tt3513068,Twice Upon a Time in the West,2015,97.0,"Comedy,Drama,Thriller",610000,1045,-0.9982868852459016,6.0,74.0,bg,,0.917,1,1,1,0,0,0,0,1,0,0,1,0,0,0,0,0,0,0,0,0,0,0,1,0,0,3.1509975338806853,,
tt3530002,The Night Before,2015,101.0,"Comedy,Fantasy",25000000,52395996,1.09583984,6.4,90759.0,en,"Sony Pictures, Good Universe, Point Grey Pictures, Columbia Pictures",11.792,1,1,1,0,0,0,0,1,0,0,0,0,1,0,0,0,0,0,0,0,0,0,0,0,0,3.055043658229339,,-0.7194856363636364
tt3540136,Wolf Warrior,2015,90.0,"Action,Crime,Thriller",12000000,80000000,5.666666666666667,5.3,6533.0,zh,"Nanking Military Area Command Of The TV Art Centre, Beijing Dengfeng International Culture, Chunqiu Time Co.",13.063,1,1,1,1,0,0,0,0,1,0,0,0,0,0,0,0,0,0,0,0,0,0,1,0,0,2.9781150813396686,,
tt3567288,The Visit,2015,94.0,"Horror,Mystery,Thriller",5000000,98450062,18.6900124,6.3,178590.0,en,"Blumhouse Productions, Blinding Edge Pictures",19.603,1,1,1,0,0,0,0,0,0,0,0,0,0,0,1,0,0,1,0,0,0,0,1,0,0,7.474229101988549,,
tt3569230,Legend,2015,132.0,"Biography,Crime,Drama",25000000,42972994,0.71891976,6.9,226323.0,en,"Working Title Films, Cross Creek Pictures, Anton Capital Entertainment, StudioCanal, Canal+, Universal Pictures",29.789,1,1,1,0,0,0,1,0,1,0,1,0,0,0,0,0,0,0,0,0,0,0,0,0,0,2.8245376418505175,,
tt3576728,Bilal: A New Breed of Hero,2015,105.0,"Action,Adventure,Animation",30000000,1750000,-0.9416666666666668,7.5,19362.0,en,"Barajoun Entertainment, Resnick Interactive Development",9.4,0,0,1,1,1,1,0,0,0,0,0,0,0,0,0,0,0,0,0,0,0,0,0,0,0,2.5634530467198324,,
tt3593046,Lost in the Sun,2015,95.0,"Action,Drama,Thriller",25000,25000,0.0,6.0,4643.0,en,,6.129,1,1,1,1,0,0,0,0,0,0,1,0,0,0,0,0,0,0,0,0,0,0,1,0,0,3.2761694000974964,,
tt3595298,Prem Ratan Dhan Payo,2015,164.0,"Action,Drama,Musical",23400000,67000000,1.8632478632478635,4.5,26190.0,hi,"Star Studios, Rajshri Productions",8.659,1,1,1,1,0,0,0,0,0,0,1,0,0,0,0,0,1,0,0,0,0,0,0,0,0,2.313749609995874,,
tt3605418,Knock Knock,2015,99.0,"Crime,Thriller",2500000,6341684,1.5366736,4.9,116695.0,en,"Sobras International Pictures, Lionsgate Premiere, UFA, Black Bear Pictures, Camp Grey, Elevated Films, Movie Trailer House, Rogovin Brothers, Dragonfly Entertainment",33.974,1,1,1,0,0,0,0,0,1,0,0,0,0,0,0,0,0,0,0,0,0,0,1,0,0,3.0544210109163754,,
tt3614530,Jem and the Holograms,2015,118.0,"Adventure,Drama,Family",5000000,2333684,-0.5332632,4.2,8763.0,en,"Blumhouse Productions, Chu Studios, SB Projects",9.172,1,1,0,0,1,0,0,0,0,0,1,1,0,0,0,0,0,0,0,0,0,0,0,0,0,1.8928785316049666,,
tt3616292,Dartmoor Killing,2015,94.0,"Drama,Horror,Mystery",500000,29198,-0.941604,4.4,523.0,en,,1.364,1,1,1,0,0,0,0,0,0,0,1,0,0,0,1,0,0,1,0,0,0,0,0,0,0,6.600884417184538,,
tt3616916,The Wave,2015,105.0,"Action,Drama,Thriller",5904067,12975143,1.1976618829020742,6.6,46827.0,no,"Fantefilm, Film i Väst, Tre Vänner",16.588,1,1,1,1,0,0,0,0,0,0,1,0,0,0,0,0,0,0,0,0,0,0,1,0,0,3.2761694000974964,,
tt3622592,Paper Towns,2015,109.0,"Adventure,Comedy,Drama",12000000,85512300,6.126025,6.2,112226.0,en,"Fox 2000 Pictures, Temple Hill Entertainment",17.592,1,1,1,0,1,0,0,1,0,0,1,0,0,0,0,0,0,0,0,0,0,0,0,0,0,2.192917880886758,,20.94048814285714
tt3623726,Ricki and the Flash,2015,101.0,"Comedy,Drama,Music",18000000,41325328,1.2958515555555556,6.0,26082.0,en,"LStar Capital, Clinica Estetico, TriStar Pictures",9.179,1,1,1,0,0,0,0,1,0,0,1,0,0,0,0,1,0,0,0,0,0,0,0,0,0,1.7323789559176836,,
tt3626742,Spanish Affair 2,2015,99.0,"Comedy,Romance",4500000,38482411,7.551646888888889,5.4,8661.0,es,Telecinco Cinema,8.274,1,1,1,0,0,0,0,1,0,0,0,0,0,0,0,0,0,0,0,1,0,0,0,0,0,2.5095088621031136,25.25620433333333,25.25620433333333
tt3633118,Guardians of Oz,2015,86.0,"Adventure,Animation,Fantasy",10000000,1921923,-0.8078077,4.6,306.0,es,"Ánima Estudios, Discreet Arts Productions",2.269,1,1,1,0,1,1,0,0,0,0,0,0,1,0,0,0,0,0,0,0,0,0,0,0,0,2.8416518702986995,,0.94874212
tt3640682,I Smile Back,2015,85.0,"Drama,Mystery,Romance",495000,63373,-0.8719737373737374,6.2,6288.0,en,"Koppelman-Levien, Egoli Tossell Film",5.522,1,0,1,0,0,0,0,0,0,0,1,0,0,0,0,0,0,1,0,1,0,0,0,0,0,3.8020543004684346,,
tt3646540,People Get Eaten,2015,104.0,"Comedy,Drama",2500000,2651302,0.0605208,6.6,608.0,da,"Det Danske Filminstitut, Clausen Film",1.378,1,1,1,0,0,0,0,1,0,0,1,0,0,0,0,0,0,0,0,0,0,0,0,0,0,2.320736542691461,,
tt3659388,The Martian,2015,144.0,"Adventure,Drama,Sci-Fi",108000000,630600000,4.838888888888889,8.0,1026990.0,en,"Scott Free Productions, Genre Films",76.0,1,1,1,0,1,0,0,0,0,0,1,0,0,0,0,0,0,0,0,0,1,0,0,0,0,2.2744211943752366,0.914513057142857,
tt3672840,Dragon Blade,2015,127.0,"Action,Drama,History",65000000,121545703,0.8699338923076924,5.9,22648.0,zh,"Visualizer Film Company, Shanghai Film Group, Jackie & JJ Production, Sparkle Roll Media, Alibaba Pictures Group, Home Media & Entertainment Fund, Tencent Video, China Film & TV Capital, Huayi Brothers Pictures",22.678,1,1,1,1,0,0,0,0,0,0,1,0,0,1,0,0,0,0,0,0,0,0,0,0,0,2.0096534118797824,,
tt3678782,Badlapur,2015,134.0,"Action,Crime,Drama",3700000,11480000,2.1027027027027025,7.4,29052.0,hi,Maddock Films,7.022,1,1,1,1,0,0,0,0,1,0,1,0,0,0,0,0,0,0,0,0,0,0,0,0,0,2.1047703965356566,,
tt3682448,Bridge of Spies,2015,142.0,"Drama,History,Thriller",40000000,165478348,3.1369587,7.6,346842.0,en,"TSG Entertainment, Amblin Entertainment, Studio Babelsberg, Fox 2000 Pictures, Marc Platt Productions, Participant, Reliance Entertainment, DreamWorks Pictures",15.627,1,1,1,0,0,0,0,0,0,0,1,0,0,1,0,0,0,0,0,0,0,0,1,0,0,2.6716588432374095,,0.8786648376068373
tt3707106,By the Sea,2015,122.0,"Drama,Romance",10000000,3727746,-0.6272254,5.3,23844.0,en,"Pellikola Limited, Plan B Entertainment, Jolie Pas",7.928,1,1,1,0,0,0,0,0,0,0,1,0,0,0,0,0,0,0,0,1,0,0,0,0,0,2.380257781258752,1.5145067230769231,
tt3715320,Irrational Man,2015,95.0,"Comedy,Crime,Drama",11000000,27391084,1.4900985454545457,6.6,70965.0,en,"Perdido Productions, Sony Pictures, Gravier Productions",9.574,1,1,1,0,0,0,0,1,1,0,1,0,0,0,0,0,0,0,0,0,0,0,0,0,0,1.979598530318846,2.0374619642857144,2.0374619642857144
tt3722070,The Lady in the Van,2015,104.0,"Biography,Comedy,Drama",6000000,41387687,5.897947833333333,6.7,34967.0,en,"BBC Film, TriStar Pictures",11.069,1,1,1,0,0,0,1,1,0,0,1,0,0,0,0,0,0,0,0,0,0,0,0,0,0,3.208759347837919,,
tt3735246,Bajirao Mastani,2015,158.0,"Action,Drama,History",19500000,56000000,1.871794871794872,7.3,42899.0,hi,"Eros International, Bhansali Productions",13.421,1,1,1,1,0,0,0,0,0,0,1,0,0,1,0,0,0,0,0,0,0,0,0,0,0,2.0096534118797824,,
tt3742284,NH 10,2015,115.0,"Action,Crime,Drama",200000,5100000,24.5,7.2,15068.0,hi,"Eros International, Phantom Films, Clean Slate Films",4.788,1,1,1,1,0,0,0,0,1,0,1,0,0,0,0,0,0,0,0,0,0,0,0,0,0,2.1047703965356566,,
tt3766394,"Hello, My Name Is Doris",2015,90.0,"Comedy,Drama,Romance",1000000,14659448,13.659448,6.6,23612.0,en,"Red Crown Productions, Haven Entertainment",10.583,1,1,1,0,0,0,0,1,0,0,1,0,0,0,0,0,0,0,0,1,0,0,0,0,0,2.4035010620177757,,
tt3767372,Piku,2015,123.0,"Comedy,Drama",5500000,22159216,3.0289483636363634,7.6,37219.0,hi,"Rising Sun Films, MSM Motion Pictures, Saraswati Entertainment Creations Limited",7.921,1,1,1,0,0,0,0,1,0,0,1,0,0,0,0,0,0,0,0,0,0,0,0,0,0,2.320736542691461,,
tt3774694,Love,2015,135.0,"Drama,Romance",3000000,249083,-0.9169723333333332,6.1,74710.0,fr,"Wild Bunch, Les Cinémas de la Zone, RT Features, Rectangle Productions, SCOPE Pictures",23.179,1,1,1,0,0,0,0,0,0,0,1,0,0,0,0,0,0,0,0,1,0,0,0,0,0,2.380257781258752,,
tt3787590,We Are Your Friends,2015,96.0,"Drama,Music,Romance",6000000,11122090,0.8536816666666667,6.2,42822.0,en,"Working Title Films, StudioCanal, Anton Capital Entertainment, RatPac Entertainment, Shadowcast Pictures, Warner Bros. Pictures",18.768,1,1,1,0,0,0,0,0,0,0,1,0,0,0,0,1,0,0,0,1,0,0,0,0,0,1.7720597816292116,,
tt3791302,Standing Tall,2015,120.0,Drama,5000000,26144,-0.9947712,6.9,4107.0,fr,"Les Films du Kiosque, France 2 Cinéma",8.657,1,1,1,0,0,0,0,0,0,0,1,0,0,0,0,0,0,0,0,0,0,0,0,0,0,2.1914854618471,,
tt3792960,The Brand New Testament,2015,114.0,"Comedy,Drama,Fantasy",8700000,15709652,0.8057071264367817,7.1,37281.0,fr,"Caviar, Climax Films, VOO, Orange Studio, Bac Cinema, Terra Incognita Films, Après le Déluge, Belga Productions, RTBF, BeTV, BNP Paribas Fortis",9.293,1,1,1,0,0,0,0,1,0,0,1,0,1,0,0,0,0,0,0,0,0,0,0,0,0,2.7671909261019256,,
tt3808342,Son of Saul,2015,107.0,"Drama,War",1000000,1777043,0.777043,7.4,54802.0,hu,"Hungarian National Film Fund, Laokoon Filmgroup",13.38,1,1,1,0,0,0,0,0,0,0,1,0,0,0,0,0,0,0,0,0,0,0,0,1,0,1.239824731903942,,
tt3813310,Cop Car,2015,88.0,"Crime,Thriller",5000000,143658,-0.9712684,6.3,36863.0,en,"End Cue, Park Pictures Features, Audax Films, Dark Arts Film",7.948,1,1,1,0,0,0,0,0,1,0,0,0,0,0,0,0,0,0,0,0,0,0,1,0,0,3.0544210109163754,,
tt3819668,Dragon Ball Z: Resurrection 'F',2015,94.0,"Action,Adventure,Animation",5000000,61768190,11.353638,7.1,25990.0,ja,"Toei Animation, Fizz Sound Creation, Toei Company, Fox International Productions Japan, Shueisha, Fuji Television Network, Bandai, Bandai Namco Group",57.816,0,1,1,1,1,1,0,0,0,0,0,0,0,0,0,0,0,0,0,0,0,0,0,0,0,2.5634530467198324,,
tt3824458,Tangerine,2015,88.0,"Comedy,Crime,Drama",100000,924793,8.24793,7.1,43510.0,en,"Through Films, Duplass Brothers Productions",8.847,1,1,0,0,0,0,0,1,1,0,1,0,0,0,0,0,0,0,0,0,0,0,0,0,0,1.979598530318846,,
tt3832914,War Room,2015,120.0,Drama,3000000,67790117,21.596705666666665,6.5,17751.0,en,"FaithStep Films, Affirm Films, Provident Films, Red Sky Studios, TriStar Pictures",23.185,1,1,1,0,0,0,0,0,0,0,1,0,0,0,0,0,0,0,0,0,0,0,0,0,0,2.1914854618471,,
tt3836512,Ratter,2015,80.0,"Drama,Horror,Mystery",500000,110834,-0.778332,4.8,11078.0,en,Start Motion Pictures,9.121,0,1,1,0,0,0,0,0,0,0,1,0,0,0,1,0,0,1,0,0,0,0,0,0,0,6.600884417184538,,
tt3837248,Love Live! The School Idol Movie,2015,99.0,"Animation,Comedy,Drama",3000000,21000000,6.0,7.0,733.0,ja,"SUNRISE, Bandai Visual, Lantis, Bushiroad, ASCII Media Works, Shochiku, 2015 PROJECT Lovelive! Movie",6.657,1,1,1,0,0,1,0,1,0,0,1,0,0,0,0,0,0,0,0,0,0,0,0,0,0,2.523016148692937,,
tt3850214,Dope,2015,103.0,"Adventure,Comedy,Crime",7000000,17986781,1.569540142857143,7.2,92240.0,en,"Revolt Films, Significant Productions, IamOTHER Entertainment",9.539,1,1,1,0,1,0,0,1,1,0,0,0,0,0,0,0,0,0,0,0,0,0,0,0,0,1.89486356212893,,
tt3850590,Krampus,2015,98.0,"Comedy,Fantasy,Horror",15000000,61788393,3.1192262,6.2,95280.0,en,"Universal Pictures, Legendary Pictures",19.663,1,1,1,0,0,0,0,1,0,0,0,0,1,0,1,0,0,0,0,0,0,0,0,0,0,5.691869255759131,,
tt3859076,Truth,2015,125.0,"Biography,Drama,History",9600000,5383097,-0.4392607291666666,6.8,22805.0,en,"Mythology Entertainment, Dirty Films",25.237,0,1,1,0,0,0,1,0,0,0,1,0,0,1,0,0,0,0,0,0,0,0,0,0,0,2.729420657194643,,2.544811615
tt3859304,The Bronze,2015,100.0,"Comedy,Drama,Sport",3500000,615816,-0.8240525714285715,6.1,14587.0,en,Duplass Brothers Productions,10.342,1,1,1,0,0,0,0,1,0,0,1,0,0,0,0,0,0,0,0,0,0,1,0,0,0,1.5421206734088722,,
tt3862750,The Perfect Guy,2015,100.0,"Drama,Romance,Thriller",12000000,60273173,4.022764416666667,5.6,12052.0,en,Screen Gems,10.295,1,1,1,0,0,0,0,0,0,0,1,0,0,0,0,0,0,0,0,1,0,0,1,0,0,3.1906783595922135,,
tt3863552,Bajrangi Bhaijaan,2015,163.0,"Adventure,Comedy,Drama",13000000,150000000,10.538461538461538,8.1,113187.0,hi,"Rockline Entertainments, Kabir Khan Films, Salman Khan Films",11.407,1,1,1,0,1,0,0,1,0,0,1,0,0,0,0,0,0,0,0,0,0,0,0,0,0,2.192917880886758,,
tt3896100,Capture the Flag,2015,94.0,"Adventure,Animation,Comedy",14000000,8306690,-0.406665,5.8,4351.0,es,"4 Cats Pictures, Telefónica Studios, Los Rockets La Película, Ikiru Films, Lightbox Animation Studios, Telecinco Cinema",9.765,1,1,1,0,1,1,0,1,0,0,0,0,0,0,0,0,0,0,0,0,0,0,0,0,0,2.438281180503022,,
tt3914624,Kletka,2015,100.0,"Crime,Drama,Thriller",700000,18382,-0.97374,4.8,55.0,ru,Fortuna Film,1.4,1,1,1,0,0,0,0,0,1,0,1,0,0,0,0,0,0,0,0,0,0,0,1,0,0,2.7667758278932837,,
tt3966404,Mustang,2015,97.0,Drama,1300000,5274664,3.057433846153846,7.6,43338.0,tr,"CG Cinéma, Vistamar Filmproduktion, Uhlandfilm, Bam Film, Kinology, Ciné+, ZDF/Arte, Turkish Culture Ministry, Film- und Medienstiftung NRW, DFI, CNC, Canal+, FFA",11.782,1,1,0,0,0,0,0,0,0,0,1,0,0,0,0,0,0,0,0,0,0,0,0,0,0,2.1914854618471,,
tt4005402,Colonia,2015,110.0,"Biography,Drama,History",14000000,3621046,-0.7413538571428572,7.0,60017.0,en,"Majestic Filmproduktion, Rat Pack Filmproduktion, Iris Productions, Fred Films",16.365,1,1,1,0,0,0,1,0,0,0,1,0,0,1,0,0,0,0,0,0,0,0,0,0,0,2.729420657194643,,
tt4024546,Bis,2015,98.0,"Comedy,Fantasy",14000000,10846026,-0.2252838571428571,5.5,1996.0,fr,"EuropaCorp, Few, TF1 Films Production",6.245,1,1,1,0,0,0,0,1,0,0,0,0,1,0,0,0,0,0,0,0,0,0,0,0,0,3.055043658229339,,
tt4046784,Maze Runner: The Scorch Trials,2015,131.0,"Action,Adventure,Sci-Fi",61000000,312296056,4.119607475409836,6.3,311932.0,en,"Temple Hill Entertainment, Gotham Group, TSG Entertainment, 20th Century Fox",42.487,1,1,1,1,1,0,0,0,0,0,0,0,0,0,0,0,0,0,0,0,1,0,0,0,0,2.485760447821622,9.244701794117647,9.244701794117647
tt4057376,I Am Dragon,2015,110.0,"Adventure,Fantasy,Romance",18000000,10495305,-0.4169275,6.8,7368.0,ru,"Splendid Film, Bazelevs Production, Mindstream Productions",27.705,0,1,1,0,1,0,0,0,0,0,0,0,1,0,0,0,0,0,0,1,0,0,0,0,0,2.722136783623538,,
tt4061010,Blackway,2015,90.0,"Action,Mystery,Thriller",8000000,16458,-0.99794275,5.3,11424.0,en,"Gotham Group, Enderby Entertainment",9.717,1,1,1,1,0,0,0,0,0,0,0,0,0,0,0,0,0,1,0,0,0,0,1,0,0,4.76089002577773,,
tt4062536,Green Room,2015,95.0,"Horror,Thriller",5000000,3769214,-0.2461572,6.9,155298.0,en,"filmscience, Broad Green Pictures",11.648,1,1,1,0,0,0,0,0,0,0,0,0,0,0,1,0,0,0,0,0,0,0,1,0,0,7.8885199835389255,,
tt4110568,Dil Dhadakne Do,2015,170.0,"Comedy,Drama,Romance",13000000,22000000,0.6923076923076923,7.1,22318.0,hi,"Babieka Films, Excel Entertainment, Junglee Pictures",8.427,1,1,1,0,0,0,0,1,0,0,1,0,0,0,0,0,0,0,0,1,0,0,0,0,0,2.4035010620177757,,
tt4141024,"Help, I Shrunk My Teacher",2015,90.0,"Action,Adventure,Comedy",7000000,8521017,0.2172881428571428,5.2,935.0,de,"Mini Film, Blue Eyes Fiction, Karibufilm",6.745,1,1,1,1,1,0,0,1,0,0,0,0,0,0,0,0,0,0,0,0,0,0,0,0,0,2.4042571343331427,,
tt4142012,Emme Fahu Vindhaa Jehendhen,2015,140.0,"Drama,Romance",32500,35000,0.0769230769230769,7.7,32.0,dv,Dark Rain Entertainment,0.6,1,1,1,0,0,0,0,0,0,0,1,0,0,0,0,0,0,0,0,1,0,0,0,0,0,2.380257781258752,,
tt4142022,Italiano medio,2015,90.0,Comedy,1816720,4541800,1.5,6.1,2942.0,it,"Medusa Film, Lotus Production",5.106,1,1,1,0,0,0,0,1,0,0,0,0,0,0,0,0,0,0,0,0,0,0,0,0,0,2.449987623535822,,
tt4158624,3 Generations,2015,92.0,Drama,10000000,680351,-0.9319649,6.0,7353.0,en,"IM Global, Big Beach",8.001,1,1,1,0,0,0,0,0,0,0,1,0,0,0,0,0,0,0,0,0,0,0,0,0,0,2.1914854618471,,
tt4158834,8 Saniye,2015,120.0,"Biography,Drama,Fantasy",5556000,1759935,-0.683237041036717,6.3,2203.0,de,"BKM, Barefoot Films, Böcek Film, Galata Film, Beng'S Production",2.151,1,1,0,0,0,0,1,0,0,0,1,0,1,0,0,0,0,0,0,0,0,0,0,0,0,3.6121300376335967,,
tt4176826,Look Who's Back,2015,116.0,"Comedy,Drama,Fantasy",3196621,25513752,6.981475439221603,7.0,54466.0,de,"Constantin Film, Claussen+Wöbke Filmproduktion, Mythos Film",15.199,1,1,1,0,0,0,0,1,0,0,1,0,1,0,0,0,0,0,0,0,0,0,0,0,0,2.7671909261019256,,
tt4178092,The Gift,2015,108.0,"Drama,Mystery,Thriller",5000000,58978653,10.7957306,7.0,187254.0,en,"Blumhouse Productions, Blue-Tongue Films, Ahimsa Films",16.035,1,1,1,0,0,0,0,0,0,0,1,0,0,0,0,0,0,1,0,0,0,0,1,0,0,4.549550772331345,,-0.7951014693877543
tt4183692,Woodlawn,2015,123.0,"Biography,Drama,History",12000000,14394097,0.1995080833333333,6.5,8515.0,en,Sony Pictures,19.149,1,1,1,0,0,0,1,0,0,0,1,0,0,1,0,0,0,0,0,0,0,0,0,0,0,2.729420657194643,1.0859414,1.0859414
tt4187590,Battalion,2015,120.0,"Action,Drama,History",10000000,7547762,-0.2452238,6.4,1855.0,ru,"Art Pictures Studio, Corner Work",3.713,1,1,1,1,0,0,0,0,0,0,1,0,0,1,0,0,0,0,0,0,0,0,0,0,0,2.0096534118797824,,
tt4219894,Lokmanya Ek Yugpurush,2015,139.0,History,1700000,930000,-0.4529411764705882,8.2,849.0,mr,Neena Raut Films,0.724,0,1,1,0,0,0,0,0,0,0,0,0,0,1,0,0,0,0,0,0,0,0,0,0,0,1.0119715516059935,,-0.3285714285714285
tt4238858,The Fits,2015,72.0,"Drama,Music",170000,169242,-0.0044588235294117,6.6,5306.0,en,"Yes Ma'am Productions, Cinereach, Oscilloscope",4.451,1,1,0,0,0,0,0,0,0,0,1,0,0,0,0,1,0,0,0,0,0,0,0,0,0,1.373574622108615,,
tt4258292,Yennai Arindhaal,2015,168.0,"Action,Crime,Drama",7900000,16000000,1.0253164556962024,7.3,11191.0,ta,Shri Sai Raam Creations,4.723,1,1,1,1,0,0,0,0,1,0,1,0,0,0,0,0,0,0,0,0,0,0,0,0,0,2.1047703965356566,,
tt4263482,The Witch,2015,92.0,"Drama,Fantasy,Horror",3500000,40423945,10.549698571428571,7.0,358361.0,en,"Very Special Projects, Parts and Labor, RT Features, Rooks Nest Entertainment, Maiden Voyage Pictures, Pulse Films, Scythia Films, Code Red Productions, Mott Street Pictures",33.875,1,1,1,0,0,0,0,0,0,0,1,0,1,0,1,0,0,0,0,0,0,0,0,0,0,5.605701868529557,,
tt4270516,Grandma,2015,79.0,"Comedy,Drama",600000,7205073,11.008455,6.7,18106.0,en,"1821 Pictures, Depth of Field",11.118,1,1,1,0,0,0,0,1,0,0,1,0,0,0,0,0,0,0,0,0,0,0,0,0,0,2.320736542691461,,
tt4271820,OK Kanmani,2015,139.0,"Drama,Musical,Romance",940000,5100000,4.425531914893617,7.4,8148.0,ta,Madras Talkies,4.382,1,1,1,0,0,0,0,0,0,0,1,0,0,0,0,0,1,0,0,1,0,0,0,0,0,2.228258569490591,,
tt4276752,Mojin: The Lost Legend,2015,127.0,"Action,Adventure,Drama",37000000,278300000,6.521621621621621,5.9,4760.0,zh,Beijing Enlight Pictures,12.818,1,1,1,1,1,0,0,0,0,0,1,0,0,0,0,0,0,0,0,0,0,0,0,0,0,2.318089747103569,,
tt4285496,Embrace of the Serpent,2015,125.0,"Adventure,Biography,Drama",1400000,1320005,-0.0571392857142857,7.8,26051.0,es,"Nortesur Producciones, Buffalo Films, Caracol Televisión, Ciudad Lunar, MC Producciones, Dago García Producciones",7.171,1,1,1,0,1,0,1,0,0,0,1,0,0,0,0,0,0,0,0,0,0,0,0,0,0,3.0378569924184293,,
tt4306116,Three Brave,2015,94.0,"Action,Adventure,Animation",143149,645135,3.506737734807788,7.1,689.0,ur,"Waadi Animations, ARY Films, SOC Films",1.06,1,0,0,1,1,1,0,0,0,0,0,0,0,0,0,0,0,0,0,0,0,0,0,0,0,2.5634530467198324,,
tt4307968,Fashion Chicks,2015,95.0,"Comedy,Romance",450000,1500000,2.333333333333333,5.1,428.0,nl,"Sparkel Pictures, AM Pictures, Just Productions",4.432,1,1,1,0,0,0,0,1,0,0,0,0,0,0,0,0,0,0,0,1,0,0,0,0,0,2.5095088621031136,,
tt4337690,90 Minutes in Heaven,2015,121.0,Drama,5000000,4842699,-0.0314602,5.0,4913.0,en,"Giving Films, EFO Films",12.987,1,1,1,0,0,0,0,0,0,0,1,0,0,0,0,0,0,0,0,0,0,0,0,0,0,2.1914854618471,,
tt4374460,Aferim!,2015,108.0,"Adventure,Comedy,Drama",1379375,105097,-0.9238082464884458,7.6,8579.0,ro,"Hi Film Productions, Klas Film, Endorfilm",4.352,1,1,1,0,1,0,0,1,0,0,1,0,0,0,0,0,0,0,0,0,0,0,0,0,0,2.192917880886758,,
tt4374502,The Ghosts of Johnson Woods,2015,80.0,"Horror,Thriller",60000,3145,-0.9475833333333332,5.0,52.0,en,"Driving With Our Eyes Shut, Cold Spring Productions",1.4,1,1,1,0,0,0,0,0,0,0,0,0,0,0,1,0,0,0,0,0,0,0,1,0,0,7.8885199835389255,,
tt4400058,Babysitting 2,2015,93.0,Comedy,9458736,24563629,1.5969251071179067,6.4,8626.0,fr,"M6 Films, Axel Films, Madame Films",11.558,1,1,1,0,0,0,0,1,0,0,0,0,0,0,0,0,0,0,0,0,0,0,0,0,0,2.449987623535822,4.958501176470589,4.958501176470589
tt4411504,The Clan,2015,108.0,"Biography,Crime,Drama",3500000,20381995,4.823427142857143,6.9,15318.0,es,"El Deseo, Matanza Cine, Telefe, K & S Films, INCAA, ICAA, Telefónica Studios, VFX Boat, Film Factory, Fox International Productions Spain",9.781,1,1,1,0,0,0,1,0,1,0,1,0,0,0,0,0,0,0,0,0,0,0,0,0,0,2.8245376418505175,,5.751768000000001
tt4415068,Ah Boys to Men 3: Frogmen,2015,148.0,"Action,Comedy",2020000,5520000,1.7326732673267329,6.6,364.0,en,J Team Productions,3.362,1,1,1,1,0,0,0,1,0,0,0,0,0,0,0,0,0,0,0,0,0,0,0,0,0,2.637745422861038,-0.47863125000000006,-0.47863125000000006
tt4421344,Game Therapy,2015,97.0,"Action,Comedy,Sci-Fi",2000000,1341185,-0.3294075,2.3,918.0,it,"Webstar Channel, Pulse Films, Dune Films, Indiana Production, Lucky Red, Keyfilms Roma, CG Entertainment, MiC, Regione Lazio, BNL – Gruppo BNP Paribas",5.178,1,0,1,1,0,0,0,1,0,0,0,0,0,0,0,0,0,0,0,0,1,0,0,0,0,2.6566628032411117,,
tt4432480,RangiTaranga,2015,149.0,"Mystery,Thriller",490000,5000000,9.20408163265306,8.1,16070.0,kn,,1.596,1,1,0,0,0,0,0,0,0,0,0,0,0,0,0,0,0,1,0,0,0,0,1,0,0,5.728583427573467,,
tt4442758,Temper,2015,147.0,"Action,Crime,Drama",5400000,11600000,1.148148148148148,7.4,8895.0,te,Parameswara Art Productions,4.456,1,1,1,1,0,0,0,0,1,0,1,0,0,0,0,0,0,0,0,0,0,0,0,0,0,2.1047703965356566,,1.5
tt4448050,The Forgiveness Journey,2015,73.0,"Documentary,Drama",2000,2000,0.0,,,en,Metamora Films,0.6,1,1,0,0,0,0,0,0,0,1,1,0,0,0,0,0,0,0,0,0,0,0,0,0,0,1.1694887698124388,,
tt4473938,The Miracle of Tekir,2015,90.0,"Drama,Mystery",1800000,2968,-0.9983511111111112,5.9,235.0,ro,Elefant Film,2.122,1,1,1,0,0,0,0,0,0,0,1,0,0,0,0,0,0,1,0,0,0,0,0,0,0,4.41856640036745,,
tt4501454,The Meddler,2015,103.0,"Comedy,Drama,Romance",3200000,4267218,0.333505625,6.3,15305.0,en,Anonymous Content,7.232,1,1,1,0,0,0,0,1,0,0,1,0,0,0,0,0,0,0,0,1,0,0,0,0,0,2.4035010620177757,,
tt4511566,Navy Seals vs. Zombies,2015,97.0,"Action,Horror",1181389,56191,-0.9524364963614864,3.3,2622.0,en,"Throne Productions, Hollywood Media Bridge",10.185,0,1,1,1,0,0,0,0,0,0,0,0,0,0,1,0,0,0,0,0,0,0,0,0,0,6.895511836502485,,
tt4515684,The Treasure,2015,89.0,Comedy,1016549,82392,-0.9189493079035048,6.7,3341.0,ro,"Rouge International, Les films du Worso, 42 Km Film, ARTE France Cinéma, CNC, Focus Sat, SC UPC Romania, Ministère des Affaires Étrangères, Romanian Film Board (C.N.C.), Fonds Eurimages du Conseil de l'Europe, HBO Romania, Institut Français, L'Aide aux Cinémas du Monde, Nestlé Romania",3.228,1,1,1,0,0,0,0,1,0,0,0,0,0,0,0,0,0,0,0,0,0,0,0,0,0,2.449987623535822,,
tt4523112,Selam: Bahara Yolculuk,2015,126.0,"Biography,Drama,History",500000,500001,2e-06,7.1,4217.0,tr,Panoramik Film,0.745,1,1,1,0,0,0,1,0,0,0,1,0,0,1,0,0,0,0,0,0,0,0,0,0,0,2.729420657194643,,
tt4527664,Tex Montana Will Survive!,2015,84.0,"Adventure,Comedy",1500,53889,34.926,5.9,435.0,en,O. Hannah Films,0.983,1,0,1,0,1,0,0,1,0,0,0,0,0,0,0,0,0,0,0,0,0,0,0,0,0,2.193634090406587,,
tt4535650,Dilwale,2015,158.0,"Action,Comedy,Drama",26000000,61000000,1.3461538461538465,5.1,42393.0,hi,"Red Chillies Entertainment, Rohit Shetty Productionz",7.286,1,1,1,1,0,0,0,1,0,0,1,0,0,0,0,0,0,0,0,0,0,0,0,0,0,2.4889921025230586,,
tt4557014,Oru Vadakkan Selfie,2015,141.0,"Comedy,Thriller",670000,4700000,6.014925373134329,6.7,3639.0,ml,Cast N' Crew,2.643,0,1,1,0,0,0,0,1,0,0,0,0,0,0,0,0,0,0,0,0,0,0,1,0,0,3.630753569897478,,
tt4590218,Cumbia la reina,2015,75.0,"Documentary,Music",100000,100000,0.0,8.1,17.0,es,La Granja Cine,0.6,0,0,0,0,0,0,0,0,0,1,0,0,0,0,0,1,0,0,0,0,0,0,0,0,0,0.3515779300739538,,
tt4597454,Rana Vikrama,2015,148.0,Thriller,1974853,3554736,0.8000003038200818,6.5,896.0,kn,Jayanna Combines,0.6,1,1,1,0,0,0,0,0,0,0,0,0,0,0,0,0,0,0,0,0,0,0,1,0,0,4.811519516259135,,
tt4608574,Essex Boys: Law of Survival,2015,88.0,"Action,Crime,Drama",60000,37500,-0.375,2.9,948.0,en,Greenway Entertainment,2.576,1,1,1,1,0,0,0,0,1,0,1,0,0,0,0,0,0,0,0,0,0,0,0,0,0,2.1047703965356566,,
tt4625752,Odnoy levoy,2015,79.0,"Comedy,Drama,Fantasy",2400000,3346518,0.3943825,4.4,543.0,ru,Fresh Film,1.304,0,1,0,0,0,0,0,1,0,0,1,0,1,0,0,0,0,0,0,0,0,0,0,0,0,2.7671909261019256,,
tt4629032,The Dawns Here Are Quiet...,2015,110.0,"Drama,War",3300000,5249225,0.5906742424242424,6.8,2281.0,ru,"Реал-Дакота, Star Media, Interfest",9.078,1,1,1,0,0,0,0,0,0,0,1,0,0,0,0,0,0,0,0,0,0,0,0,1,0,1.239824731903942,,
tt4635548,Wrong No.,2015,133.0,"Comedy,Romance",390000,1570000,3.025641025641025,6.5,1983.0,ur,YNH Films,1.859,1,0,1,0,0,0,0,1,0,0,0,0,0,0,0,0,0,0,0,1,0,0,0,0,0,2.5095088621031136,,
tt4643580,Huevos: Little Rooster's Egg-cellent Adventure,2015,98.0,"Adventure,Animation,Comedy",5300000,26072723,3.919381698113208,5.8,1407.0,es,"Simka Entertainment, Huevocartoon Producciones, Videocine",15.205,1,1,1,0,1,1,0,1,0,0,0,0,0,0,0,0,0,0,0,0,0,0,0,0,0,2.438281180503022,,
tt4644382,Monkey King: Hero Is Back,2015,89.0,"Action,Adventure,Animation",10000000,150000000,14.0,6.7,5171.0,zh,"Hengdian Chinese Film Production Co., Beijing Weiyingshidai Culture & Media, October Media, October Animation Studio, S&C Pictures, Shandong Film & TV Group",24.178,0,1,0,1,1,1,0,0,0,0,0,0,0,0,0,0,0,0,0,0,0,0,0,0,0,2.5634530467198324,,-0.4118373864639757
tt4679076,Tus padres volverán,2015,80.0,Documentary,293000,20698,-0.929358361774744,7.8,19.0,es,Gabinete Films,0.6,1,1,0,0,0,0,0,0,0,1,0,0,0,0,0,0,0,0,0,0,0,0,0,0,0,0.14749207777777776,,
tt4679210,Premam,2015,156.0,"Comedy,Drama,Musical",620000,1100000,0.7741935483870968,8.3,28762.0,ml,Anwar Rasheed Entertainments,8.974,1,1,1,0,0,0,0,1,0,0,1,0,0,0,0,0,1,0,0,0,0,0,0,0,0,2.1885777437790632,,
tt4686604,On the Road to Berlin,2015,82.0,"Drama,War",3800000,488569,-0.8714292105263158,6.5,1101.0,ru,Mosfilm,3.98,1,1,1,0,0,0,0,0,0,0,1,0,0,0,0,0,0,0,0,0,0,0,0,1,0,1.239824731903942,,
tt4692368,Jawani Phir Nahi Ani,2015,156.0,"Adventure,Comedy,Musical",20000000,77000000,2.85,7.3,3524.0,ur,Six Sigma Entertainment,1.381,1,1,1,0,1,0,0,1,0,0,0,0,0,0,0,0,1,0,0,0,0,0,0,0,0,2.1038427755891473,,
tt4714204,Prilichnye lyudi,2015,90.0,Comedy,2000000,1683000,-0.1585,3.8,178.0,ru,"Emotion Pictures, Renovatio Entertainment",1.018,0,1,1,0,0,0,0,1,0,0,0,0,0,0,0,0,0,0,0,0,0,0,0,0,0,2.449987623535822,,
tt4761270,Orlean,2015,106.0,"Comedy,Drama,Thriller",2500000,302000,-0.8792,5.8,691.0,ru,Central Partnership,2.134,1,1,1,0,0,0,0,1,0,0,1,0,0,0,0,0,0,0,0,0,0,0,1,0,0,3.1509975338806853,,
tt4768764,Veteran,2015,123.0,"Action,Comedy,Crime",7528230,87970000,10.685349677148546,7.0,9405.0,ko,"Filmmaker R&K, Froniter Works Comic, Stone Comics Entertainment, CJ Entertainment, filmK",11.145,1,1,1,1,0,0,0,1,1,0,0,0,0,0,0,0,0,0,0,0,0,0,0,0,0,2.190937783765231,,
tt4788602,Doraemon: Nobita and the Space Heroes,2015,100.0,"Action,Adventure,Animation",46597700,32700000,-0.2982486260051462,6.6,1245.0,ja,Shin-Ei Animation,9.046,0,1,1,1,1,1,0,0,0,0,0,0,0,0,0,0,0,0,0,0,0,0,0,0,0,2.5634530467198324,,1.3731759428571428
tt4806232,Indru Netru Naalai,2015,146.0,"Comedy,Sci-Fi,Thriller",620000,1400000,1.2580645161290325,8.0,5631.0,ta,"Studio Green, Thirukumaran Entertainment",2.411,0,0,1,0,0,0,0,1,0,0,0,0,0,0,0,0,0,0,0,0,1,0,1,0,0,3.318668234598738,,
tt4833824,Uppi 2,2015,135.0,"Action,Mystery,Thriller",730000,6200000,7.493150684931507,7.8,8613.0,kn,Upendra Productions,1.071,1,1,1,1,0,0,0,0,0,0,0,0,0,0,0,0,0,1,0,0,0,0,1,0,0,4.76089002577773,,
tt4840206,Sons of Rizk,2015,103.0,"Action,Comedy,Crime",1368070,1249176,-0.0869063717499835,7.4,5650.0,ar,"Tarek El'eryan, RAW Entertainment",3.597,1,1,1,1,0,0,0,1,1,0,0,0,0,0,0,0,0,0,0,0,0,0,0,0,0,2.190937783765231,,
tt4846920,Tu Hi Re,2015,130.0,"Drama,Romance",548240,940000,0.7145775572741865,6.4,222.0,mr,"Karan Entertainment, Indian Film Studios, Dreaming Twenty Four Seven Entertainment",0.668,1,1,1,0,0,0,0,0,0,0,1,0,0,0,0,0,0,0,0,1,0,0,0,0,0,2.380257781258752,-0.3285714285714285,-0.3285714285714285
tt4853910,Neulovimye,2015,86.0,"Adventure,Comedy,Crime",1500000,417929,-0.7213806666666667,3.2,355.0,ru,Ultra Production,3.112,1,1,1,0,1,0,0,1,1,0,0,0,0,0,0,0,0,0,0,0,0,0,0,0,0,1.89486356212893,,
tt4865436,Hate Story 3,2015,126.0,"Drama,Thriller",2900000,8900000,2.0689655172413794,4.6,3748.0,hi,T-Series,5.686,1,1,1,0,0,0,0,0,0,0,1,0,0,0,0,0,0,0,0,0,0,0,1,0,0,3.5015024890531175,1.0,0.27272727272727293
tt4871022,Goroskop na udachu,2015,95.0,"Comedy,Drama",2800000,964206,-0.6556407142857142,4.8,273.0,ru,"Central Partnership, Trio Film",3.307,1,1,1,0,0,0,0,1,0,0,1,0,0,0,0,0,0,0,0,0,0,0,0,0,0,2.320736542691461,,
tt4881242,Loham,2015,129.0,"Action,Thriller",1050255,2250547,1.142857686942695,5.1,1038.0,ml,"Maxlab Entertainments, Aashirvad Cinemas",2.206,1,1,1,1,0,0,0,0,0,0,0,0,0,0,0,0,0,0,0,0,0,0,1,0,0,3.818511369222694,,
tt4888834,Ennu Ninte Moideen,2015,166.0,"Biography,Drama,Romance",1900000,7800000,3.1052631578947367,8.0,7686.0,ml,Newton Movies,3.136,0,0,1,0,0,0,1,0,0,0,1,0,0,0,0,0,0,0,0,1,0,0,0,0,0,3.248440173549447,,
tt4899880,Shah,2015,109.0,"Biography,Drama,Sport",89000,72000,-0.1910112359550561,8.2,1494.0,ur,Logos Films & Media,0.6,0,0,1,0,0,0,1,0,0,0,1,0,0,0,0,0,0,0,0,0,0,1,0,0,0,2.3870597849405435,,
tt4901756,Queen of Spades: The Dark Rite,2015,92.0,"Horror,Mystery,Thriller",1000000,2228115,1.228115,5.2,1774.0,ru,"Вольга, Enjoy Movies, Ultrafilm",3.739,1,1,1,0,0,0,0,0,0,0,0,0,0,0,1,0,0,1,0,0,0,0,1,0,0,7.474229101988549,,
tt4934506,Ramta Jogi,2015,139.0,Romance,426848,38000,-0.91097533548242,7.4,111.0,pa,"Vijayta Films, I`MPossible Films",0.701,1,1,1,0,0,0,0,0,0,0,0,0,0,0,0,0,0,0,0,1,0,0,0,0,0,2.569030100670405,,3.412989175686928
tt4935418,Baskin,2015,97.0,"Horror,Thriller",350000,318155,-0.0909857142857142,5.8,14549.0,tr,"XYZ Films, Film Colony, Mo Film",15.869,1,1,0,0,0,0,0,0,0,0,0,0,0,0,1,0,0,0,0,0,0,0,1,0,0,7.8885199835389255,,
tt4942750,Wunder der Lebenskraft,2015,91.0,Documentary,200000,200000,0.0,,,de,InTouch Filmproduktion Petrowitsch & von Wehner GbR,0.6,0,0,0,0,0,0,0,0,0,1,0,0,0,0,0,0,0,0,0,0,0,0,0,0,0,0.14749207777777776,,
tt4967094,Our Times,2015,134.0,"Comedy,Romance",2700000,82027760,29.38065185185185,7.4,6744.0,zh,"Hualien Media International, Focus Features, Huace Pictures",13.814,0,1,1,0,0,0,0,1,0,0,0,0,0,0,0,0,0,0,0,1,0,0,0,0,0,2.5095088621031136,,
tt4991384,Visaaranai,2015,117.0,"Crime,Drama,Thriller",325000,1600000,3.923076923076923,8.4,15876.0,ta,Grassroot Film Company,4.349,1,1,1,0,0,0,0,0,1,0,1,0,0,0,0,0,0,0,0,0,0,0,1,0,0,2.7667758278932837,,
tt4992086,Bhale Bhale Magadivoy,2015,137.0,"Comedy,Romance",1400000,8300000,4.928571428571429,7.7,5066.0,te,"UV Creations, Geetha Arts",2.316,1,1,1,0,0,0,0,1,0,0,0,0,0,0,0,0,0,0,0,1,0,0,0,0,0,2.5095088621031136,,
tt5057300,Doctor Proctor: Bubble in the Bathtub,2015,95.0,"Comedy,Family,Fantasy",4900000,2498851,-0.4900304081632653,5.6,293.0,no,"Maipo Film, Tradewind Pictures",1.656,1,1,1,0,0,0,0,1,0,0,0,1,1,0,0,0,0,0,0,0,0,0,0,0,0,2.5533189640497085,,
tt5082014,Charlie,2015,130.0,"Adventure,Drama,Romance",1900000,5900000,2.1052631578947367,8.1,15322.0,ml,"Finding Cinema, Shebin Backer Films",4.977,1,1,1,0,1,0,0,0,0,0,1,0,0,0,0,0,0,0,0,1,0,0,0,0,0,2.2325987065982855,,
tt5112966,No Borders,2015,90.0,Comedy,1211360,3129507,1.583465691454233,6.1,836.0,ru,Nebo,1.952,1,1,1,0,0,0,0,1,0,0,0,0,0,0,0,0,0,0,0,0,0,0,0,0,0,2.449987623535822,,
tt5127406,Søsken til evig tid: Amerikareisa,2015,75.0,Documentary,250071,534159,1.1360293676595847,7.8,20.0,no,FIM Film AS,0.6,1,1,0,0,0,0,0,0,0,1,0,0,0,0,0,0,0,0,0,0,0,0,0,0,0,0.14749207777777776,,
tt5132854,Polis Evo,2015,120.0,"Action,Adventure,Comedy",554390,1847967,2.33333393459478,6.9,854.0,ms,Tayangan Unggul,1.343,1,1,1,1,1,0,0,1,0,0,0,0,0,0,0,0,0,0,0,0,0,0,0,0,0,2.4042571343331427,,
tt5141042,Shudhu Tomari Jonyo,2015,149.0,"Drama,Romance",482000,980000,1.033195020746888,6.9,1699.0,bn,SVF Entertainment,1.441,1,1,1,0,0,0,0,0,0,0,1,0,0,0,0,0,0,0,0,1,0,0,0,0,0,2.380257781258752,,
tt5151622,Ranbanka,2015,,Action,1183424,36982,-0.96875,3.6,150.0,hi,Vintage Movies and Serene Films,0.987,0,0,1,1,0,0,0,0,0,0,0,0,0,0,0,0,0,0,0,0,0,0,0,0,0,2.825503222186254,,
tt5157420,Tayna Sukharevoy bashni. Charodey ravnovesiya,2015,76.0,"Animation,Fantasy,History",1133865,8442829,6.446061920951789,5.5,44.0,ru,Master-Film,1.715,1,1,1,0,0,1,0,0,0,0,0,0,1,1,0,0,0,0,0,0,0,0,0,0,0,2.5332155350749135,,
tt5179252,Night Shift,2015,98.0,Drama,15000,50000,2.333333333333333,4.7,351.0,fa,,0.64,1,1,1,0,0,0,0,0,0,0,1,0,0,0,0,0,0,0,0,0,0,0,0,0,0,2.1914854618471,,
tt5190958,Katyar Kaljat Ghusali,2015,162.0,"Drama,Musical",1500000,4400000,1.933333333333333,8.7,2847.0,mr,,2.024,0,1,1,0,0,0,0,0,0,0,1,0,0,0,0,0,1,0,0,0,0,0,0,0,0,2.057872803900684,,
tt5225580,Kabaddi Kabaddi,2015,135.0,"Comedy,Drama",80631,806313,9.000037206533467,7.8,695.0,ne,Black Horse Pictures,0.6,1,1,1,0,0,0,0,1,0,0,1,0,0,0,0,0,0,0,0,0,0,0,0,0,0,2.320736542691461,,
tt5227024,Mr Unbelievable,2015,94.0,Comedy,711035,398179,-0.4400008438403173,5.1,42.0,zh,"NB Productions, MM2 Entertainment, Clover Films, Byleft Productions",1.72,1,1,1,0,0,0,0,1,0,0,0,0,0,0,0,0,0,0,0,0,0,0,0,0,0,2.449987623535822,,
tt5244658,La pesca di Patty,2015,,Comedy,8000,1000000,124.0,,,it,Mambo Production,0.0929,0,0,1,0,0,0,0,1,0,0,0,0,0,0,0,0,0,0,0,0,0,0,0,0,0,2.449987623535822,,
tt5253372,Voyna polov,2015,86.0,Comedy,2000000,189000,-0.9055,3.0,74.0,ru,RIM,1.352,1,1,1,0,0,0,0,1,0,0,0,0,0,0,0,0,0,0,0,0,0,0,0,0,0,2.449987623535822,-0.8927255000000001,
tt5266218,Bengal Tiger,2015,145.0,"Action,Comedy",2800000,5600000,1.0,5.3,1345.0,te,Sri Satya Sai Arts,4.426,1,1,1,1,0,0,0,1,0,0,0,0,0,0,0,0,0,0,0,0,0,0,0,0,0,2.637745422861038,,
tt5269792,Parole de King!,2015,96.0,Documentary,11000,3000,-0.7272727272727273,6.8,9.0,fr,,0.656,1,0,0,0,0,0,0,0,0,1,0,0,0,0,0,0,0,0,0,0,0,0,0,0,0,0.14749207777777776,,
tt5278832,The Lure,2015,92.0,"Drama,Fantasy,Horror",1300000,102986,-0.92078,6.2,11298.0,pl,"WFDiF, HBO Polska, TVP, PISF, Platige Image",12.772,1,1,1,0,0,0,0,0,0,0,1,0,1,0,1,0,0,0,0,0,0,0,0,0,0,5.605701868529557,,
tt5735210,Byomkesh Bakshi,2015,110.0,"Mystery,Thriller",110000,190000,0.7272727272727273,7.2,575.0,bn,"RP Techvision (I) Pvt. Ltd., Anjan Dutt Production",0.822,1,1,1,0,0,0,0,0,0,0,0,0,0,0,0,0,0,1,0,0,0,0,1,0,0,5.728583427573467,,
tt5761968,Tres Escapularios,2015,118.0,Drama,200000,5152,-0.97424,7.1,21.0,es,Cinempresa,0.6,1,1,0,0,0,0,0,0,0,0,1,0,0,0,0,0,0,0,0,0,0,0,0,0,0,2.1914854618471,,
tt6255828,Nice Sister-in-Law,2015,98.0,"Drama,Romance",2000,8000,3.0,4.9,297.0,ko,,19.124,0,0,1,0,0,0,0,0,0,0,1,0,0,0,0,0,0,0,0,1,0,0,0,0,0,2.380257781258752,,
tt6447370,Khun Tong Daeng: The Inspirations,2015,101.0,Animation,4700000,500000,-0.8936170212765957,6.2,15.0,th,Sahamongkolfilm,0.655,0,1,0,0,0,1,0,0,0,0,0,0,0,0,0,0,0,0,0,0,0,0,0,0,0,2.9275753606958905,,
tt7365948,La Caravana de Gardel,2015,,Drama,150000,2000,-0.9866666666666668,,,es,Angela Marken,1.097,1,0,1,0,0,0,0,0,0,0,1,0,0,0,0,0,0,0,0,0,0,0,0,0,0,2.1914854618471,,
tt7581124,Parole,2015,82.0,"Drama,Family",15000,50000,2.333333333333333,4.7,112.0,fa,Iranian Independents,0.625,0,1,1,0,0,0,0,0,0,0,1,1,0,0,0,0,0,0,0,0,0,0,0,0,0,1.8706775187687734,,
tt0315642,Wazir,2016,103.0,"Action,Crime,Drama",5200000,9200000,0.7692307692307693,7.1,20926.0,hi,"Getaway Films Private Limited, Vinod Chopra Films, Rajkumar Hirani Films, Vidhu Vinod Chopra Productions",5.368,1,1,1,1,0,0,0,0,1,0,1,0,0,0,0,0,0,0,0,0,0,0,0,0,0,1.9464470406104732,,8.23076923076923
tt0475290,"Hail, Caesar!",2016,106.0,"Comedy,Drama,Mystery",22000000,63647656,1.8930752727272728,6.3,150835.0,en,"Universal Pictures, Mike Zoss Productions, Working Title Films",13.853,1,1,1,0,0,0,0,1,0,0,1,0,0,0,0,0,0,1,0,0,0,0,0,0,0,5.450490415577515,,2.3257327115384614
tt0490215,Silence,2016,161.0,"Drama,History",46000000,23737523,-0.4839668913043478,7.2,135732.0,en,"Waypoint Entertainment, Cappa Defina Productions, CatchPlay, Fábrica de Cine, SharpSword Films, Sikelia Productions, EFO Films",28.9,1,1,1,0,0,0,0,0,0,0,1,0,0,1,0,0,0,0,0,0,0,0,0,0,0,1.4212230302355442,,
tt0803096,Warcraft,2016,123.0,"Action,Adventure,Fantasy",160000000,433677183,1.71048239375,6.7,297703.0,en,"Legendary Pictures, Universal Pictures, Atlas Entertainment, Blizzard Entertainment, Tencent Pictures, Fuji Television Network, dentsu, Huayi Brothers Pictures, Taihe Entertainment",37.312,1,1,1,1,1,0,0,0,0,0,0,0,1,0,0,0,0,0,0,0,0,0,0,0,0,2.538566968723162,,0.0705438584210526
tt0918940,The Legend of Tarzan,2016,110.0,"Action,Adventure,Drama",180000000,356743061,0.9819058944444444,6.2,199246.0,en,"Village Roadshow Pictures, Dark Horse Entertainment, Beagle Pug Films, Jerry Weintraub Productions, RatPac Entertainment, Riche Productions, Warner Bros. Pictures",27.807,1,1,1,1,1,0,0,0,0,0,1,0,0,0,0,0,0,0,0,0,0,0,0,0,0,2.2993423000459488,,1.2585171666666666
tt1002563,The Young Messiah,2016,111.0,"Drama,Fantasy",18500000,6490401,-0.6491675135135135,5.7,4123.0,en,Focus Features,13.934,1,1,1,0,0,0,0,0,0,0,1,0,1,0,0,0,0,0,0,0,0,0,0,0,0,2.333891092734391,,
tt1082807,The Belko Experiment,2016,89.0,"Action,Horror,Thriller",5000000,10166820,1.033364,6.2,67836.0,en,"Orion Pictures, Blumhouse Productions, The Safran Company, BH Tilt, Troll Court Entertainment, Metro-Goldwyn-Mayer, Itaca Films",14.386,1,1,1,1,0,0,0,0,0,0,0,0,0,0,1,0,0,0,0,0,0,0,1,0,0,8.404067368530521,,3.5457447058823535
tt1124037,Free State of Jones,2016,139.0,"Action,Biography,Drama",50000000,25035950,-0.499281,6.9,68716.0,en,"Vendian Entertainment, Larger Than Life Productions, STX Films, Bluegrass Films, Rahway Road Productions, Huayi Brothers Pictures, IM Global, Route One Entertainment, Union Investment Partners",14.529,1,1,1,1,0,0,1,0,0,0,1,0,0,0,0,0,0,0,0,0,0,0,0,0,0,2.4287100546251996,,
tt11750814,Una Fábula Muy Trillada,2016,92.0,Documentary,5000,10000,1.0,,,es,"academia audioplace, etéreo group, kurrent music",0.68,0,0,0,0,0,0,0,0,0,1,0,0,0,0,0,0,0,0,0,0,0,0,0,0,0,-0.008680609783839246,,
tt1179933,10 Cloverfield Lane,2016,103.0,"Drama,Horror,Sci-Fi",15000000,110216998,6.347799866666667,7.2,388590.0,en,Bad Robot,27.817,1,1,1,0,0,0,0,0,0,0,1,0,0,0,1,0,0,0,0,0,1,0,0,0,0,6.514026196944605,,2.9672727272727286
tt1211837,Doctor Strange,2016,115.0,"Action,Adventure,Fantasy",180000000,676343174,2.757462077777778,7.5,894074.0,en,Marvel Studios,70.535,1,1,1,1,1,0,0,0,0,0,0,0,1,0,0,0,0,0,0,0,0,0,0,0,0,2.538566968723162,1.9312605,3.0300399799086755
tt1212428,The Lost City of Z,2016,141.0,"Adventure,Biography,Drama",30000000,8574339,-0.7141887,6.6,106896.0,en,"Northern Ireland Screen, Plan B Entertainment, Sierra/Affinity, MICA Entertainment, MadRiver Pictures, Keep Your Head Productions",19.31,1,1,1,0,1,0,1,0,0,0,1,0,0,0,0,0,0,0,0,0,0,0,0,0,0,2.4474176799613994,,
tt1289401,Ghostbusters,2016,117.0,"Action,Comedy,Fantasy",144000000,229147509,0.5913021458333333,6.8,260250.0,en,"Ghost Corps, Columbia Pictures, Village Roadshow Pictures, LStar Capital, Feigco Entertainment, Pascal Pictures, The Montecito Picture Company",40.052,1,1,1,1,0,0,0,1,0,0,0,0,1,0,0,0,0,0,0,0,0,0,0,0,0,2.727673166673057,2.6256341384615385,2.6256341384615385
tt1292566,How to Be Single,2016,110.0,"Comedy,Drama,Romance",38000000,112343513,1.9564082368421047,6.1,100080.0,en,"New Line Cinema, Metro-Goldwyn-Mayer, Flower Films",25.223,1,1,1,0,0,0,0,1,0,0,1,0,0,0,0,0,0,0,0,1,0,0,0,0,0,2.563031772201384,,
tt1355631,The Infiltrator,2016,127.0,"Biography,Crime,Drama",28000000,21011110,-0.2496032142857142,7.0,85608.0,en,Good Films Collective,13.052,1,0,1,0,0,0,1,0,1,0,1,0,0,0,0,0,0,0,0,0,0,0,0,0,0,2.094522420525924,,
tt1355644,Passengers,2016,116.0,"Drama,Romance,Sci-Fi",110000000,303144152,1.7558559272727272,7.0,504235.0,en,"Wanda Pictures, Columbia Pictures, Village Roadshow Pictures, Original Film, Company Films, Start Motion Pictures, LStar Capital",27.272,1,1,1,0,0,0,0,0,0,0,1,0,0,0,0,0,0,0,0,1,1,0,0,0,0,2.518464376256959,15.682550571428571,
tt1366338,Lowriders,2016,98.0,"Adventure,Crime,Drama",916000,6179955,5.74667576419214,5.7,2854.0,en,"Imagine Entertainment, Universal Pictures, Blumhouse Productions, BH Tilt",7.648,1,1,1,0,1,0,0,0,1,0,1,0,0,0,0,0,0,0,0,0,0,0,0,0,0,1.9651546659466732,,
tt1374989,Pride and Prejudice and Zombies,2016,108.0,"Action,Comedy,Fantasy",28000000,16457494,-0.4122323571428571,5.8,64987.0,en,"Screen Gems, Handsomecharlie Films, Cross Creek Pictures, Darko Entertainment, Panorama Media, QC Entertainment, MadRiver Pictures, Allison Shearmur Productions, Head Gear Films, PPZ Holdings, Sierra/Affinity, Stage 6 Films",25.09,1,1,1,1,0,0,0,1,0,0,0,0,1,0,0,0,0,0,0,0,0,0,0,0,0,2.727673166673057,,
tt1386697,Suicide Squad,2016,123.0,"Action,Adventure,Fantasy",175000000,746846894,3.267696537142857,5.9,765385.0,en,"DC Entertainment, Dune Entertainment, Warner Bros. Pictures, Atlas Entertainment, DC Comics, DC Films, Lin Pictures",35.356,1,1,1,1,1,0,0,0,0,0,0,0,1,0,0,0,0,0,0,0,0,0,0,0,0,2.538566968723162,0.8735823457983194,0.8735823457983194
tt1389139,When the Bough Breaks,2016,107.0,"Drama,Thriller",10000000,30658387,2.0658387,5.2,8854.0,en,"Unique Features, Screen Gems",13.546,1,0,1,0,0,0,0,0,0,0,1,0,0,0,0,0,0,0,0,0,0,0,1,0,0,5.05498548810995,,
tt1431045,Deadpool,2016,108.0,"Action,Comedy,Sci-Fi",58000000,783100000,12.501724137931037,8.0,1268726.0,en,"20th Century Fox, The Donners' Company, Genre Films",72.735,1,1,1,1,0,0,0,1,0,0,0,0,0,0,0,0,0,0,0,0,1,0,0,0,0,2.804485217833102,,
tt1472584,Max Steel,2016,92.0,"Action,Adventure,Fantasy",10000000,6272403,-0.3727597,4.6,21722.0,en,"Dolphin Entertainment, Ingenious Media, Mattel Playground Productions",16.668,1,1,1,1,1,0,0,0,0,0,0,0,1,0,0,0,0,0,0,0,0,0,0,0,0,2.538566968723162,,
tt1473832,Bridget Jones's Baby,2016,123.0,"Comedy,Drama,Romance",35000000,211952420,5.055783428571429,6.4,91927.0,en,"Working Title Films, Perfect World Pictures, StudioCanal, Universal Pictures, Miramax",18.589,1,1,1,0,0,0,0,1,0,0,1,0,0,0,0,0,0,0,0,1,0,0,0,0,0,2.563031772201384,,
tt1489889,Central Intelligence,2016,107.0,"Action,Comedy,Crime",50000000,216972543,3.33945086,6.3,241904.0,en,"Warner Bros. Pictures, New Line Cinema, Universal Pictures, Bluegrass Films, RatPac Entertainment, Perfect World Pictures, Artists First, Principato-Young Entertainment",25.567,1,1,1,1,0,0,0,1,1,0,0,0,0,0,0,0,0,0,0,0,0,0,0,0,0,2.3070511563921565,,
tt1540011,Blair Witch,2016,89.0,"Horror,Mystery,Thriller",5000000,45172994,8.0345988,5.0,54038.0,en,"Vertigo Entertainment, Lionsgate, Room 101, Snoot Entertainment",12.276,1,1,1,0,0,0,0,0,0,0,0,0,0,0,1,0,0,1,0,0,0,0,1,0,0,11.366109286112192,-0.4599897999999998,-0.4599897999999998
tt1594972,Norm of the North,2016,90.0,"Adventure,Animation,Comedy",7000000,17062499,1.4374998571428572,3.4,10727.0,en,"Lionsgate, Splash Entertainment, Telegael, Assemblage Entertainment, Mandate International, Yang Yang Pictures",10.88,1,1,1,0,1,1,0,1,0,0,0,0,0,0,0,0,0,0,0,0,0,0,0,0,0,2.8509922390777334,,
tt1608290,Zoolander 2,2016,101.0,"Action,Adventure,Comedy",50000000,56722693,0.13445386,4.7,82446.0,en,"Scott Rudin Productions, Red Hour",22.338,1,1,1,1,1,0,0,1,0,0,0,0,0,0,0,0,0,0,0,0,0,0,0,0,0,2.659946415827632,,1.3797017624999999
tt1619029,Jackie,2016,100.0,"Biography,Drama",9000000,13960394,0.5511548888888889,6.6,87456.0,en,"Fox Searchlight Pictures, Why Not Productions, Wild Bunch, Protozoa Pictures, Bliss Media, Endemol Shine North America, Fabula, LD Entertainment",13.102,1,1,1,0,0,0,1,0,0,0,1,0,0,0,0,0,0,0,0,0,0,0,0,0,0,2.4263525983351304,,9.244701794117647
tt1620935,Bleed for This,2016,117.0,"Biography,Drama,Sport",6000000,6174491,0.0290818333333333,6.8,33821.0,en,"Sikelia Productions, Younger Than You, Verdi Productions, Bruce Cohen Productions, Universal Pictures",9.515,1,1,1,0,0,0,1,0,0,0,1,0,0,0,0,0,0,0,0,0,0,1,0,0,0,1.787446939938164,,
tt1628841,Independence Day: Resurgence,2016,120.0,"Action,Adventure,Sci-Fi",165000000,389681935,1.361708696969697,5.2,201585.0,en,"20th Century Fox, TSG Entertainment, Centropolis Entertainment, Stereo D",31.224,1,1,1,1,1,0,0,0,0,0,0,0,0,0,0,0,0,0,0,0,1,0,0,0,0,2.6153790198832074,-0.9860982222222222,
tt1659619,The Odyssey,2016,122.0,"Adventure,Biography,Drama",20000000,9722918,-0.5138541,6.6,6597.0,fr,"Moana Films, Pan Européenne Production, Fidélité Films, Curiosa Films",6.929,1,1,1,0,1,0,1,0,0,0,1,0,0,0,0,0,0,0,0,0,0,0,0,0,0,2.4474176799613994,,
tt1661275,Their Finest,2016,117.0,"Comedy,Drama,Romance",11795877,3603484,-0.6945132608622487,6.8,22413.0,en,"BBC Film, HanWay Films, Number 9 Films, Filmgate Films, Ripken Productions, Pinewood Pictures, Wildgaze Films, Film i Väst, EuropaCorp",10.16,1,1,1,0,0,0,0,1,0,0,1,0,0,0,0,0,0,0,0,1,0,0,0,0,0,2.563031772201384,,
tt1679335,Trolls,2016,92.0,"Adventure,Animation,Comedy",125000000,346864462,1.774915696,6.4,102042.0,en,"DreamWorks Animation, 20th Century Fox",37.18,1,1,1,0,1,1,0,1,0,0,0,0,0,0,0,0,0,0,0,0,0,0,0,0,0,2.8509922390777334,3.2107301621621627,3.210730162162162
tt1691152,David Lynch: The Art Life,2016,88.0,"Biography,Documentary",179554,311470,0.7346870579324326,7.2,7799.0,en,"Kong Gulerod Film, Absurda, Duck Diver Films, Hideout Films",9.006,0,1,0,0,0,0,1,0,0,1,0,0,0,0,0,0,0,0,0,0,0,0,0,0,0,1.4344852485839252,,
tt1700841,Sausage Party,2016,89.0,"Adventure,Animation,Comedy",19000000,140705322,6.405543263157894,6.1,228829.0,en,"Columbia Pictures, Annapurna Pictures, Point Grey Pictures, Nitrogen Studios Canada",44.804,1,1,1,0,1,1,0,1,0,0,0,0,0,0,0,0,0,0,0,0,0,0,0,0,0,2.8509922390777334,,0.41509278636363645
tt1711525,Office Christmas Party,2016,105.0,Comedy,45000000,114501299,1.544473311111111,5.9,94779.0,en,"Bluegrass Films, Entertainment 360",18.016,1,1,1,0,0,0,0,1,0,0,0,0,0,0,0,0,0,0,0,0,0,0,0,0,0,3.0568664370636207,,1.7826682840909092
tt1712192,Message from the King,2016,102.0,"Action,Crime,Drama",10000000,315132,-0.9684868,6.4,19453.0,en,"The Ink Factory, Entre Chien et Loup, Rumble Films, Entertainment One Features, Silver Nitrate",10.701,1,1,1,1,0,0,0,0,1,0,1,0,0,0,0,0,0,0,0,0,0,0,0,0,0,1.9464470406104732,,1.103657
tt1712261,Triple 9,2016,115.0,"Action,Crime,Drama",20000000,12639297,-0.36803515,6.3,82209.0,en,"Surefire Capital, Worldview Entertainment, Sierra Pictures, Anonymous Content, MadRiver Pictures",18.853,1,1,1,1,0,0,0,0,1,0,1,0,0,0,0,0,0,0,0,0,0,0,0,0,0,1.9464470406104732,,
tt1713440,Smoke & Mirrors,2016,123.0,"Biography,Thriller",5000000,2387127,-0.5225746,6.8,8923.0,es,"Sacromonte Films, Zeta Zinema, Atresmedia, Atípica Films",7.496,1,1,1,0,0,0,1,0,0,0,0,0,0,0,0,0,0,0,0,0,0,0,1,0,0,5.50628399672651,0.29243875,0.2924387500000001
tt1798603,Bad Santa 2,2016,92.0,"Comedy,Crime,Drama",26000000,24079268,-0.0738743076923077,5.6,31968.0,en,"Ingenious Media, Broad Green Pictures, Miramax",13.003,1,1,1,0,0,0,0,1,1,0,1,0,0,0,0,0,0,0,0,0,0,0,0,0,0,2.1542608638965675,-0.48693403333333335,3.420706962015363
tt1800302,Gold,2016,120.0,"Biography,Crime,Drama",20000000,14880939,-0.25595305,6.7,74857.0,en,"Living Films, Black Bear Pictures, Boies/Schiller Film Group, Hwy61",14.021,1,1,1,0,0,0,1,0,1,0,1,0,0,0,0,0,0,0,0,0,0,0,0,0,0,2.094522420525924,,
tt1860213,Dirty Grandpa,2016,102.0,Comedy,11500000,94073028,7.180263304347826,5.9,143194.0,en,"Covert Media, Lionsgate, BillBlock Media, QED International, Josephson Entertainment, Ninjas Runnin' Wild Productions",27.388,1,0,1,0,0,0,0,1,0,0,0,0,0,0,0,0,0,0,0,0,0,0,0,0,0,3.0568664370636207,,
tt1860357,Deepwater Horizon,2016,107.0,"Action,Drama,History",110000000,121790373,0.107185209090909,7.1,201703.0,en,"Summit Entertainment, Participant, di Bonaventura Pictures, Closest to the Hole Productions, Leverage, TIK Films, Lionsgate",26.709,1,1,1,1,0,0,0,0,0,0,1,0,0,1,0,0,0,0,0,0,0,0,0,0,0,1.7586236758921423,,
tt1878841,The Darkness,2016,92.0,"Horror,Thriller",4000000,10898293,1.72457325,4.5,18048.0,en,"Chapter One Films, Universal Pictures, Blumhouse Productions, BH Tilt",9.408,1,1,1,0,0,0,0,0,0,0,0,0,0,0,1,0,0,0,0,0,0,0,1,0,0,11.389388569193112,,
tt1878870,The Edge of Seventeen,2016,104.0,"Comedy,Drama,Romance",9000000,18803648,1.0892942222222222,7.3,152886.0,en,"Tang Media Productions, Gracie Films, STX Films, Huayi Brothers Pictures",20.798,0,1,1,0,0,0,0,1,0,0,1,0,0,0,0,0,0,0,0,1,0,0,0,0,0,2.563031772201384,,
tt1920885,Big Fish & Begonia,2016,100.0,"Adventure,Animation,Drama",4531653,84552250,17.65814747951796,7.0,7596.0,zh,"Studio Mir, Beijing Enlight Pictures, Horgos Coloroom Pictures",13.413,0,1,1,0,1,1,0,0,0,0,1,0,0,0,0,0,0,0,0,0,0,0,0,0,0,2.49038812329605,,
tt1935859,Miss Peregrine's Home for Peculiar Children,2016,127.0,"Adventure,Drama,Family",110000000,296482446,1.6952949636363637,6.7,210552.0,en,"Big Screen Productions, Chernin Entertainment, Tim Burton Productions, SCOPE Pictures, TSG Entertainment, Ingenious Media, 20th Century Fox, St. Petersburg Clearwater Film Commision",39.951,1,1,1,0,1,0,0,0,0,0,1,1,0,0,0,0,0,0,0,0,0,0,0,0,0,1.9837086667858994,1.8883511,3.0534511425925928
tt1974419,The Neon Demon,2016,117.0,"Horror,Thriller",7000000,3377430,-0.51751,6.1,112094.0,en,"Bold Films, Space Rocket Nation, Gaumont, Wild Bunch, MEDIA sub-programme of Creative Europe, Det Danske Filminstitut, DR",12.96,1,1,1,0,0,0,0,0,0,0,0,0,0,0,1,0,0,0,0,0,0,0,1,0,0,11.389388569193112,,
tt1974420,Rules Don't Apply,2016,127.0,"Comedy,Drama,Romance",25000000,3885342,-0.84458632,5.7,12644.0,en,"Tatira, Shangri-La Entertainment, New Regency Pictures, Demarest Films, Considered Entertainment, Robson Orr Entertainment, Fiore Group, Windsor Media, RatPac Entertainment, Worldview Entertainment",6.672,1,1,1,0,0,0,0,1,0,0,1,0,0,0,0,0,0,0,0,1,0,0,0,0,0,2.563031772201384,,
tt1985949,The Angry Birds Movie,2016,97.0,"Action,Adventure,Animation",73000000,349779543,3.791500589041096,6.3,120612.0,en,"Columbia Pictures, Rovio Entertainment, Rovio Animation",24.75,0,1,1,1,1,1,0,0,0,0,0,0,0,0,0,0,0,0,0,0,0,0,0,0,0,2.6431784157916387,,
tt2005151,War Dogs,2016,114.0,"Biography,Comedy,Crime",40000000,86234523,1.155863075,7.1,306746.0,en,"The Mark Gordon Company, Green Hat Films, Joint Effort, Warner Bros. Pictures",35.508,1,1,1,0,0,0,1,1,1,0,0,0,0,0,0,0,0,0,0,0,0,0,0,0,0,2.455126536307607,,
tt2025690,The Finest Hours,2016,117.0,"Action,Drama,History",80000000,52099090,-0.348761375,6.7,75151.0,en,"Red Hawk Entertainment, Walt Disney Pictures, Whitaker Entertainment, Bergsten Music",16.102,1,1,1,1,0,0,0,0,0,0,1,0,0,1,0,0,0,0,0,0,0,0,0,0,0,1.7586236758921423,0.53230508,
tt2032572,USS Indianapolis: Men of Courage,2016,128.0,"Action,Drama,History",40000000,2158568,-0.9460358,5.3,15691.0,en,"Union Patriot Capital Management, Saturn Films, Patriot Pictures, Hannibal Pictures, MVP Films, USS Indianapolis Production",27.186,1,1,1,1,0,0,0,0,0,0,1,0,0,1,0,0,0,0,0,0,0,0,0,0,0,1.7586236758921423,,
tt2034800,The Great Wall,2016,103.0,"Action,Adventure,Fantasy",150000000,331957105,1.2130473666666666,5.9,161001.0,en,"Legendary East, Universal Pictures, Atlas Entertainment, Le Vision Pictures, Kava Productions, China Film Group Corporation, dentsu, Fuji Television Network, Legendary Pictures",32.601,1,1,1,1,1,0,0,0,0,0,0,0,1,0,0,0,0,0,0,0,0,0,0,0,0,2.538566968723162,,
tt2094766,Assassin's Creed,2016,115.0,"Action,Adventure,Sci-Fi",125000000,240697856,0.925582848,5.6,220763.0,en,"New Regency Pictures, The Kennedy/Marshall Company, Ubisoft Film & Television, DMC Film",26.133,1,1,1,1,1,0,0,0,0,0,0,0,0,0,0,0,0,0,0,0,1,0,0,0,0,2.6153790198832074,0.08813780000000004,0.9692792190476193
tt2119532,Hacksaw Ridge,2016,139.0,"Biography,Drama,History",40000000,175302354,3.38255885,8.1,694222.0,en,"Vendian Entertainment, Summit Entertainment, Cross Creek Pictures, IM Global, Screen Australia, Screen NSW, Permut Presentations, Pandemonium, Demarest Films, Lionsgate, Bliss Media, Kylin Pictures, AI Film",74.994,1,1,1,0,0,0,1,0,0,0,1,0,0,1,0,0,0,0,0,0,0,0,0,0,0,1.906699055807593,,-0.3102212
tt2126235,Collide,2016,99.0,"Action,Adventure,Crime",21500000,6817535,-0.6829053488372093,5.7,18306.0,en,"Silver Pictures, 42, Automatik Entertainment, DMG Entertainment, Hands-on Producers",14.893,1,1,1,1,1,0,0,0,1,0,0,0,0,0,0,0,0,0,0,0,0,0,0,0,0,2.117944958442262,,
tt2140479,The Accountant,2016,128.0,"Action,Crime,Drama",44000000,155160045,2.526364659090909,7.3,401847.0,en,"Zero Gravity Management, Electric City Entertainment, RatPac Entertainment, Warner Bros. Pictures",22.664,1,1,1,1,0,0,0,0,1,0,1,0,0,0,0,0,0,0,0,0,0,0,0,0,0,1.9464470406104732,-0.94410864,0.6743877600000001
tt2238032,Skiptrace,2016,107.0,"Action,Adventure,Comedy",32000000,58500000,0.828125,5.6,24084.0,en,"JC Group International, InterTitle Films, Cider Mill Pictures, Dasym Enetertainment, Talent International Media, Talent International Film Cultural Company",18.138,1,1,1,1,1,0,0,1,0,0,0,0,0,0,0,0,0,0,0,0,0,0,0,0,0,2.659946415827632,-0.12457925714285711,
tt2241351,Money Monster,2016,98.0,"Action,Crime,Drama",27000000,93282604,2.4549112592592595,6.5,112709.0,en,"The Allegiance Theater, TriStar Pictures, LStar Capital, Smoke House Pictures, Sony Pictures",16.113,1,1,1,1,0,0,0,0,1,0,1,0,0,0,0,0,0,0,0,0,0,0,0,0,0,1.9464470406104732,,
tt2261287,Leap!,2016,89.0,"Adventure,Animation,Comedy",30000000,2351359,-0.9216213666666668,6.8,27140.0,en,"Main Journey, Caramel Films, Quad Productions, L'Atelier Animation",21.682,1,1,1,0,1,1,0,1,0,0,0,0,0,0,0,0,0,0,0,0,0,0,0,0,0,2.8509922390777334,,
tt2267968,Kung Fu Panda 3,2016,95.0,"Action,Adventure,Animation",145000000,521170825,2.594281551724138,7.1,222717.0,en,"Pearl Studio, DreamWorks Animation, China Film Group Corporation, 20th Century Fox",45.002,1,1,1,1,1,1,0,0,0,0,0,0,0,0,0,0,0,0,0,0,0,0,0,0,0,2.6431784157916387,,3.210730162162162
tt2277860,Finding Dory,2016,97.0,"Adventure,Animation,Comedy",200000000,1028570889,4.142854445,7.2,339117.0,en,"Pixar, Walt Disney Pictures",26.562,1,1,1,0,1,1,0,1,0,0,0,0,0,0,0,0,0,0,0,0,0,0,0,0,0,2.8509922390777334,,
tt2304933,The 5th Wave,2016,112.0,"Action,Adventure,Sci-Fi",38000000,109906372,1.892272947368421,5.2,127468.0,en,"LStar Capital, Columbia Pictures, GK Films, Material Pictures",26.968,1,1,1,1,1,0,0,0,0,0,0,0,0,0,0,0,0,0,0,0,1,0,0,0,0,2.6153790198832074,,1.5757458465151513
tt2321405,My Life as a Zucchini,2016,70.0,"Animation,Comedy,Drama",8000000,5873256,-0.265843,7.8,33379.0,fr,"Gébéka Films, Rita Productions, Blue Spirit, KNM, RTS, SRG SSR, Auvergne-Rhône-Alpes Cinéma, France 3 Cinéma, Hélium Films",11.424,1,1,0,0,0,1,0,1,0,0,1,0,0,0,0,0,0,0,0,0,0,0,0,0,0,2.679494321245944,,
tt2361317,Live by Night,2016,129.0,"Action,Crime,Drama",108000000,22678555,-0.7900133796296296,6.4,62742.0,en,"Appian Way, Pearl Street Films, Warner Bros. Pictures",15.982,1,1,1,1,0,0,0,0,1,0,1,0,0,0,0,0,0,0,0,0,0,0,0,0,0,1.9464470406104732,,0.5122646031746032
tt2368619,The Take,2016,92.0,"Action,Adventure,Crime",20000000,14397593,-0.28012035,6.4,55728.0,en,"StudioCanal, Vendôme Pictures, Anonymous Content, Anton Capital Entertainment, Canal+, TF1 Films Production",16.896,1,1,1,1,1,0,0,0,1,0,0,0,0,0,0,0,0,0,0,0,0,0,0,0,0,2.117944958442262,,
tt2381991,The Huntsman: Winter's War,2016,114.0,"Action,Adventure,Drama",115000000,164989338,0.4346898956521739,6.1,127787.0,en,"Roth Films, Universal Pictures, Perfect World Pictures",23.024,1,1,1,1,1,0,0,0,0,0,1,0,0,0,0,0,0,0,0,0,0,0,0,0,0,2.2993423000459488,,2.0437729885882354
tt2387499,Keeping Up with the Joneses,2016,105.0,"Action,Comedy",40000000,29918745,-0.252031375,5.9,72644.0,en,"Parkes+MacDonald Image Nation, Fox 2000 Pictures, 20th Century Fox, TSG Entertainment",14.168,1,1,1,1,0,0,0,1,0,0,0,0,0,0,0,0,0,0,0,0,0,0,0,0,0,2.7451457021344794,,
tt2392830,A Quiet Passion,2016,125.0,"Biography,Drama,Romance",8138338,1864266,-0.7709279216469014,6.4,6743.0,en,"Potemkino, Hurricane Films, Indomitable Entertainment",7.06,1,1,1,0,0,0,1,0,0,0,1,0,0,0,0,0,0,0,0,1,0,0,0,0,0,2.50329332883074,,
tt2404233,Gods of Egypt,2016,127.0,"Action,Adventure,Drama",140000000,150680864,0.0762918857142857,5.4,136965.0,en,"Thunder Road, Pyramania, Summit Entertainment, Mystery Clock Cinema, TIK Films, Lionsgate, Fin Design & Effects",32.95,1,1,1,1,1,0,0,0,0,0,1,0,0,0,0,0,0,0,0,0,0,0,0,0,0,2.2993423000459488,,1.367203880952381
tt2404435,The Magnificent Seven,2016,132.0,"Action,Adventure,Drama",90000000,162360636,0.8040070666666667,6.9,248295.0,en,"Escape Artists, Columbia Pictures, Village Roadshow Pictures, LStar Capital, Pin High Productions, Metro-Goldwyn-Mayer",33.557,1,1,1,1,1,0,0,0,0,0,1,0,0,0,0,0,0,0,0,0,0,0,0,0,0,2.2993423000459488,2.276958371212121,
tt2411144,The Queen of Spain,2016,128.0,"Comedy,Drama",11800000,1236731,-0.8951922881355933,5.3,2428.0,es,Atresmedia,7.673,1,1,1,0,0,0,0,1,0,0,1,0,0,0,0,0,0,0,0,0,0,0,0,0,0,2.515960263391096,,
tt2436682,The Duel,2016,110.0,"Drama,Western",10000000,4500,-0.99955,5.8,12856.0,en,"Media House Capital, 26 Films, Mandeville Films, Atomic Entertainment, Bron Capital Partners, Lionsgate Premiere, Mississippix Studios, Crystal Wealth",10.083,1,1,1,0,0,0,0,0,0,0,1,0,0,0,0,0,0,0,0,0,0,0,0,0,1,1.5413953475599027,,
tt2441982,The Visitors: Bastille Day,2016,110.0,"Comedy,Fantasy",25868826,18552314,-0.2828312347842921,4.6,5408.0,fr,Gaumont,10.969,1,1,1,0,0,0,0,1,0,0,0,0,1,0,0,0,0,0,0,0,0,0,0,0,0,2.874797266406916,,
tt2461150,Masterminds,2016,95.0,"Biography,Comedy,Crime",25000000,29200000,0.168,5.9,66671.0,en,"Broadway Video, Relativity Media, Michaels-Goldwyn",13.304,1,1,1,0,0,0,1,1,1,0,0,0,0,0,0,0,0,0,0,0,0,0,0,0,0,2.455126536307607,,
tt2513074,Billy Lynn's Long Halftime Walk,2016,113.0,"Action,Drama,Sport",40000000,30930984,-0.2267254,6.2,25431.0,en,"Bona Film Group, The Ink Factory, Marc Platt Productions, Studio 8, TriStar Pictures, Film4 Productions, LStar Capital, Haishang Films",11.78,1,0,1,1,0,0,0,0,0,0,1,0,0,0,0,0,0,0,0,0,0,1,0,0,0,1.6393715600227134,,
tt2543164,Arrival,2016,116.0,"Drama,Mystery,Sci-Fi",47000000,203388186,3.327408212765957,7.9,876802.0,en,"FilmNation Entertainment, Lava Bear Films, Reliance Entertainment, Xenolinguistics, 21 Laps Entertainment, Paramount, Stage 6 Films",47.983,1,1,1,0,0,0,0,0,0,0,1,0,0,0,0,0,0,1,0,0,1,0,0,0,0,5.405923019633089,1.8290814666666666,
tt2547584,The Light Between Oceans,2016,133.0,"Drama,Romance",20000000,25975621,0.29878105,7.2,63426.0,en,"DreamWorks Pictures, Heyday Films, Participant, Amblin Entertainment, LBO Productions, Reliance Entertainment",10.956,1,1,1,0,0,0,0,0,0,0,1,0,0,0,0,0,0,0,0,1,0,0,0,0,0,2.3161144397702653,,
tt2567026,Alice Through the Looking Glass,2016,113.0,"Adventure,Family,Fantasy",170000000,299457024,0.761511905882353,6.2,136721.0,en,"Legend3D, Walt Disney Pictures, Roth Films, Team Todd, Tim Burton Productions",34.545,1,1,1,0,1,0,0,0,0,0,0,1,1,0,0,0,0,0,0,0,0,0,0,0,0,2.2229333354631127,0.6076658000000001,3.2141099166666667
tt2582500,Shut In,2016,91.0,"Drama,Horror,Mystery",10000000,13082071,0.3082071,4.8,15729.0,en,"EuropaCorp, Lava Bear Films, Transfilm International, Screen Siren Pictures",11.755,1,0,1,0,0,0,0,0,0,0,1,0,0,0,1,0,0,1,0,0,0,0,0,0,0,9.312821687184607,,
tt2582782,Hell or High Water,2016,102.0,"Crime,Drama,Thriller",12000000,37589296,2.1324413333333334,7.6,281077.0,en,"Sidney Kimmel Entertainment, Film 44, OddLot Entertainment, Estrella Media, Lionsgate, CBS Films, Sierra/Affinity",15.749,1,1,1,0,0,0,0,0,1,0,1,0,0,0,0,0,0,0,0,0,0,0,1,0,0,3.8469443470424705,,1.8290814666666666
tt2592614,Resident Evil: The Final Chapter,2016,107.0,"Action,Horror,Sci-Fi",40000000,312242626,6.80606565,5.5,109818.0,en,"Screen Gems, Constantin Film, Impact Pictures, Davis Films",2.151,1,1,1,1,0,0,0,0,0,0,0,0,0,0,1,0,0,0,0,0,1,0,0,0,0,6.666816489440194,0.1783163099999996,
tt2638144,Ben-Hur,2016,123.0,"Action,Adventure,Drama",100000000,94061311,-0.05938689,5.7,50489.0,en,"Metro-Goldwyn-Mayer, Paramount, LightWorkers Media, Sean Daniel Company",22.417,1,1,1,1,1,0,0,0,0,0,1,0,0,0,0,0,0,0,0,0,0,0,0,0,0,2.2993423000459488,4.293938070417602,
tt2649554,Midnight Special,2016,112.0,"Drama,Mystery,Sci-Fi",18000000,6740647,-0.6255196111111111,6.6,87052.0,en,"Faliro House Productions, Tri-State Pictures, Warner Bros. Pictures, RatPac Entertainment, FilmNation Entertainment",20.114,1,1,1,0,0,0,0,0,0,0,1,0,0,0,0,0,0,1,0,0,1,0,0,0,0,5.405923019633089,,
tt2660888,Star Trek Beyond,2016,122.0,"Action,Adventure,Sci-Fi",185000000,343471816,0.8566044108108108,7.0,271579.0,en,"Skydance, Paramount, Bad Robot, Perfect Storm Entertainment, Sneaky Shark",47.927,1,1,1,1,1,0,0,0,0,0,0,0,0,0,0,0,0,0,0,0,1,0,0,0,0,2.6153790198832074,,
tt2671706,Fences,2016,139.0,Drama,24000000,64414761,1.683948375,7.2,126313.0,en,"Paramount, Scott Rudin Productions, MACRO, Bron Studios, Escape Artists",21.302,1,1,1,0,0,0,0,0,0,0,1,0,0,0,0,0,0,0,0,0,0,0,0,0,0,1.9750540897185709,,
tt2674426,Me Before You,2016,110.0,"Drama,Romance",20000000,207945075,9.39725375,7.4,342140.0,en,"New Line Cinema, Sunswept Entertainment, Metro-Goldwyn-Mayer",79.741,1,0,1,0,0,0,0,0,0,0,1,0,0,0,0,0,0,0,0,1,0,0,0,0,0,2.3161144397702653,,
tt2702724,The Boss,2016,99.0,Comedy,29000000,78636257,1.7115950689655173,5.4,51386.0,en,"Universal Pictures, On the Day, Gary Sanchez Productions",11.624,1,1,1,0,0,0,0,1,0,0,0,0,0,0,0,0,0,0,0,0,0,0,0,0,0,3.0568664370636207,4.026271600000001,4.026271600000001
tt2709768,The Secret Life of Pets,2016,86.0,"Adventure,Animation,Comedy",75000000,875457937,10.672772493333332,6.5,238614.0,en,"Illumination, Universal Pictures",13.019,1,1,1,0,1,1,0,1,0,0,0,0,0,0,0,0,0,0,0,0,0,0,0,0,0,2.8509922390777334,,14.631499486486485
tt2720826,Birth of the Dragon,2016,95.0,"Action,Biography,Drama",31000000,7125027,-0.7701604193548387,5.7,9382.0,en,"Groundswell Productions, Kylin Pictures, WWE Studios, Good Universe",22.258,1,1,1,1,0,0,1,0,0,0,1,0,0,0,0,0,0,0,0,0,0,0,0,0,0,2.4287100546251996,,-0.7063937368421053
tt2788732,Pete's Dragon,2016,102.0,"Action,Adventure,Comedy",65000000,143695338,1.2106975076923077,6.7,64822.0,en,Whitaker Entertainment,14.491,1,1,1,1,1,0,0,1,0,0,0,0,0,0,0,0,0,0,0,0,0,0,0,0,0,2.659946415827632,,
tt2822672,Rock Dog,2016,90.0,"Adventure,Animation,Comedy",60000000,9420546,-0.8429909,6.0,6617.0,en,"Dream Factory Group, Reel FX Creative Studios, Mandoo Pictures, Eracme Entertainment, Summit Entertainment, Huayi Brothers Pictures, Tencent Pictures",15.142,1,1,1,0,1,1,0,1,0,0,0,0,0,0,0,0,0,0,0,0,0,0,0,0,0,2.8509922390777334,,
tt2823054,Mike and Dave Need Wedding Dates,2016,98.0,"Comedy,Romance",33000000,77068246,1.3354013939393938,6.0,101345.0,en,"Chernin Entertainment, TSG Entertainment, 20th Century Fox",14.518,1,1,1,0,0,0,0,1,0,0,0,0,0,0,0,0,0,0,0,1,0,0,0,0,0,2.8570206134427902,,14.03695188888889
tt2865120,Ratchet & Clank,2016,94.0,"Action,Adventure,Animation",20000000,8821329,-0.55893355,5.5,12674.0,en,"Blockade Entertainment, CNHK Media China, Rainmaker Entertainment",14.147,1,1,1,1,1,1,0,0,0,0,0,0,0,0,0,0,0,0,0,0,0,0,0,0,0,2.6431784157916387,,
tt2869728,Ride Along 2,2016,102.0,"Action,Comedy,Crime",40000000,124827316,2.1206829,5.9,68005.0,en,"Reel Chefs Catering, Universal Pictures, Will Packer Productions, Cube Vision",20.139,1,1,1,1,0,0,0,1,1,0,0,0,0,0,0,0,0,0,0,0,0,0,0,0,0,2.3070511563921565,3.542069463333333,3.22488684
tt2937696,Everybody Wants Some!!,2016,117.0,Comedy,10000000,3400278,-0.6599722,6.9,64795.0,en,Annapurna Pictures,10.258,1,1,1,0,0,0,0,1,0,0,0,0,0,0,0,0,0,0,0,0,0,0,0,0,0,3.0568664370636207,11.0344165,11.0344165
tt2948356,Zootopia,2016,108.0,"Action,Adventure,Animation",150000000,1023784195,5.825227966666667,8.0,647775.0,en,"Walt Disney Animation Studios, Walt Disney Pictures",98.11,1,1,1,1,1,1,0,0,0,0,0,0,0,0,0,0,0,0,0,0,0,0,0,0,0,2.6431784157916387,,
tt2975590,Batman v Superman: Dawn of Justice,2016,151.0,Sci-Fi,250000000,873637528,2.494550112,6.4,797751.0,en,"Warner Bros. Pictures, RatPac Entertainment, Atlas Entertainment, Cruel & Unusual Films, DC Entertainment, Syncopy",78.589,1,1,1,0,0,0,0,0,0,0,0,0,0,0,0,0,0,0,0,0,1,0,0,0,0,2.923164249230347,,
tt2978102,Term Life,2016,93.0,"Action,Adventure,Crime",16500000,21256,-0.9987117575757576,5.6,9030.0,en,"WWE Studios, PenLife Media, PalmStar Media",9.594,1,1,1,1,1,0,0,0,1,0,0,0,0,0,0,0,0,0,0,0,0,0,0,0,0,2.117944958442262,,
tt2980210,A Hologram for the King,2016,98.0,"Comedy,Drama,Romance",30000000,4212494,-0.8595835333333334,6.1,50136.0,en,"Kasbah-Film Tanger, Playtone, 22h22, Fábrica de Cine, Primeridian Entertainment, X Filme Creative Pool",9.641,1,1,1,0,0,0,0,1,0,0,1,0,0,0,0,0,0,0,0,1,0,0,0,0,0,2.563031772201384,,
tt3014866,Criminal,2016,113.0,"Action,Adventure,Drama",31500000,14708696,-0.5330572698412699,6.3,75416.0,en,"BenderSpink, Campbell Grobman Films, Criminal Productions, Fipex Holding, Lionsgate, Millennium Media, Davis Films, Summit Entertainment",21.87,1,1,1,1,1,0,0,0,0,0,1,0,0,0,0,0,0,0,0,0,0,0,0,0,0,2.2993423000459488,,
tt3040964,The Jungle Book,2016,106.0,"Action,Adventure,Animation",175000000,966550600,4.523146285714286,7.3,307631.0,en,"Walt Disney Pictures, Fairview Entertainment, Moving Picture Company",33.274,1,1,1,1,1,1,0,0,0,0,0,0,0,0,0,0,0,0,0,0,0,0,0,0,0,2.6431784157916387,3.178903181818182,
tt3062096,Inferno,2016,121.0,"Action,Adventure,Crime",75000000,220021259,1.9336167866666667,6.2,204075.0,en,"Columbia Pictures, Imagine Entertainment",24.901,1,1,1,1,1,0,0,0,1,0,0,0,0,0,0,0,0,0,0,0,0,0,0,0,0,2.117944958442262,-0.06079242000000007,1.2585171666666666
tt3065204,The Conjuring 2,2016,134.0,"Horror,Mystery,Thriller",40000000,321834351,7.045858775,7.3,348185.0,en,"New Line Cinema, Dune Entertainment, The Safran Company, Evergreen Media Group, Atomic Monster",80.98,1,1,1,0,0,0,0,0,0,0,0,0,0,0,1,0,0,1,0,0,0,0,1,0,0,11.366109286112192,6.9754810473684215,
tt3067166,Killing Poe,2016,92.0,Comedy,200000,2500000,11.5,7.1,75.0,en,,1.4,0,0,1,0,0,0,0,1,0,0,0,0,0,0,0,0,0,0,0,0,0,0,0,0,0,3.0568664370636207,,
tt3068194,Love & Friendship,2016,90.0,"Comedy,Drama,Romance",3000000,21401949,6.133983,6.4,27841.0,en,"Amazon Studios, Blinder Films, Chic Films, Westerly Films, Revolver Amsterdam",10.178,1,1,1,0,0,0,0,1,0,0,1,0,0,0,0,0,0,0,0,1,0,0,0,0,0,2.563031772201384,,
tt3095734,Monster Trucks,2016,104.0,"Action,Adventure,Comedy",125000000,64493915,-0.48404868,5.7,20725.0,en,"Nickelodeon Movies, Paramount, Disruption Entertainment, Paramount Animation",13.906,1,1,1,1,1,0,0,1,0,0,0,0,0,0,0,0,0,0,0,0,0,0,0,0,0,2.659946415827632,,5.521681094774775
tt3110958,Now You See Me 2,2016,129.0,"Action,Adventure,Comedy",90000000,334901337,2.7211259666666665,6.4,365211.0,en,"Summit Entertainment, Lionsgate, K/O Paper Products, TIK Films",33.753,1,1,1,1,1,0,0,1,0,0,0,0,0,0,0,0,0,0,0,0,0,0,0,0,0,2.659946415827632,-0.5332631999999999,1.1983627500000003
tt3135556,Jimmy Vestvood: Amerikan Hero,2016,84.0,Comedy,2500000,230069,-0.9079724,5.1,3207.0,en,"Worldwide Media Conspiracy, Soul Mining Production, Perfect Nose Productions",5.376,1,1,1,0,0,0,0,1,0,0,0,0,0,0,0,0,0,0,0,0,0,0,0,0,0,3.0568664370636207,,
tt3173594,Hacker,2016,95.0,"Crime,Drama,Thriller",2000000,11239,-0.9943805,6.1,12264.0,en,"Sataifilm, Know Rules Media, Brillstein Entertainment Partners, West on Wilshire",10.698,1,1,1,0,0,0,0,0,1,0,1,0,0,0,0,0,0,0,0,0,0,0,1,0,0,3.8469443470424705,,
tt3183660,Fantastic Beasts and Where to Find Them,2016,132.0,"Adventure,Family,Fantasy",180000000,809342332,3.4963462888888888,7.2,544594.0,en,"Heyday Films, Warner Bros. Pictures",46.103,1,1,1,0,1,0,0,0,0,0,0,1,1,0,0,0,0,0,0,0,0,0,0,0,0,2.2229333354631127,,
tt3212812,My Mom Is a Character 2,2016,88.0,Comedy,2000000,37858128,17.929064,6.7,4067.0,pt,"Migdal Filmes, Globo Filmes, Paris Filmes, Downtown Filmes, Universal Pictures International (UPI), Paramount Pictures Brasil",4.385,1,1,1,0,0,0,0,1,0,0,0,0,0,0,0,0,0,0,0,0,0,0,0,0,0,3.0568664370636207,,
tt3216348,Incarnate,2016,87.0,"Horror,Thriller",5000000,6341855,0.268371,5.3,15063.0,en,"WWE Studios, Blumhouse Productions, IM Global",12.143,1,1,1,0,0,0,0,0,0,0,0,0,0,0,1,0,0,0,0,0,0,0,1,0,0,11.389388569193112,3.309007563636364,
tt3231054,Risen,2016,107.0,"Action,Drama,History",20000000,46069568,1.3034784,6.4,33832.0,en,"Patrick Aiello Productions, Affirm Films, Columbia Pictures, LD Entertainment",14.967,1,1,1,1,0,0,0,0,0,0,1,0,0,1,0,0,0,0,0,0,0,0,0,0,0,1.7586236758921423,,
tt3263904,Sully,2016,96.0,"Biography,Drama,History",60000000,240797623,3.0132937166666665,7.4,325467.0,en,"Malpaso Productions, FilmNation Entertainment, Flashlight Films, Warner Bros. Pictures, RatPac Entertainment, The Kennedy/Marshall Company",23.191,1,1,1,0,0,0,1,0,0,0,1,0,0,1,0,0,0,0,0,0,0,0,0,0,0,1.906699055807593,4.453295341071429,
tt3300542,London Has Fallen,2016,99.0,"Action,Thriller",60000000,205754447,2.4292407833333334,5.9,181887.0,en,"Millennium Media, Gramercy Pictures, G-BASE, LHF Film, Nu Boyana Film Studios",39.273,1,1,1,1,0,0,0,0,0,0,0,0,0,0,0,0,0,0,0,0,0,0,1,0,0,5.284170926853334,,1.2599999999999998
tt3352390,Friend Request,2016,92.0,"Horror,Mystery,Thriller",9900000,10975390,0.1086252525252525,5.2,29254.0,en,"Wiedemann & Berg Film, Seven Pictures, Two Oceans Production (TOP)",12.773,1,1,1,0,0,0,0,0,0,0,0,0,0,0,1,0,0,1,0,0,0,0,1,0,0,11.366109286112192,,
tt3381008,The Brothers Grimsby,2016,83.0,"Action,Adventure,Comedy",35000000,27979040,-0.2005988571428571,6.2,121194.0,en,"Working Title Films, Columbia Pictures, Sony Pictures Releasing, Big Talk Productions, Four by Two Films, LStar Capital, Village Roadshow Pictures, Sony Pictures, Blue Sky Films",14.813,1,1,1,1,1,0,0,1,0,0,0,0,0,0,0,0,0,0,0,0,0,0,0,0,0,2.659946415827632,,
tt3385516,X-Men: Apocalypse,2016,144.0,"Action,Adventure,Sci-Fi",178000000,543934787,2.05581341011236,6.8,497687.0,en,"The Donners' Company, Bad Hat Harry Productions, Genre Films, Hutch Parker Entertainment, 20th Century Fox",45.544,1,1,1,1,1,0,0,0,0,0,0,0,0,0,0,0,0,0,0,0,1,0,0,0,0,2.6153790198832074,1.9914510999999995,2.1574292
tt3387266,A United Kingdom,2016,111.0,"Biography,Drama,History",14000000,13819139,-0.0129186428571428,6.9,17837.0,en,"Pathé, Yoruba Saxon Productions, Harbinger Pictures, Perfect Weekend, Film United",10.077,1,1,1,0,0,0,1,0,0,0,1,0,0,1,0,0,0,0,0,0,0,0,0,0,0,1.906699055807593,,0.438815
tt3387542,The Forest,2016,93.0,"Horror,Mystery,Thriller",10000000,37608299,2.7608299,4.8,48073.0,en,"Lava Bear Films, AI Film, Phantom Four",13.533,1,1,1,0,0,0,0,0,0,0,0,0,0,0,1,0,0,1,0,0,0,0,1,0,0,11.366109286112192,,
tt3393786,Jack Reacher: Never Go Back,2016,118.0,"Action,Thriller",60000000,162146076,1.7024346,6.2,195084.0,en,"Skydance, Huahua Media, Shanghai Film Group, TC Productions, Paramount",57.904,1,1,1,1,0,0,0,0,0,0,0,0,0,0,0,0,0,0,0,0,0,0,1,0,0,5.284170926853334,-0.7063937368421053,2.4969225090909086
tt3410834,The Divergent Series: Allegiant,2016,120.0,"Action,Adventure,Fantasy",110000000,179246868,0.6295169818181818,5.7,148285.0,en,"Mandeville Films, Summit Entertainment, Lionsgate, Red Wagon Entertainment",19.857,1,1,1,1,1,0,0,0,0,0,0,0,1,0,0,0,0,0,0,0,0,0,0,0,0,2.538566968723162,1.7000229727272729,3.528435369700153
tt3416532,A Monster Calls,2016,108.0,"Adventure,Drama,Family",43000000,47309313,0.1002165813953488,7.4,99602.0,en,"River Road Entertainment, Participant, Apaches Entertainment, La Trini, A Monster Calls AIE, Telecinco Cinema, Summit Entertainment, Focus Features",17.74,1,0,1,0,1,0,0,0,0,0,1,1,0,0,0,0,0,0,0,0,0,0,0,0,0,1.9837086667858994,,
tt3416828,Ice Age: Collision Course,2016,94.0,"Action,Adventure,Animation",105000000,408579038,2.891228933333333,5.7,87624.0,en,"Blue Sky Studios, 20th Century Fox Animation, 20th Century Fox",38.552,1,1,1,1,1,1,0,0,0,0,0,0,0,0,0,0,0,0,0,0,0,0,0,0,0,2.6431784157916387,,3.856198398058253
tt3470600,Sing,2016,108.0,"Animation,Comedy,Family",75000000,634151679,7.45535572,7.1,216141.0,en,"Illumination, Universal Pictures, Fuji Television Network, dentsu",45.871,1,1,1,0,0,1,0,1,0,0,0,1,0,0,0,0,0,0,0,0,0,0,0,0,0,2.5166509804814834,,
tt3495026,Fan,2016,142.0,"Action,Drama,Thriller",12750000,28000000,1.196078431372549,6.8,54006.0,hi,"Red Chillies Entertainment, Yash Raj Films",6.594,1,1,1,1,0,0,0,0,0,0,1,0,0,0,0,0,0,0,0,0,0,0,1,0,0,4.181131981141746,,3.333333333333333
tt3498820,Captain America: Civil War,2016,147.0,"Action,Sci-Fi",250000000,1155046416,3.620185664,7.8,945075.0,en,Marvel Studios,70.741,1,1,1,1,0,0,0,0,0,0,0,0,0,0,0,0,0,0,0,0,1,0,0,0,0,2.6782946082178425,3.204509247058824,3.115987205157132
tt3499096,Race,2016,134.0,"Biography,Drama,Sport",5000000,24804129,3.9608258,7.1,44262.0,en,"Trinity Race, Forecast Pictures, Solofilms, JoBro Productions",14.008,1,1,1,0,0,0,1,0,0,0,1,0,0,0,0,0,0,0,0,0,0,1,0,0,0,1.787446939938164,,
tt3521164,Moana,2016,107.0,"Adventure,Animation,Comedy",150000000,690860472,3.60573648,7.6,449049.0,en,"Walt Disney Pictures, Walt Disney Animation Studios, Hurwitz Creative",17.963,1,1,1,0,1,1,0,1,0,0,0,0,0,0,0,0,0,0,0,0,0,0,0,0,0,2.8509922390777334,,
tt3522806,Mechanic: Resurrection,2016,98.0,"Action,Adventure,Thriller",40000000,125729635,2.143240875,5.8,104723.0,en,"Davis Films, ME2 Productions, Millennium Media, Chartoff-Winkler Productions, Summit Entertainment",29.25,1,1,1,1,1,0,0,0,0,0,0,0,0,0,0,0,0,0,0,0,0,0,1,0,0,4.352629898973535,,
tt3523996,Blues for Life,2016,111.0,Crime,750000,2000000,1.6666666666666667,5.8,12.0,en,"Promises Entertainment, Scotlawood Motion Pictures",1.142,1,1,1,0,0,0,0,0,1,0,0,0,0,0,0,0,0,0,0,0,0,0,0,0,0,1.4308620649075108,,
tt3531824,Nerve,2016,96.0,"Adventure,Crime,Drama",19000000,85241496,3.4863945263157894,6.5,148573.0,en,"Lionsgate, Allison Shearmur Productions, Keep Your Head Productions",14.439,1,1,1,0,1,0,0,0,1,0,1,0,0,0,0,0,0,0,0,0,0,0,0,0,0,1.9651546659466732,,
tt3544112,Sing Street,2016,106.0,"Comedy,Drama,Music",4000000,13624522,2.4061305,7.9,108807.0,en,"Cosmo Film, Filmwave Pictures, Distressed Films, FilmNation Entertainment, Likely Story, PalmStar Media",15.249,1,1,1,0,0,0,0,1,0,0,1,0,0,0,0,1,0,0,0,0,0,0,0,0,0,2.0295966755947448,,
tt3553442,Whiskey Tango Foxtrot,2016,112.0,"Biography,Comedy,Drama",35000000,23083334,-0.3404761714285714,6.6,59263.0,en,"Paramount, Broadway Video, Little Stranger",7.653,1,1,1,0,0,0,1,1,0,0,1,0,0,0,0,0,0,0,0,0,0,0,0,0,0,2.636523877911294,2.0731130339321355,
tt3553976,Captain Fantastic,2016,118.0,"Adventure,Comedy,Drama",5000000,23123592,3.6247184,7.8,252820.0,en,"Electric City Entertainment, ShivHans Pictures",27.428,1,1,1,0,1,0,0,1,0,0,1,0,0,0,0,0,0,0,0,0,0,0,0,0,0,2.507156123332043,,
tt3563080,Saya E Khuda E Zuljalal,2016,105.0,"Action,Drama,History",543000,181000,-0.6666666666666666,6.4,151.0,ur,Jehan Films,0.6,0,0,1,1,0,0,0,0,0,0,1,0,0,1,0,0,0,0,0,0,0,0,0,0,0,1.7586236758921423,,
tt3606888,A Street Cat Named Bob,2016,103.0,"Biography,Drama,Family",8000000,17900000,1.2375,7.3,37342.0,en,"Iris Productions, Shooting Script Films, Prescience, Stage 6 Films",19.039,1,1,1,0,0,0,1,0,0,0,1,1,0,0,0,0,0,0,0,0,0,0,0,0,0,2.11307642136515,-0.7636052394364916,
tt3628584,Barbershop: The Next Cut,2016,111.0,"Comedy,Drama",20000000,55030051,1.75150255,5.9,17267.0,en,"New Line Cinema, Cube Vision, Metro-Goldwyn-Mayer, Warner Bros. Pictures",10.53,1,1,1,0,0,0,0,1,0,0,1,0,0,0,0,0,0,0,0,0,0,0,0,0,0,2.515960263391096,,
tt3631112,The Girl on the Train,2016,112.0,"Crime,Drama,Mystery",45000000,173185859,2.8485746444444446,6.5,213423.0,en,"Reliance Entertainment, DreamWorks Pictures, Marc Platt Productions, Amblin Partners",15.235,1,1,1,0,0,0,0,0,1,0,1,0,0,0,0,0,0,1,0,0,0,0,0,0,0,4.9084889581921445,0.11496569999999995,
tt3640424,Allied,2016,124.0,"Action,Drama,Romance",85000000,119520023,0.4061179176470588,7.1,181383.0,en,"Paramount, GK Films, ImageMovers, Huahua Media",13.298,1,1,1,1,0,0,0,0,0,0,1,0,0,0,0,0,0,0,0,1,0,0,0,0,0,2.3552179489152896,0.7480554857142856,0.8486655806818182
tt3647498,Blood Father,2016,88.0,"Action,Crime,Drama",13000000,6903033,-0.4689974615384615,6.4,71178.0,en,"Wild Bunch, Why Not Productions, Lionsgate",17.082,1,1,1,1,0,0,0,0,1,0,1,0,0,0,0,0,0,0,0,0,0,0,0,0,0,1.9464470406104732,,5.132319919098214
tt3655414,To Steal from a Thief,2016,96.0,"Adventure,Crime,Drama",6700000,9074836,0.3544531343283582,6.2,7800.0,es,"Vaca Films, Morena Films, Telefónica Studios, Invasor Producción, K & S Films, Mare Nostrum Productions, Mediaset España, Movistar+, Canal+ España, Eurimages, ICAA, INCAA, Ibermedia, Canal+, Telecinco Cinema, Telefe, Hispano Foxfilms S.A.E., 20th Century Fox, Fox International Productions Spain",12.605,1,1,1,0,1,0,0,0,1,0,1,0,0,0,0,0,0,0,0,0,0,0,0,0,0,1.9651546659466732,,
tt3658772,Misconduct,2016,106.0,"Crime,Drama,Mystery",11000000,2049761,-0.8136580909090909,5.3,19192.0,en,"Lionsgate, Mike and Marty Productions",14.362,0,1,1,0,0,0,0,0,1,0,1,0,0,0,0,0,0,1,0,0,0,0,0,0,0,4.9084889581921445,,
tt3691740,The BFG,2016,117.0,"Adventure,Family,Fantasy",140000000,195243411,0.3945957928571428,6.3,100672.0,en,"Walt Disney Pictures, Amblin Entertainment, Reliance Entertainment, Walden Media, The Kennedy/Marshall Company, DreamWorks Pictures",30.078,1,1,1,0,1,0,0,0,0,0,0,1,1,0,0,0,0,0,0,0,0,0,0,0,0,2.2229333354631127,3.1369587,
tt3714720,The Hollars,2016,88.0,"Comedy,Drama,Romance",3800000,1016985,-0.7323723684210526,6.6,15773.0,en,"Sunday Night, Sycamore Pictures, Groundswell Productions, Fancy Film Post Services",10.804,1,1,1,0,0,0,0,1,0,0,1,0,0,0,0,0,0,0,0,1,0,0,0,0,0,2.563031772201384,,
tt3716530,Elle,2016,130.0,"Action,Crime,Drama",9804690,2341534,-0.761182250535203,7.1,74935.0,fr,"France 2 Cinéma, SBS Productions, Twenty Twenty Vision Filmproduktion, Proximus, Entre Chien et Loup",9.34,1,1,1,1,0,0,0,0,1,0,1,0,0,0,0,0,0,0,0,0,0,0,0,0,0,1.9464470406104732,,-0.9972382
tt3717252,Underworld: Blood Wars,2016,91.0,"Action,Fantasy,Thriller",35000000,81093313,1.3169518,5.8,86963.0,en,"Lakeshore Entertainment, Screen Gems, Sketch Films",37.242,1,1,1,1,0,0,0,0,0,0,0,0,1,0,0,0,0,0,0,0,0,0,1,0,0,4.4203566498189595,,0.4070944666666667
tt3721936,American Honey,2016,163.0,"Adventure,Drama,Romance",3500000,2290649,-0.3455288571428571,7.0,50255.0,en,"BFI, Maven Screen Media, Film4 Productions, Parts and Labor, Pulse Films",8.009,1,1,1,0,1,0,0,0,0,0,1,0,0,0,0,0,0,0,0,1,0,0,0,0,0,2.3739255742514893,,
tt3741834,Lion,2016,118.0,"Biography,Drama",12000000,140312928,10.692744,8.0,268553.0,en,"The Weinstein Company, See-Saw Films, Screen Australia, Aquarius Films, Sunstar Entertainment",20.266,1,1,1,0,0,0,1,0,0,0,1,0,0,0,0,0,0,0,0,0,0,0,0,0,0,2.4263525983351304,,
tt3748528,Rogue One: A Star Wars Story,2016,133.0,"Action,Adventure,Sci-Fi",200000000,1056057273,4.280286365,7.8,764296.0,en,Lucasfilm Ltd.,33.1,1,1,1,1,1,0,0,0,0,0,0,0,0,0,0,0,0,0,0,0,1,0,0,0,0,2.6153790198832074,2.3067254312499994,4.721203715789473
tt3760922,My Big Fat Greek Wedding 2,2016,94.0,"Comedy,Romance",18000000,90632641,4.035146722222223,6.0,38046.0,en,"Universal Pictures, Gold Circle Films, HBO Films, Playtone, Mandate International",25.539,1,1,1,0,0,0,0,1,0,0,0,0,0,0,0,0,0,0,0,1,0,0,0,0,0,2.8570206134427902,,
tt3774114,Snowden,2016,134.0,"Biography,Crime,Drama",40000000,37357216,-0.0660696,7.3,174217.0,en,"KrautPack Entertainment, Vendian Entertainment, Endgame Entertainment",19.194,1,1,1,0,0,0,1,0,1,0,1,0,0,0,0,0,0,0,0,0,0,0,0,0,0,2.094522420525924,,-0.7848216875
tt3776826,Operation Avalanche,2016,94.0,"Comedy,Drama,Mystery",1250000,55000,-0.956,6.2,8930.0,en,"Zapruder Films, XYZ Films, Resolute Films and Entertainment",6.213,1,1,1,0,0,0,0,1,0,0,1,0,0,0,0,0,0,1,0,0,0,0,0,0,0,5.450490415577515,,
tt3783958,La La Land,2016,128.0,"Comedy,Drama,Music",30000000,447407695,13.913589833333331,8.0,775565.0,en,"Summit Entertainment, Black Label Media, Gilbert Films, Impostor Pictures, Marc Platt Productions, Lionsgate",32.009,1,1,1,0,0,0,0,1,0,0,1,0,0,0,0,1,0,0,0,0,0,0,0,0,0,2.0295966755947448,2.967272727272727,2.9672727272727286
tt3794028,From the Land of the Moon,2016,120.0,"Drama,Romance",10300000,47748,-0.99536427184466,6.6,7154.0,fr,"Les Productions du Trésor, StudioCanal, Lunanime, France 3 Cinéma",9.512,1,1,1,0,0,0,0,0,0,0,1,0,0,0,0,0,0,0,0,1,0,0,0,0,0,2.3161144397702653,,0.7521908333333334
tt3797868,The Choice,2016,111.0,"Drama,Romance",10000000,18730891,0.8730891,6.5,50248.0,en,"Lionsgate, Nicholas Sparks Productions, The Safran Company, Good Universe",15.11,1,1,1,0,0,0,0,0,0,0,1,0,0,0,0,0,0,0,0,1,0,0,0,0,0,2.3161144397702653,,0.027100304298642464
tt3799694,The Nice Guys,2016,116.0,"Action,Comedy,Crime",50000000,62788218,0.25576436,7.4,423231.0,en,"Silver Pictures, Waypoint Entertainment, Bloom, Warner Bros. Pictures",19.553,1,1,1,1,0,0,0,1,1,0,0,0,0,0,0,0,0,0,0,0,0,0,0,0,0,2.3070511563921565,,
tt3835080,31,2016,103.0,"Horror,Thriller",1500000,850419,-0.433054,5.1,25031.0,en,"Spectacle Entertainment Group, Windy Hill Pictures, Protagonist Pictures, Bow + Arrow Entertainment, PalmStar Media",12.209,1,1,1,0,0,0,0,0,0,0,0,0,0,0,1,0,0,0,0,0,0,0,1,0,0,11.389388569193112,,
tt3850544,Hillsong: Let Hope Rise,2016,103.0,"Documentary,Family,Music",10000000,2600000,-0.74,6.1,938.0,en,"Cantinas Entertainment, MediaWeaver Entertainment",1.395,1,0,0,0,0,0,0,0,0,1,0,1,0,0,0,1,0,0,0,0,0,0,0,0,0,0.8449043192144644,,
tt3859980,Mohenjo Daro,2016,155.0,"Action,Adventure,Drama",17000000,16000000,-0.0588235294117647,5.7,13853.0,hi,"UTV Motion Pictures, Ashutosh Gowariker Productions",5.969,1,1,1,1,1,0,0,0,0,0,1,0,0,0,0,0,0,0,0,0,0,0,0,0,0,2.2993423000459488,,
tt3882082,The Boy,2016,97.0,"Horror,Mystery,Thriller",10000000,73929392,6.3929392,6.0,108913.0,en,"Lakeshore Entertainment, Vertigo Entertainment, STX Films",18.328,1,0,1,0,0,0,0,0,0,0,0,0,0,0,1,0,0,1,0,0,0,0,1,0,0,11.366109286112192,,
tt3949660,Teenage Mutant Ninja Turtles: Out of the Shadows,2016,112.0,"Action,Adventure,Comedy",135000000,245623848,0.8194359111111111,5.9,107533.0,en,"5150 Action, Paramount, Nickelodeon Movies, Platinum Dunes, Gama Entertainment Partners",37.237,1,1,1,1,1,0,0,1,0,0,0,0,0,0,0,0,0,0,0,0,0,0,0,0,0,2.659946415827632,2.4846153846153847,2.880038032
tt3960412,Popstar: Never Stop Never Stopping,2016,87.0,"Comedy,Drama,Music",20000000,9496130,-0.5251935,6.7,74731.0,en,"Universal Pictures, Apatow Productions, Party Over, The Lonely Island, Perfect World Pictures",14.168,1,1,1,0,0,0,0,1,0,0,1,0,0,0,0,1,0,0,0,0,0,0,0,0,0,2.0295966755947448,,
tt4016934,The Handmaiden,2016,145.0,"Drama,Romance,Thriller",8575000,38600000,3.501457725947522,8.1,207641.0,ko,"Moho Film, Yong Film, CJ Entertainment",55.173,1,1,1,0,0,0,0,0,0,0,1,0,0,0,0,0,0,0,0,1,0,0,1,0,0,4.255715255347287,,
tt4034228,Manchester by the Sea,2016,137.0,Drama,9000000,78988148,7.776460888888889,7.8,362049.0,en,"Pearl Street Films, K Period Media, B Story, The Affleck/Middleton Project, The Media Farm, Amazon Studios, Big Indie Pictures, CMP Entertainment, OddLot Entertainment",22.316,1,1,1,0,0,0,0,0,0,0,1,0,0,0,0,0,0,0,0,0,0,0,0,0,0,1.9750540897185709,,
tt4034354,Swiss Army Man,2016,97.0,"Comedy,Drama,Fantasy",3000000,4900000,0.6333333333333333,6.9,142445.0,en,"BlackBird, Tadmor, Astrakan Films AB, Cold Iron Pictures, Prettybird",28.144,1,1,1,0,0,0,0,1,0,0,1,0,1,0,0,0,0,0,0,0,0,0,0,0,0,2.5748828741774674,,
tt4052882,The Shallows,2016,86.0,"Drama,Horror,Thriller",17000000,119100758,6.005926941176471,6.3,155142.0,en,"Columbia Pictures, Ombra Films, Weimaraner Republic Pictures",19.501,1,1,1,0,0,0,0,0,0,0,1,0,0,0,1,0,0,0,0,0,0,0,1,0,0,8.251277076034933,1.9437124399999997,
tt4088268,Department Q: A Conspiracy of Faith,2016,112.0,"Crime,Drama,Mystery",5210000,5900000,0.1324376199616123,7.0,25023.0,da,"Det Danske Filminstitut, TV 2, Film i Väst, TV4, Zentropa International Hamburg, Zentropa International Berlin, Zentropa International Norway, ZDF, TV 2, Zentropa Entertainments",10.982,1,1,1,0,0,0,0,0,1,0,1,0,0,0,0,0,0,1,0,0,0,0,0,0,0,4.9084889581921445,,
tt4094724,The Purge: Election Year,2016,108.0,"Action,Horror,Sci-Fi",10000000,118587880,10.858788,6.0,120074.0,en,"Why Not Productions, Universal Pictures, Blumhouse Productions, Platinum Dunes, Dentsu Entertainment, Fuji Television Network",32.648,1,1,1,1,0,0,0,0,0,0,0,0,0,0,1,0,0,0,0,0,1,0,0,0,0,6.666816489440194,11.436485000000001,11.436485000000001
tt4120176,Things to Come,2016,102.0,Drama,2100000,282382,-0.8655323809523809,6.9,15468.0,fr,"ARTE France Cinéma, Detailfilm, CG Cinéma, Auvergne-Rhône-Alpes Cinéma",8.702,1,1,1,0,0,0,0,0,0,0,1,0,0,0,0,0,0,0,0,0,0,0,0,0,0,1.9750540897185709,,
tt4129870,White Girl,2016,88.0,"Crime,Drama",700000,200242,-0.71394,5.7,12535.0,en,"Bank Street Films, Killer Films, Supermarché, Greencard Pictures",13.419,1,1,1,0,0,0,0,0,1,0,1,0,0,0,0,0,0,0,0,0,0,0,0,0,0,1.7029580773130408,,
tt4136084,Florence Foster Jenkins,2016,111.0,"Biography,Comedy,Drama",29000000,48902953,0.686308724137931,6.8,62611.0,en,"BBC Film, Qwerty Films, Pathé",10.953,1,1,1,0,0,0,1,1,0,0,1,0,0,0,0,0,0,0,0,0,0,0,0,0,0,2.636523877911294,,
tt4139124,Keanu,2016,100.0,"Action,Comedy,Crime",15000000,20609977,0.3739984666666666,6.2,55765.0,en,"New Line Cinema, Warner Bros. Pictures, Monkeypaw Productions",12.277,1,1,1,1,0,0,0,1,1,0,0,0,0,0,0,0,0,0,0,0,0,0,0,0,0,2.3070511563921565,,
tt4158096,Free Fire,2016,91.0,"Action,Comedy,Crime",7000000,3719383,-0.4686595714285714,6.3,53934.0,en,"Rook Films, Protagonist Pictures, Film4 Productions",12.355,1,1,1,1,0,0,0,1,1,0,0,0,0,0,0,0,0,0,0,0,0,0,0,0,0,2.3070511563921565,,
tt4160708,Don't Breathe,2016,88.0,"Crime,Horror,Thriller",9900000,159047649,15.06541909090909,7.1,334492.0,en,"Screen Gems, Stage 6 Films, Ghost House Pictures",24.908,1,1,1,0,0,0,0,0,1,0,0,0,0,0,1,0,0,0,0,0,0,0,1,0,0,8.069879734431247,,
tt4172430,13 Hours,2016,144.0,"Action,Drama,History",50000000,69411370,0.3882274,7.3,182052.0,en,"Paramount, 3 Arts Entertainment, Bay Films, Latina Pictures, Dune Films",44.505,1,1,1,1,0,0,0,0,0,0,1,0,0,1,0,0,0,0,0,0,0,0,0,0,0,1.7586236758921423,4.257400342857143,
tt4191580,Meet the Blacks,2016,94.0,"Comedy,Horror",900000,9097072,9.107857777777776,4.8,38737.0,en,"Hidden Empire Film, Freestyle Releasing",13.008,1,1,1,0,0,0,0,1,0,0,0,0,0,0,1,0,0,0,0,0,0,0,0,0,0,8.850363344474259,,
tt4196450,The Birth of a Nation,2016,120.0,"Biography,Drama,History",8500000,15861566,0.8660665882352941,6.6,22751.0,en,"Tiny Giant Entertainment, Bron Studios, Mandalay Pictures, Phantom Four",11.744,1,1,1,0,0,0,1,0,0,0,1,0,0,1,0,0,0,0,0,0,0,0,0,0,0,1.906699055807593,,
tt4196776,Jason Bourne,2016,123.0,"Action,Thriller",120000000,415484914,2.4623742833333333,6.6,259740.0,en,"The Kennedy/Marshall Company, Captivate Entertainment, Pearl Street Films, Perfect World Pictures",28.778,1,1,1,1,0,0,0,0,0,0,0,0,0,0,0,0,0,0,0,0,0,0,1,0,0,5.284170926853334,,
tt4213806,Toro,2016,105.0,"Action,Crime,Drama",4000000,1903083,-0.52422925,5.9,3625.0,es,"Atresmedia, Escándalo Films, Apaches Entertainment, ZircoZine",5.611,1,1,1,1,0,0,0,0,1,0,1,0,0,0,0,0,0,0,0,0,0,0,0,0,0,1.9464470406104732,,0.2924387500000001
tt4232188,Kropemann,2016,93.0,Thriller,25000,5000,-0.8,7.2,24.0,en,Camera Obskura,0.6,0,0,1,0,0,0,0,0,0,0,0,0,0,0,0,0,0,0,0,0,0,0,1,0,0,8.13491688650133,,
tt4257926,Miracles from Heaven,2016,109.0,"Biography,Drama,Family",16000000,73983359,3.6239599375,7.1,32171.0,en,"Columbia Pictures, Affirm Films, Roth Films, Franklin Entertainment, Sony Pictures",38.297,1,1,1,0,0,0,1,0,0,0,1,1,0,0,0,0,0,0,0,0,0,0,0,0,0,2.11307642136515,-0.0038910799999998247,
tt4258698,Southside with You,2016,84.0,"Biography,Drama,History",1500000,6628603,3.4190686666666665,6.3,9761.0,en,"IM Global, Get Lifted Film Co.",6.294,1,1,1,0,0,0,1,0,0,0,1,0,0,1,0,0,0,0,0,0,0,0,0,0,0,1.906699055807593,,
tt4262516,Sanam Re,2016,120.0,Drama,3056472,4472886,0.463414682025551,3.4,3867.0,hi,T-Series,4.371,1,1,1,0,0,0,0,0,0,0,1,0,0,0,0,0,0,0,0,0,0,0,0,0,0,1.9750540897185709,,2.633333267942315
tt4262980,Shin Godzilla,2016,120.0,"Action,Drama,Horror",15000000,77947607,4.196507133333333,6.9,46774.0,ja,"Toho Pictures, Cine Bazar, TOHO",26.397,1,1,1,1,0,0,0,0,0,0,1,0,0,0,1,0,0,0,0,0,0,0,0,0,0,6.350779769602934,,
tt4276820,The Founder,2016,115.0,"Biography,Drama",15000000,24121245,0.608083,7.2,208386.0,en,"Speedie Distribution, FilmNation Entertainment, Faliro House Productions, The Combine, The Weinstein Company",30.214,1,1,1,0,0,0,1,0,0,0,1,0,0,0,0,0,0,0,0,0,0,0,0,0,0,2.4263525983351304,,
tt4281724,Terrifier,2016,85.0,Horror,100000,416322,3.16322,5.5,97590.0,en,Dark Age Cinema,43.383,1,1,1,0,0,0,0,0,0,0,0,0,0,0,1,0,0,0,0,0,0,0,0,0,0,14.643860251884897,,
tt4291166,Lonely in Few Minutes of Silence,2016,99.0,Drama,10000,100000,9.0,4.5,43.0,fa,,0.6,0,0,1,0,0,0,0,0,0,0,1,0,0,0,0,0,0,0,0,0,0,0,0,0,0,1.9750540897185709,,
tt4302938,Kubo and the Two Strings,2016,101.0,"Action,Adventure,Animation",60000000,76249438,0.2708239666666667,7.7,148102.0,en,"Laika Entertainment, Focus Features",24.598,0,1,1,1,1,1,0,0,0,0,0,0,0,0,0,0,0,0,0,0,0,0,0,0,0,2.6431784157916387,,
tt4326444,Julieta,2016,99.0,"Drama,Mystery,Romance",1490000,22468044,14.079224161073826,7.1,35623.0,es,"El Deseo, Canal+, Ciné+, TVE, Echo Lake Entertainment",13.292,1,1,1,0,0,0,0,0,0,0,1,0,0,0,0,0,0,1,0,1,0,0,0,0,0,5.31725986649696,,
tt4334266,The Bad Batch,2016,118.0,"Action,Horror,Mystery",6000000,180851,-0.9698581666666668,5.2,38182.0,en,"Annapurna Pictures, Vice Studios",14.171,1,1,1,1,0,0,0,0,0,0,0,0,0,0,1,0,0,1,0,0,0,0,0,0,0,9.465611979680196,-0.605,-0.605
tt4341582,Queen of Katwe,2016,124.0,"Biography,Drama,Sport",15000000,10367161,-0.3088559333333333,7.4,20243.0,en,"Cine Mosaic, Mirabai Films",8.531,1,1,1,0,0,0,1,0,0,0,1,0,0,0,0,0,0,0,0,0,0,1,0,0,0,1.787446939938164,,
tt4353996,The King's Choice,2016,133.0,"Biography,Drama,History",7500000,9100000,0.2133333333333333,7.1,11191.0,no,"Newgrange Pictures, Film i Väst, Zentropa International Sweden, Paradox Produksjon, Nordisk Film Norway, Copenhagen Film Fund",7.971,1,1,1,0,0,0,1,0,0,0,1,0,0,1,0,0,0,0,0,0,0,0,0,0,0,1.906699055807593,,
tt4361050,Ouija: Origin of Evil,2016,99.0,"Drama,Horror,Mystery",9000000,81705746,8.078416222222222,6.2,83266.0,en,"Platinum Dunes, Universal Pictures, Allspark Pictures, Blumhouse Productions, Hasbro",20.033,1,1,1,0,0,0,0,0,0,0,1,0,0,0,1,0,0,1,0,0,0,0,0,0,0,9.312821687184607,,19.718054199999997
tt4383594,Nine Lives,2016,87.0,"Comedy,Drama,Family",30000000,57814445,0.9271481666666668,5.3,26042.0,en,"Fundamental Films, EuropaCorp",16.946,1,1,1,0,0,0,0,1,0,0,1,1,0,0,0,0,0,0,0,0,0,0,0,0,0,2.1728148647357934,,
tt4385888,20th Century Women,2016,119.0,"Comedy,Drama",7000000,5664764,-0.190748,7.3,52788.0,en,"Annapurna Pictures, Archer Gray, Modern People",10.702,1,1,1,0,0,0,0,1,0,0,1,0,0,0,0,0,0,0,0,0,0,0,0,0,0,2.515960263391096,,
tt4387040,Airlift,2016,130.0,"Drama,History",4500000,32000000,6.111111111111111,7.9,61786.0,hi,"T-Series, Hari Om Entertainment, Cape Of Good Films, Viacom18 Studios, Abundantia Entertainment, Emmay Entertainment",4.973,1,1,1,0,0,0,0,0,0,0,1,0,0,1,0,0,0,0,0,0,0,0,0,0,0,1.4212230302355442,,
tt4429194,Paris Can Wait,2016,92.0,"Comedy,Drama,Romance",5000000,13203541,1.6407082,5.8,10395.0,en,American Zoetrope,10.776,1,1,1,0,0,0,0,1,0,0,1,0,0,0,0,0,0,0,0,1,0,0,0,0,0,2.563031772201384,,
tt4434004,Udta Punjab,2016,148.0,"Crime,Drama",5980000,14900000,1.491638795986622,7.7,34431.0,hi,"Balaji Motion Pictures, Phantom Films, Cult Movies",7.745,1,1,1,0,0,0,0,0,1,0,1,0,0,0,0,0,0,0,0,0,0,0,0,0,0,1.7029580773130408,,24.5
tt4438848,Neighbors 2: Sorority Rising,2016,92.0,Comedy,35000000,108758521,2.1073863142857143,5.7,138605.0,en,"Perfect World Pictures, Point Grey Pictures, Good Universe, Universal Pictures",17.212,1,1,1,0,0,0,0,1,0,0,0,0,0,0,0,0,0,0,0,0,0,0,0,0,0,3.0568664370636207,14.03695188888889,7.41044566052399
tt4468634,Certain Women,2016,107.0,Drama,2000000,1215691,-0.3921545,6.4,17458.0,en,"Stage 6 Films, filmscience",12.168,1,1,1,0,0,0,0,0,0,0,1,0,0,0,0,0,0,0,0,0,0,0,0,0,0,1.9750540897185709,,
tt4471388,Survival Game,2016,91.0,"Action,Sci-Fi,Thriller",2570000,4026795,0.5668463035019455,4.2,3499.0,ru,"Enjoy Movies, Renovatio Entertainment",9.737,1,0,0,1,0,0,0,0,0,0,0,0,0,0,0,0,0,0,0,0,1,0,1,0,0,4.497168700979005,1.583465691454233,
tt4486986,All I See Is You,2016,109.0,"Drama,Mystery",30000000,646946,-0.9784351333333332,5.4,14847.0,en,"2DUX², SC Films International, Wing and a Prayer Pictures, LINK Entertainment, SC Films Thailand Co.",9.402,1,1,1,0,0,0,0,0,0,0,1,0,0,0,0,0,0,1,0,0,0,0,0,0,0,6.647302404834461,,
tt4501244,Why Him?,2016,111.0,Comedy,38000000,118102725,2.107966447368421,6.2,136806.0,en,"21 Laps Entertainment, TSG Entertainment, 20th Century Fox, Red Hour",16.914,1,1,1,0,0,0,0,1,0,0,0,0,0,0,0,0,0,0,0,0,0,0,0,0,0,3.0568664370636207,,5.626677520000001
tt4513674,Café Society,2016,96.0,"Comedy,Drama,Romance",30000000,43763247,0.4587749,6.6,85152.0,en,"Perdido Productions, Gravier Productions, FilmNation Entertainment, Amazon Studios",9.937,1,1,1,0,0,0,0,1,0,0,1,0,0,0,0,0,0,0,0,1,0,0,0,0,0,2.563031772201384,1.76378025487013,1.76378025487013
tt4520364,Morgan,2016,92.0,"Action,Horror,Sci-Fi",8000000,8810591,0.101323875,5.9,50070.0,en,"TSG Entertainment, 20th Century Fox, Burk A Project, Isobel Griffiths, Scott Free Productions",12.783,1,1,1,1,0,0,0,0,0,0,0,0,0,0,1,0,0,0,0,0,1,0,0,0,0,6.666816489440194,,
tt4526922,The Unknowns,2016,85.0,Documentary,15000,33145,1.209666666666667,8.6,77.0,en,Time To Kill Productions,0.633,0,0,0,0,0,0,0,0,0,1,0,0,0,0,0,0,0,0,0,0,0,0,0,0,0,-0.008680609783839246,,
tt4540710,Miss Sloane,2016,132.0,Drama,13000000,9101546,-0.2998810769230769,7.5,89659.0,en,"FilmNation Entertainment, Transfilm, Archery Pictures, Ciné+, France 2 Cinéma, Canal+, France Télévisions Distribution",14.087,1,0,1,0,0,0,0,0,0,0,1,0,0,0,0,0,0,0,0,0,0,0,0,0,0,1.9750540897185709,7.5978266,
tt4550098,Nocturnal Animals,2016,116.0,"Drama,Thriller",22500000,29252978,0.3001323555555555,7.4,341738.0,en,"Universal Pictures, Focus Features, Artina Films, Fade to Black Productions",21.733,1,1,1,0,0,0,0,0,0,0,1,0,0,0,0,0,0,0,0,0,0,0,1,0,0,5.05498548810995,,
tt4551318,Paradise,2016,130.0,"Drama,War",5444966,945991,-0.8262631942972647,7.1,2160.0,ru,"Drife Productions, Production Center of Andrei Konchalovsky",3.878,1,1,1,0,0,0,0,0,0,0,1,0,0,0,0,0,0,0,0,0,0,0,0,1,0,1.0296342488492982,-0.969858125842378,-0.969858125842378
tt4572514,Patriots Day,2016,133.0,"Action,Crime,Drama",45000000,50548152,0.1232922666666666,7.3,123160.0,en,"TIK Films, CBS Films, Closest to the Hole Productions, Bluegrass Films, Hutch Parker Entertainment, Leverage",14.068,1,1,1,1,0,0,0,0,1,0,1,0,0,0,0,0,0,0,0,0,0,0,0,0,0,1.9464470406104732,,1.0224080416666665
tt4573516,Sleight,2016,89.0,"Crime,Drama,Sci-Fi",250000,3914430,14.65772,5.9,9552.0,en,"Diablo Entertainment, Blumhouse Productions, BH Tilt",5.491,1,1,1,0,0,0,0,0,1,0,1,0,0,0,0,0,0,0,0,0,1,0,0,0,0,2.109693467952143,,
tt4591310,The Monkey King 2,2016,119.0,"Action,Adventure,Fantasy",68490000,193677158,1.8278165863629727,5.9,3786.0,zh,Filmko Pictures,24.798,1,1,1,1,1,0,0,0,0,0,0,0,1,0,0,0,0,0,0,0,0,0,0,0,0,2.538566968723162,,14.0
tt4616250,The Perfect Weapon,2016,88.0,"Action,Sci-Fi,Thriller",8000000,17000000,1.125,2.9,2575.0,en,"Boundless Pictures, Arramis Films, VMI Worldwide, Paar Productions, Inopia Films, The Fyzz",8.067,1,1,1,1,0,0,0,0,0,0,0,0,0,0,0,0,0,0,0,0,1,0,1,0,0,4.497168700979005,,
tt4624424,Storks,2016,87.0,"Adventure,Animation,Comedy",70000000,182379278,1.6054182571428572,6.8,73323.0,en,"RatPac Entertainment, Warner Bros. Pictures Animation, Warner Bros. Pictures",17.375,1,1,1,0,1,1,0,1,0,0,0,0,0,0,0,0,0,0,0,0,0,0,0,0,0,2.8509922390777334,14.03695188888889,1.3797017624999999
tt4632440,The Dancer,2016,108.0,"Biography,Drama,History",8000000,2000000,-0.75,6.5,2967.0,fr,"Les Productions du Trésor, Wild Bunch, Les Films du Fleuve, Sirena Film, Orange Studio, RTBF",7.243,0,1,1,0,0,0,1,0,0,0,1,0,0,1,0,0,0,0,0,0,0,0,0,0,0,1.906699055807593,,
tt4634422,The Broken Crown,2016,113.0,"Biography,Drama,History",869115,1018486,0.1718656334317092,6.6,997.0,es,"A Contracorriente Films, Diagonal TV, TVE",3.348,1,1,1,0,0,0,1,0,0,0,1,0,0,1,0,0,0,0,0,0,0,0,0,0,0,1.906699055807593,,
tt4643432,In the Forests of Siberia,2016,105.0,"Adventure,Drama",3500000,1492523,-0.5735648571428571,7.0,1578.0,fr,Nord-Ouest Films,4.318,1,1,1,0,1,0,0,0,0,0,1,0,0,0,0,0,0,0,0,0,0,0,0,0,0,2.232300966466254,,
tt4645330,Denial,2016,109.0,"Biography,Drama",10000000,4073489,-0.5926511,6.8,25489.0,en,"BBC Film, Participant, Krasnoff / Foster Entertainment, Shoebox Films",11.752,1,1,1,0,0,0,1,0,0,0,1,0,0,0,0,0,0,0,0,0,0,0,0,0,0,2.4263525983351304,,
tt4649416,Almost Christmas,2016,111.0,"Comedy,Drama,Romance",17000000,42487325,1.499254411764706,6.2,9368.0,en,"Will Packer Productions, Universal Pictures",9.704,1,1,1,0,0,0,0,1,0,0,1,0,0,0,0,0,0,0,0,1,0,0,0,0,0,2.563031772201384,,
tt4651410,Precious Cargo,2016,90.0,"Action,Comedy,Thriller",10500000,567064,-0.9459939047619048,4.6,10326.0,en,"Mann Made Films, Lionsgate Premiere, Herrick Entertainment, Highland Film Group, EFO Films",13.034,1,1,1,1,0,0,0,1,0,0,0,0,0,0,0,0,0,0,0,0,0,0,1,0,0,4.5417360969234295,,-0.5393258426966292
tt4651520,Bad Moms,2016,100.0,Comedy,20000000,183936074,8.1968037,6.2,142074.0,en,"STX Films, BillBlock Media, Robert Simonds Productions, Suzanne Todd Productions, Huayi Brothers Pictures, Universal Pictures",17.404,1,1,1,0,0,0,0,1,0,0,0,0,0,0,0,0,0,0,0,0,0,0,0,0,0,3.0568664370636207,,
tt4667094,Fifty Shades of Black,2016,92.0,Comedy,20000000,21164799,0.05823995,3.6,24936.0,en,"Wayans Alvarez Productions, IM Global, Open Road Films",23.387,1,1,1,0,0,0,0,1,0,0,0,0,0,0,0,0,0,0,0,0,0,0,0,0,0,3.0568664370636207,5.33591525,5.33591525
tt4669186,Kevin Hart: What Now?,2016,96.0,"Comedy,Documentary",9900000,23600000,1.383838383838384,6.0,10332.0,en,"Universal Pictures, HartBeat Productions",4.857,1,1,0,0,0,0,0,1,0,1,0,0,0,0,0,0,0,0,0,0,0,0,0,0,0,1.5240929136398906,3.542069463333333,
tt4669986,Loving,2016,123.0,"Biography,Drama,Romance",9000000,8996802,-0.0003553333333333,7.0,38714.0,en,"Big Beach, Raindog Films, Augusta Films, Tri-State Pictures",10.748,1,1,1,0,0,0,1,0,0,0,1,0,0,0,0,0,0,0,0,1,0,0,0,0,0,2.50329332883074,,
tt4682786,Collateral Beauty,2016,97.0,"Drama,Romance",36000000,88528280,1.4591188888888889,6.8,109943.0,en,"Village Roadshow Pictures, Likely Story, Anonymous Content, New Line Cinema, PalmStar Media, Overbrook Entertainment",15.804,1,1,1,0,0,0,0,0,0,0,1,0,0,0,0,0,0,0,0,1,0,0,0,0,0,2.3161144397702653,,
tt4683366,Ghayal Once Again,2016,127.0,"Action,Drama,Thriller",6629605,7637304,0.1519998551949927,6.2,5611.0,hi,"Vijayta Films, Sunny Super Sound",2.217,1,1,1,1,0,0,0,0,0,0,1,0,0,0,0,0,0,0,0,0,0,0,1,0,0,4.181131981141746,,
tt4687848,Railroad Tigers,2016,124.0,"Action,Adventure,Comedy",50000000,102205175,1.0441035,5.8,5389.0,zh,"Shan Dong Satellite TV Media, Shanghai Film Group, Sparkle Roll Media, Beijing Going Zoom Media, Mango Entertainment, J.Q. Pictures, Nextainment Pictures (Wuxi)",11.081,1,1,1,1,1,0,0,1,0,0,0,0,0,0,0,0,0,0,0,0,0,0,0,0,0,2.659946415827632,,
tt4698684,Hunt for the Wilderpeople,2016,101.0,"Adventure,Comedy,Drama",2500000,23915910,8.566364,7.8,155662.0,en,"Defender Films, Piki Films, Curious Films",15.889,1,1,1,0,1,0,0,1,0,0,1,0,0,0,0,0,0,0,0,0,0,0,0,0,0,2.507156123332043,2.9145149999999997,2.9145149999999997
tt4700756,Believe,2016,119.0,Drama,3500000,890303,-0.7456277142857143,5.1,517.0,en,Believe the Film / Power of 3,2.415,1,1,1,0,0,0,0,0,0,0,1,0,0,0,0,0,0,0,0,0,0,0,0,0,0,1.9750540897185709,,
tt4701660,The Mermaid,2016,94.0,"Comedy,Drama,Fantasy",60720000,553810228,8.120721805006587,6.2,11104.0,zh,"China Film Group Corporation, Alpha Pictures, Star Overseas, Shanghai New Culture Media Group Co Ltd, Beijing Enlight Pictures",14.783,1,1,1,0,0,0,0,1,0,0,1,0,1,0,0,0,0,0,0,0,0,0,0,0,0,2.5748828741774674,,
tt4714782,Personal Shopper,2016,105.0,"Drama,Mystery,Thriller",6000000,1305195,-0.7824675,6.1,46096.0,en,"Sirena Film, SCOPE Pictures, Poisson Rouge Pictures, Detailfilm, CG Cinéma, Vortex Sutra, Canal+, ARTE France Cinéma",10.222,1,1,1,0,0,0,0,0,0,0,1,0,0,0,0,0,0,1,0,0,0,0,1,0,0,7.1431738987234175,-0.7194671212121212,-0.7194671212121212
tt4714896,On Wings of Eagles,2016,108.0,"Biography,Drama,History",12000000,155111,-0.9870740833333334,5.7,1313.0,en,"MGK Multimedia, Beijing Forbidden City Film, Innowave Limited, Goodland Pictures, BondIt",8.291,1,1,1,0,0,0,1,0,0,0,1,0,0,1,0,0,0,0,0,0,0,0,0,0,0,1.906699055807593,,
tt4717746,I Am Hooligan,2016,81.0,"Action,Drama",60000,120000,1.0,2.5,348.0,en,Greenway Entertainment,1.055,1,1,1,1,0,0,0,0,0,0,1,0,0,0,0,0,0,0,0,0,0,0,0,0,0,2.2042395284619545,-0.375,-0.375
tt4726636,Slack Bay,2016,122.0,"Comedy,Fantasy",8104734,920719,-0.8863973820732426,6.0,5151.0,fr,"Twenty Twenty Vision Filmproduktion, Pallas Film, ARTE France Cinéma, WDR/Arte, 3B Productions",6.812,1,1,1,0,0,0,0,1,0,0,0,0,1,0,0,0,0,0,0,0,0,0,0,0,0,2.874797266406916,,
tt4730838,Dyrene i Hakkebakkeskogen,2016,75.0,"Animation,Family,Musical",4873880,5296102,0.0866295436079673,6.8,793.0,no,"Qvisten Animation, Steamheads Studios, Pedri Animation",5.041,1,1,1,0,0,1,0,0,0,0,0,1,0,0,0,0,1,0,0,0,0,0,0,0,0,2.213282414448052,,
tt4731008,The Wild Life,2016,91.0,"Adventure,Animation,Comedy",13500000,40075446,1.9685515555555555,5.4,7142.0,de,"uFilm, StudioCanal, nWave Pictures, Illuminata Pictures",15.993,1,1,1,0,1,1,0,1,0,0,0,0,0,0,0,0,0,0,0,0,0,0,0,0,0,2.8509922390777334,,
tt4731136,A Cure for Wellness,2016,146.0,"Drama,Fantasy,Horror",40000000,26620002,-0.33449995,6.4,126411.0,en,"Studio Babelsberg, Regency Enterprises, New Regency Pictures, TSG Entertainment, Blind Wink Productions, 20th Century Fox",19.807,1,1,1,0,0,0,0,0,0,0,1,0,1,0,1,0,0,0,0,0,0,0,0,0,0,6.4372141457845595,,
tt4744086,Ki & Ka,2016,126.0,"Comedy,Romance",3000000,15480000,4.16,5.7,6758.0,hi,"Hope Productions, Eros International",4.268,1,1,1,0,0,0,0,1,0,0,0,0,0,0,0,0,0,0,0,1,0,0,0,0,0,2.8570206134427902,,
tt4771896,The Fury of a Patient Man,2016,92.0,"Crime,Drama,Thriller",1200000,1813729,0.5114408333333333,6.7,13182.0,es,La Canica Films,7.034,0,0,1,0,0,0,0,0,1,0,1,0,0,0,0,0,0,0,0,0,0,0,1,0,0,3.8469443470424705,,
tt4776998,The Promise,2016,133.0,"Action,Adventure,Drama",90000000,12448676,-0.8616813777777778,6.1,180541.0,en,"Babieka Films, Wonderful Films, Survivor Pictures, Open Road Films",22.418,1,1,1,1,1,0,0,0,0,0,1,0,0,0,0,0,0,0,0,0,0,0,0,0,0,2.2993423000459488,,
tt4786282,Lights Out,2016,81.0,"Horror,Mystery",4900000,148868835,29.381394897959183,6.3,153932.0,en,"Warner Bros. Pictures, New Line Cinema, Atomic Monster, Grey Matter Productions, Dune Entertainment",20.444,1,1,1,0,0,0,0,0,0,0,0,0,0,0,1,0,0,1,0,0,0,0,0,0,0,12.981705485917624,,
tt4809458,The Dirty Dutch,2016,77.0,Comedy,1746706,506588,-0.7099752333821491,5.0,6193.0,nl,"RTL Entertainment, Marmalade, Tom de Mol Productions",1.821,1,1,1,0,0,0,0,1,0,0,0,0,0,0,0,0,0,0,0,0,0,0,0,0,0,3.0568664370636207,,
tt4814290,Te3n,2016,136.0,"Crime,Drama,Mystery",5069632,4817642,-0.0497057774607703,7.2,15201.0,hi,"Blue Waters Motion Pictures, Kross Pictures, Endemol Shine India",6.786,1,1,1,0,0,0,0,0,1,0,1,0,0,0,0,0,0,1,0,0,0,0,0,0,0,4.9084889581921445,,
tt4824302,Mother's Day,2016,118.0,"Comedy,Drama,Romance",25000000,48782670,0.9513068,5.7,43246.0,en,"Rice Films, GulfStream Pictures, May Day Movies, Triad Film Works, Beatnik Films, Capacity Pictures, Open Road Films, PalmStar Media, Universal Pictures",10.719,1,1,1,0,0,0,0,1,0,0,1,0,0,0,0,0,0,0,0,1,0,0,0,0,0,2.563031772201384,,
tt4824308,God's Not Dead 2,2016,120.0,Drama,5000000,23507567,3.7015134,4.4,14293.0,en,Pure Flix Entertainment,19.981,1,1,1,0,0,0,0,0,0,0,1,0,0,0,0,0,0,0,0,0,0,0,0,0,0,1.9750540897185709,0.7522941176470588,0.7522941176470588
tt4832640,Sultan,2016,170.0,"Action,Drama,Romance",10400000,102000000,8.807692307692308,7.1,60035.0,hi,Yash Raj Films,10.879,1,1,1,1,0,0,0,0,0,0,1,0,0,0,0,0,0,0,0,1,0,0,0,0,0,2.3552179489152896,,
tt4846340,Hidden Figures,2016,127.0,"Biography,Drama,History",25000000,235956898,8.43827592,7.8,293250.0,en,"Fox 2000 Pictures, Levantine Films, Chernin Entertainment, 20th Century Fox",70.299,1,1,1,0,0,0,1,0,0,0,1,0,0,1,0,0,0,0,0,0,0,0,0,0,0,1.906699055807593,3.218248769230769,3.218248769230769
tt4851630,Maheshinte Prathikaaram,2016,120.0,"Comedy,Drama,Romance",594667,2292774,2.855559498004766,8.3,12025.0,ml,OPM Dream Mill Cinemas,4.378,0,1,1,0,0,0,0,1,0,0,1,0,0,0,0,0,0,0,0,1,0,0,0,0,0,2.563031772201384,,
tt4853102,Batman: The Killing Joke,2016,76.0,"Action,Animation,Crime",3500000,3775000,0.0785714285714285,6.4,66420.0,en,"Warner Bros. Animation, DC Comics, DC Entertainment",19.782,1,1,1,1,0,1,0,0,1,0,0,0,0,0,0,0,0,0,0,0,0,0,0,0,0,2.2902831563561636,,
tt4857264,The Invisible Guest,2016,106.0,"Crime,Drama,Mystery",4000000,30000000,6.5,8.0,216482.0,es,"Think Studio, Nostromo Pictures, Colosé Producciones, ICEC, ICAA, Movistar+, TV3, Atresmedia, Orange, Cosmopolitan TV",26.356,1,1,1,0,0,0,0,0,1,0,1,0,0,0,0,0,0,1,0,0,0,0,0,0,0,4.9084889581921445,,
tt4864932,Baaghi,2016,133.0,"Action,Drama,Romance",5103000,17377000,2.40525181265922,5.4,11904.0,hi,"Nadiadwala Grandson Entertainment, UTV Motion Pictures",9.864,1,1,1,1,0,0,0,0,0,0,1,0,0,0,0,0,0,0,0,1,0,0,0,0,0,2.3552179489152896,1.380952380952381,1.380952380952381
tt4900716,Kapoor & Sons,2016,132.0,"Comedy,Drama,Family",3577143,18897918,4.282964086143607,7.7,34086.0,hi,"Star Studios, Dharma Productions",9.018,1,1,1,0,0,0,0,1,0,0,1,1,0,0,0,0,0,0,0,0,0,0,0,0,0,2.1728148647357934,,
tt4914580,The Age of Shadows,2016,140.0,"Action,History,Thriller",9620000,53165427,4.526551663201663,7.1,12147.0,ko,"Harbin, Warner Bros. Korea, Dark Circle Pictures, Finecut, Warner Bros. Pictures",8.238,1,1,1,1,0,0,0,0,0,0,0,0,0,1,0,0,0,0,0,0,0,0,1,0,0,3.811911274819728,,
tt4936450,Graduation,2016,128.0,"Crime,Drama",2000000,2015002,0.007501,7.3,15662.0,ro,"Why Not Productions, Mobra Films",7.121,1,1,1,0,0,0,0,0,1,0,1,0,0,0,0,0,0,0,0,0,0,0,0,0,0,1.7029580773130408,,
tt4939066,Battle for Incheon: Operation Chromite,2016,111.0,"Action,Drama,History",12700000,49196532,2.8737426771653545,6.2,6844.0,ko,"Taewon Entertainment, CJ Entertainment, Union Investment Partners, Finecut, Celltrion Entertainment, KBS Media, Korea Investment Partners, KBS",16.235,1,1,1,1,0,0,0,0,0,0,1,0,0,1,0,0,0,0,0,0,0,0,0,0,0,1.7586236758921423,,
tt4940456,Mirza's Lady,2016,129.0,"Action,Drama,Fantasy",6750000,1500000,-0.7777777777777778,4.6,1972.0,hi,"Rakeysh Omprakash Mehra Films, Cinestaan Film Company",1.896,1,1,0,1,0,0,0,0,0,0,1,0,1,0,0,0,0,0,0,0,0,0,0,0,0,2.367069050891373,,
tt4944596,May God Save Us,2016,127.0,"Crime,Drama,Thriller",4000000,1598584,-0.600354,7.1,13578.0,es,"Atresmedia, Tornasol Films, Hernández y Fernández PC, TeleMadrid, Movistar+",9.323,1,1,1,0,0,0,0,0,1,0,1,0,0,0,0,0,0,0,0,0,0,0,1,0,0,3.8469443470424705,,
tt4947738,Spirit of the Game,2016,98.0,Biography,3200000,222565,-0.9304484375,5.3,352.0,en,"KW Films, McLaren House, Jaggi Entertainment",1.69,1,1,1,0,0,0,1,0,0,0,0,0,0,0,0,0,0,0,0,0,0,0,0,0,0,2.87765110695169,,
tt4949290,Cartels,2016,95.0,"Action,Crime,Thriller",7000000,37766,-0.9946048571428572,3.6,2480.0,en,"Action House, Daro Film Distribution, 24TL Productions",5.613,1,1,1,1,0,0,0,0,1,0,0,0,0,0,0,0,0,0,0,0,0,0,1,0,0,3.9997346395380595,,
tt4950110,I'm Not Ashamed,2016,112.0,"Biography,Drama",1500000,2100000,0.4,6.0,4681.0,en,"Visible Pictures, All Entertainment",26.572,1,1,1,0,0,0,1,0,0,0,1,0,0,0,0,0,0,0,0,0,0,0,0,0,0,2.4263525983351304,,
tt4954522,Raw,2016,99.0,"Drama,Horror",3500000,4100000,0.1714285714285714,6.9,97427.0,fr,"Wild Bunch, Rouge International, BeTV, Frakas Productions, RTBF, Petit Film, VOO, Ezekiel Film Production",20.532,1,1,1,0,0,0,0,0,0,0,1,0,0,0,1,0,0,0,0,0,0,0,0,0,0,8.309457170801734,,
tt4972582,Split,2016,117.0,"Horror,Thriller",9000000,278454358,29.93937311111111,7.3,629212.0,en,"Universal Pictures, Blinding Edge Pictures, Blumhouse Productions",44.51,1,1,1,0,0,0,0,0,0,0,0,0,0,0,1,0,0,0,0,0,0,0,1,0,0,11.389388569193112,18.6900124,18.6900124
tt4975722,Moonlight,2016,111.0,Drama,4000000,65046687,15.26167175,7.4,355295.0,en,"A24, Plan B Entertainment, PASTEL",16.748,1,1,1,0,0,0,0,0,0,0,1,0,0,0,0,0,0,0,0,0,0,0,0,0,0,1.9750540897185709,,
tt4981636,Middle School: The Worst Years of My Life,2016,92.0,"Comedy,Family",8500000,23316139,1.7430751764705883,6.1,11198.0,en,"Lionsgate, CBS Films, Participant",9.265,1,1,1,0,0,0,0,1,0,0,0,1,0,0,0,0,0,0,0,0,0,0,0,0,0,2.271695252244405,,
tt4981966,24,2016,164.0,"Action,Drama,Sci-Fi",10000000,15000000,0.5,7.9,27076.0,ta,"Studio Green, 2D Entertainment",7.455,1,1,1,1,0,0,0,0,0,0,1,0,0,0,0,0,0,0,0,0,1,0,0,0,0,2.4438811020514186,,
tt5011872,Massive: The Amazing Rise and Fall,2016,,Documentary,16381,12000,-0.2674439899884012,,,en,,0.6,0,0,0,0,0,0,0,0,0,1,0,0,0,0,0,0,0,0,0,0,0,0,0,0,0,-0.008680609783839246,,
tt5034474,The Assignment,2016,95.0,"Action,Crime,Thriller",5000000,388789,-0.9222422,4.7,9999.0,en,SBS Productions,13.003,1,1,1,1,0,0,0,0,1,0,0,0,0,0,0,0,0,0,0,0,0,0,1,0,0,3.9997346395380595,,
tt5046070,Maikäfer flieg,2016,100.0,Drama,3300000,210865,-0.9361015151515152,6.3,293.0,de,KGP Kranzelbinder Gabriele Production,1.65,1,1,1,0,0,0,0,0,0,0,1,0,0,0,0,0,0,0,0,0,0,0,0,0,0,1.9750540897185709,,
tt5069022,I'm Trying to Impress You,2016,105.0,"Comedy,Drama,Romance",2000,20000,9.0,,,en,"Valentine Street Productions, Snack Crackers Productions",0.6,1,1,0,0,0,0,0,1,0,0,1,0,0,0,0,0,0,0,0,1,0,0,0,0,0,2.563031772201384,,
tt5071886,Kabali,2016,153.0,"Action,Crime,Drama",18700000,74000000,2.9572192513368982,6.1,15637.0,ta,V Creations,5.708,1,1,1,1,0,0,0,0,1,0,1,0,0,0,0,0,0,0,0,0,0,0,0,0,0,1.9464470406104732,,
tt5074352,Dangal,2016,161.0,"Action,Biography,Drama",10400000,311000000,28.90384615384616,8.3,247242.0,hi,"Aamir Khan Productions, Walt Disney Pictures, UTV Motion Pictures",12.466,1,1,1,1,0,0,1,0,0,0,1,0,0,0,0,0,0,0,0,0,0,0,0,0,0,2.4287100546251996,,
tt5077538,Père fils thérapie!,2016,92.0,"Comedy,Crime",7230000,1453270,-0.7989944674965422,5.1,374.0,fr,"UGC Distribution, Cinémaginaire, Incognita Films",6.114,1,1,1,0,0,0,0,1,1,0,0,0,0,0,0,0,0,0,0,0,0,0,0,0,0,2.243864250985566,,12.569576384615385
tt5091538,Max & Leon,2016,98.0,"Adventure,Comedy,War",12156348,8750678,-0.2801556849145812,6.2,3040.0,fr,"Le 12e Art, StudioCanal, Légende Films, Blagbuster, C2M Productions, uMedia, Nexus Factory, TF1 Films Production",7.662,1,1,1,0,1,0,0,1,0,0,0,0,0,0,0,0,0,0,0,0,0,0,0,1,0,1.8768762294191947,,
tt5096536,Heal the Living,2016,103.0,Drama,10000000,3176,-0.9996824,6.9,3761.0,fr,,6.358,1,1,1,0,0,0,0,0,0,0,1,0,0,0,0,0,0,0,0,0,0,0,0,0,0,1.9750540897185709,,
tt5108476,Befikre,2016,130.0,"Comedy,Drama,Romance",15500000,9600000,-0.3806451612903225,4.2,8946.0,hi,Yash Raj Films,5.098,1,1,1,0,0,0,0,1,0,0,1,0,0,0,0,0,0,0,0,1,0,0,0,0,0,2.563031772201384,,
tt5119202,Going Furthur,2016,96.0,"Documentary,History",75000,15000,-0.8,9.5,100.0,en,"Going Furthur Productions, Lotus Eaters Films, Puds Brand",0.626,0,0,0,0,0,0,0,0,0,1,0,0,0,1,0,0,0,0,0,0,0,0,0,0,0,0.4293556804843392,,
tt5120640,Sarbjit,2016,131.0,"Biography,Drama",3400000,6463160,0.900929411764706,7.4,5943.0,hi,"Legend Global Studio, T-Series",2.452,1,1,1,0,0,0,1,0,0,0,1,0,0,0,0,0,0,0,0,0,0,0,0,0,0,2.4263525983351304,68.34127182490091,
tt5122374,Tini: The New Life of Violetta,2016,99.0,"Adventure,Family,Music",19201483,17000172,-0.1146427596243477,5.4,1514.0,es,"Gloriamundi Producciones, Lapis Film, Walt Disney Pictures, Buena Vista International",11.197,1,1,1,0,1,0,0,0,0,0,0,1,0,0,0,1,0,0,0,0,0,0,0,0,0,1.67764713688039,,
tt5133392,Zoology,2016,91.0,"Comedy,Drama,Fantasy",1200000,16410,-0.986325,6.4,1286.0,ru,"Arizona Films, New People Film Company, MovieBrats Pictures",1.784,1,1,1,0,0,0,0,1,0,0,1,0,1,0,0,0,0,0,0,0,0,0,0,0,0,2.5748828741774674,-0.8954080000000001,-0.8954080000000001
tt5141848,Rabidity,2016,86.0,"Action,Crime,Drama",10000,10000,0.0,4.7,121.0,fa,Nimrouz Film,0.665,1,1,1,1,0,0,0,0,1,0,1,0,0,0,0,0,0,0,0,0,0,0,0,0,0,1.9464470406104732,,
tt5142216,Auto Shop of Horrors,2016,87.0,"Comedy,Horror",1200,4300,2.583333333333333,6.0,42.0,en,"GallaFilms, Driving With Our Eyes Shut",0.643,1,1,1,0,0,0,0,1,0,0,0,0,0,0,1,0,0,0,0,0,0,0,0,0,0,8.850363344474259,-0.9475833333333332,-0.9475833333333332
tt5153860,Female Fight Squad,2016,90.0,"Action,Crime,Drama",2000000,22253,-0.9888735,4.3,1576.0,en,"Tadross Media Group, Cineville, FFC Productions, Parkside Pictures",9.658,1,1,1,1,0,0,0,0,1,0,1,0,0,0,0,0,0,0,0,0,0,0,0,0,0,1.9464470406104732,,
tt5156746,Force 2,2016,127.0,"Action,Thriller",6500000,6900000,0.0615384615384615,6.2,6483.0,hi,"JA Entertainment, Sunshine Pictures, Viacom18 Studios",3.849,1,1,1,1,0,0,0,0,0,0,0,0,0,0,0,0,0,0,0,0,0,0,1,0,0,5.284170926853334,,10.538461538461538
tt5161658,Bling,2016,82.0,"Action,Animation,Comedy",15000000,1404291,-0.9063806,4.5,867.0,en,"Digiart Productions, Digital Idea",4.564,1,1,1,1,0,1,0,1,0,0,0,0,0,0,0,0,0,0,0,0,0,0,0,0,0,2.832284613741533,,
tt5165344,Rustom,2016,148.0,"Crime,Drama,Thriller",6114349,26309214,3.302864295119562,7.0,31727.0,hi,"KriArj Entertainment, Zee Studios, Hari Om Entertainment",8.077,1,1,1,0,0,0,0,0,1,0,1,0,0,0,0,0,0,0,0,0,0,0,1,0,0,3.8469443470424705,,
tt5197544,Baar Baar Dekho,2016,141.0,"Drama,Romance,Sci-Fi",7400000,9100000,0.2297297297297297,5.4,8259.0,hi,"Excel Entertainment, Dharma Productions",6.194,1,1,1,0,0,0,0,0,0,0,1,0,0,0,0,0,0,0,0,1,1,0,0,0,0,2.518464376256959,,
tt5198844,Chempiony: Bystree. Vyshe. Silnee,2016,100.0,"Biography,Drama,Sport",1500000,2500000,0.6666666666666666,6.2,440.0,ru,"Enjoy Movies, Renovatio Entertainment",1.831,1,1,1,0,0,0,1,0,0,0,1,0,0,0,0,0,0,0,0,0,0,1,0,0,0,1.787446939938164,-0.7213806666666667,
tt5215952,The Wailing,2016,156.0,"Drama,Horror",10951000,49851770,3.55225732809789,7.4,101693.0,ko,"Fox International Productions, Ivanhoe Pictures, 20th Century Fox Korea, Side Mirror, Korean Film Council, Finecut, 20th Century Fox, Well Go USA Entertainment",15.353,1,1,1,0,0,0,0,0,0,0,1,0,0,0,1,0,0,0,0,0,0,0,0,0,0,8.309457170801734,,
tt5221584,Aquarius,2016,146.0,Drama,762241,285930,-0.6248824190774309,7.4,22285.0,pt,"SBS Productions, CinemaScópio, Globo Filmes, VideoFilmes",8.997,1,1,1,0,0,0,0,0,0,0,1,0,0,0,0,0,0,0,0,0,0,0,0,0,0,1.9750540897185709,,
tt5247022,Paterson,2016,118.0,"Comedy,Drama,Romance",5000000,2152738,-0.5694524,7.3,96389.0,en,"Inkjet Productions, Amazon Studios, Animal Kingdom, K5 International, Le Pacte",11.344,1,1,1,0,0,0,0,1,0,0,1,0,0,0,0,0,0,0,0,1,0,0,0,0,0,2.563031772201384,,
tt5271442,Maalik,2016,155.0,"Action,Crime,Drama",280000,520000,0.8571428571428571,7.9,3908.0,ur,Footprint Entertainment,1.699,0,1,1,1,0,0,0,0,1,0,1,0,0,0,0,0,0,0,0,0,0,0,0,0,0,1.9464470406104732,,
tt5282006,The Duelist,2016,109.0,"Action,Drama,Thriller",12823507,6101904,-0.524162617917236,6.3,3598.0,ru,Non-Stop Productions,6.393,1,1,1,1,0,0,0,0,0,0,1,0,0,0,0,0,0,0,0,0,0,0,1,0,0,4.181131981141746,,
tt5286444,Neerja,2016,122.0,"Biography,Drama,Thriller",2900000,17618280,5.075268965517242,7.6,25325.0,hi,"Star Studios, Bling Unplugged",8.76,1,1,1,0,0,0,1,0,0,0,1,0,0,0,0,0,0,0,0,0,0,0,1,0,0,4.329207361057197,,68.34127182490091
tt5290524,Where Am I Going?,2016,86.0,Comedy,11089000,75173000,5.779060330056813,6.7,14631.0,it,"Taodue Film, Mediaset Premium",7.263,1,1,1,0,0,0,0,1,0,0,0,0,0,0,0,0,0,0,0,0,0,0,0,0,0,3.0568664370636207,,
tt5291232,Long Long Time Ago,2016,107.0,"Comedy,Drama",1180000,4292000,2.6372881355932205,6.8,251.0,zh,"J Team Productions, MM2 Entertainment",1.265,1,1,1,0,0,0,0,1,0,0,1,0,0,0,0,0,0,0,0,0,0,0,0,0,0,2.515960263391096,0.6270210086633663,1.1798471379950497
tt5297140,Lahore Se Aagey,2016,131.0,"Comedy,Romance",520000,1500000,1.8846153846153848,5.2,652.0,ur,"AN Entertainment Pvt. Ltd, Showcase Films",1.377,1,1,1,0,0,0,0,1,0,0,0,0,0,0,0,0,0,0,0,1,0,0,0,0,0,2.8570206134427902,,
tt5297256,Pulimurugan,2016,161.0,Action,3800000,29000000,6.631578947368421,6.7,10428.0,ml,Mulakuppadam Films,4.427,1,1,1,1,0,0,0,0,0,0,0,0,0,0,0,0,0,0,0,0,0,0,0,0,0,2.433424967205338,,
tt5297578,Zindagi Kitni Haseen Hay,2016,150.0,"Adventure,Drama,Romance",280000,950000,2.392857142857143,5.6,830.0,ur,Kingfisher Films,1.594,1,0,1,0,1,0,0,0,0,0,1,0,0,0,0,0,0,0,0,1,0,0,0,0,0,2.3739255742514893,,
tt5310090,Irudhi Suttru,2016,109.0,"Drama,Sport",300000,2100000,6.0,7.6,13029.0,ta,"Rajkumar Hirani Films, UTV Motion Pictures, Y NOT Studios, Thirukumaran Entertainment",7.013,1,1,1,0,0,0,0,0,0,0,1,0,0,0,0,0,0,0,0,0,0,1,0,0,0,1.242344856431401,,
tt5312232,Sairat,2016,174.0,"Drama,Romance",600000,16500000,26.5,8.3,16561.0,mr,Aatpat Production,3.192,1,1,0,0,0,0,0,0,0,0,1,0,0,0,0,0,0,0,0,1,0,0,0,0,0,2.3161144397702653,,
tt5312306,Klassikokkutulek,2016,90.0,Comedy,130000,2092000,15.092307692307692,6.1,1027.0,et,Taska Film,1.223,1,1,1,0,0,0,0,1,0,0,0,0,0,0,0,0,0,0,0,0,0,0,0,0,0,3.0568664370636207,,
tt5320514,Action Hero Biju,2016,144.0,"Action,Comedy,Thriller",300000,2500000,7.333333333333333,7.6,4979.0,ml,"Pauly Jr. Pictures, Full On Studios",3.822,1,1,1,1,0,0,0,1,0,0,0,0,0,0,0,0,0,0,0,0,0,0,1,0,0,4.5417360969234295,,
tt5325452,Boo! A Madea Halloween,2016,103.0,"Comedy,Drama,Horror",20000000,74827344,2.7413672,4.7,10340.0,en,"Lionsgate, Tyler Perry Studios",10.147,1,1,1,0,0,0,0,1,0,0,1,0,0,0,1,0,0,0,0,0,0,0,0,0,0,6.5585935928890295,,
tt5333612,Actor in Law,2016,116.0,"Comedy,Drama,Romance",1600000,4800000,2.0,7.5,2943.0,ur,"Everyday Fims, Filmwala Pictures",2.493,1,0,1,0,0,0,0,1,0,0,1,0,0,0,0,0,0,0,0,1,0,0,0,0,0,2.563031772201384,1.1875,
tt5340522,Soggade Chinni Nayana,2016,145.0,"Comedy,Drama",3000000,10000000,2.333333333333333,6.3,1810.0,te,Annapurna Studios,2.486,0,1,1,0,0,0,0,1,0,0,1,0,0,0,0,0,0,0,0,0,0,0,0,0,0,2.515960263391096,,
tt5354160,Mirror Game,2016,147.0,"Crime,Mystery,Thriller",405606,246840,-0.391429120870993,8.8,31132.0,bn,"Content Matters, Half Stop Down",2.768,1,0,1,0,0,0,0,0,1,0,0,0,0,0,0,0,0,1,0,0,0,0,1,0,0,6.961776557119731,,
tt5358714,Good Boy,2016,95.0,"Comedy,Drama,Family",900000,1237319,0.3747988888888889,6.3,969.0,ru,"2D Celluloid, Art Pictures Studio",2.437,1,1,1,0,0,0,0,1,0,0,1,1,0,0,0,0,0,0,0,0,0,0,0,0,0,2.1728148647357934,,
tt5376232,Jacob's Kingdom of Heaven,2016,145.0,"Biography,Drama,Family",110000,520000,3.727272727272727,7.7,3294.0,ml,"LJ Films, Big Bang Entertainments",2.64,1,1,1,0,0,0,1,0,0,0,1,1,0,0,0,0,0,0,0,0,0,0,0,0,0,2.11307642136515,6.014925373134329,6.014925373134329
tt5423310,Ola Bola,2016,113.0,"Drama,History,Sport",1230920,3569670,1.900001624800962,7.5,801.0,ms,Astro Shaw,2.555,1,1,1,0,0,0,0,0,0,0,1,0,0,1,0,0,0,0,0,0,0,1,0,0,0,1.1173605612051067,,
tt5431016,Os Dez Mandamentos - O Filme,2016,120.0,"Adventure,Drama,Fantasy",39307171,37070177,-0.0569105825499372,3.2,1275.0,pt,"Downtown Filmes, Record TV, Record Filmes, Paris Filmes",25.41,1,1,1,0,1,0,0,0,0,0,1,0,1,0,0,0,0,0,0,0,0,0,0,0,0,2.3857766762275734,,
tt5457722,Brahmotsavam,2016,156.0,"Drama,Romance",11000000,10000000,-0.0909090909090909,4.0,4081.0,te,"G. Mahesh Babu Entertainment Pvt. Ltd, PVP Cinema",1.978,1,1,1,0,0,0,0,0,0,0,1,0,0,0,0,0,0,0,0,1,0,0,0,0,0,2.3161144397702653,,
tt5457772,Sarrainodu,2016,126.0,"Action,Drama",7503564,19059053,1.5400000586388014,6.6,9017.0,te,Geetha Arts,5.326,1,1,1,1,0,0,0,0,0,0,1,0,0,0,0,0,0,0,0,0,0,0,0,0,0,2.2042395284619545,,5.093600403124212
tt5458364,Oru Murai Vanthu Paarthaya,2016,151.0,"Comedy,Horror,Romance",300000,300000,0.0,5.5,316.0,ml,Kokers Films,2.171,0,0,1,0,0,0,0,1,0,0,0,0,0,0,1,0,0,0,0,1,0,0,0,0,0,6.785967159590158,,
tt5462400,Kóblic,2016,92.0,"Crime,Drama,Thriller",3500000,1839313,-0.474482,6.4,2552.0,es,"Pampa Films, Gloriamundi Producciones, Telefe, DirecTV, Palermo Films, Atresmedia",4.689,1,1,1,0,0,0,0,0,1,0,1,0,0,0,0,0,0,0,0,0,0,0,1,0,0,3.8469443470424705,,
tt5468300,Sound and Fury,2016,96.0,"Drama,Mystery,Romance",10000,10000,0.0,6.3,4635.0,fa,,2.504,1,1,1,0,0,0,0,0,0,0,1,0,0,0,0,0,0,1,0,1,0,0,0,0,0,5.31725986649696,,
tt5481184,League of Gods,2016,109.0,"Action,Fantasy",38000000,43300000,0.1394736842105263,4.5,3162.0,zh,"China Star Entertainment, Huayi Brothers Pictures",13.794,0,1,1,1,0,0,0,0,0,0,0,0,1,0,0,0,0,0,0,0,0,0,0,0,0,2.5630765314777744,,
tt5492684,Tanz der Zuckerfee,2016,69.0,Drama,10000,2000,-0.8,8.7,8.0,de,macherstube,0.6,0,0,0,0,0,0,0,0,0,0,1,0,0,0,0,0,0,0,0,0,0,0,0,0,0,1.9750540897185709,,
tt5529392,Um Suburbano Sortudo,2016,100.0,Comedy,6000000,11600000,0.9333333333333332,4.6,434.0,pt,"Camisa Listrada, Panorama Filmes do Brasil, Paramount Pictures Brasil, Globo Filmes, Telecine, Paris Entretenimento, Agência Nacional do Cinema - ANCINE",3.28,1,1,1,0,0,0,0,1,0,0,0,0,0,0,0,0,0,0,0,0,0,0,0,0,0,3.0568664370636207,,
tt5548032,Oppam,2016,143.0,"Action,Drama,Thriller",1000000,10000000,9.0,7.3,4969.0,ml,Aashirvad Cinemas,3.041,1,1,1,1,0,0,0,0,0,0,1,0,0,0,0,0,0,0,0,0,0,0,1,0,0,4.181131981141746,,
tt5565896,Munafik,2016,98.0,"Horror,Mystery,Thriller",393894,1058591,1.687502221409821,6.6,1297.0,ms,Skop Productions Sdn. Bhd.,1.294,1,1,1,0,0,0,0,0,0,0,0,0,0,0,1,0,0,1,0,0,0,0,1,0,0,11.366109286112192,,
tt5571734,Pink,2016,136.0,"Crime,Drama,Thriller",75000000,15020702,-0.7997239733333333,8.0,52626.0,hi,"Saraswati Entertainment Creations Limited, Rising Sun Films",11.442,1,1,1,0,0,0,0,0,1,0,1,0,0,0,0,0,0,0,0,0,0,0,1,0,0,3.8469443470424705,,
tt5591458,The Legend of Chupacabras,2016,81.0,"Action,Adventure,Animation",1600000,5138140,2.2113375,5.5,479.0,es,Ánima Estudios,9.924,1,1,1,1,1,1,0,0,0,0,0,0,0,0,0,0,0,0,0,0,0,0,0,0,0,2.6431784157916387,,
tt5646136,Hillary's America: The Secret History of the Democratic Party,2016,106.0,"Biography,Documentary,History",5000000,13000000,1.6,4.8,8166.0,en,D'Souza Media,5.565,1,1,0,0,0,0,1,0,0,1,0,0,0,1,0,0,0,0,0,0,0,0,0,0,0,1.2454541559734562,1.8889004000000003,1.8889004000000003
tt5653294,The Crew,2016,138.0,"Action,Adventure,Drama",10000000,27305571,1.7305571,6.6,6645.0,ru,"VGTRK, Studio Trite",15.106,1,1,1,1,1,0,0,0,0,0,1,0,0,0,0,0,0,0,0,0,0,0,0,0,0,2.2993423000459488,,-0.7213806666666667
tt5657028,Alibi.com,2016,89.0,"Comedy,Romance",7546570,29370592,2.891912749765788,6.5,11678.0,fr,"Fechner Films, TF1 Droits Audiovisuels, StudioCanal, TF1 Films Production",9.486,1,1,1,0,0,0,0,1,0,0,0,0,0,0,0,0,0,0,0,1,0,0,0,0,0,2.8570206134427902,3.277713141794247,3.277713141794247
tt5662932,Psycho Raman,2016,133.0,"Crime,Drama,Thriller",521873,1013926,0.942859661258582,7.3,17574.0,hi,Phantom Films,7.313,1,1,1,0,0,0,0,0,1,0,1,0,0,0,0,0,0,0,0,0,0,0,1,0,0,3.8469443470424705,-0.9166666666666666,-0.9166666666666666
tt5674842,A Stroke of Luck,2016,90.0,Comedy,3500000,12304617,2.5156048571428573,4.6,2258.0,es,"Aparte Producciones, Atresmedia",6.102,1,1,1,0,0,0,0,1,0,0,0,0,0,0,0,0,0,0,0,0,0,0,0,0,0,3.0568664370636207,,
tt5684466,A Aa,2016,152.0,"Comedy,Drama,Romance",87933055,189432924,1.1542857120112568,6.8,4613.0,te,Haarika & Hassine Creations,3.012,1,1,1,0,0,0,0,1,0,0,1,0,0,0,0,0,0,0,0,1,0,0,0,0,0,2.563031772201384,,
tt5700672,Train to Busan,2016,118.0,"Action,Horror,Thriller",8500000,87547518,9.299708,7.6,313557.0,ko,"Next Entertainment World, RedPeter Film, Contents Panda, Union Investment Partners, KTB Network, Korean Film Council",49.553,1,1,1,1,0,0,0,0,0,0,0,0,0,0,1,0,0,0,0,0,0,0,1,0,0,8.404067368530521,,
tt5722530,Maligno,2016,87.0,"Horror,Mystery",150000,400000,1.6666666666666667,4.8,131.0,es,Dolby,4.522,1,1,0,0,0,0,0,0,0,0,0,0,0,0,1,0,0,1,0,0,0,0,0,0,0,12.981705485917624,,
tt5736696,R.A.I.D. Special Unit,2016,105.0,"Action,Comedy,Crime",32400000,34598750,0.0678626543209876,5.6,4996.0,fr,"TF1 Films Production, Pathé, Artémis Productions, Les Productions du Ch'timi",8.083,1,1,1,1,0,0,0,1,1,0,0,0,0,0,0,0,0,0,0,0,0,0,0,0,0,2.3070511563921565,,
tt5742306,Parting,2016,74.0,"Drama,Romance",10000,10000,0.0,6.1,339.0,fa,Aseman Parvaz Film,0.6,0,1,0,0,0,0,0,0,0,0,1,0,0,0,0,0,0,0,0,1,0,0,0,0,0,2.3161144397702653,,
tt5804038,I Am Not Your Negro,2016,93.0,"Documentary,History",1000000,7123919,6.123919,7.9,24937.0,en,"Independent Lens, RTBF, ARTE, Shelter Prod, RTS, Velvet Film",11.677,1,1,1,0,0,0,0,0,0,1,0,0,0,1,0,0,0,0,0,0,0,0,0,0,0,0.4293556804843392,,
tt5813916,The Mountain II,2016,135.0,"Action,Drama,War",670000,11378898,15.983429850746267,8.1,113024.0,tr,"CaglarArts Entertainment, Insignia Productions, Dreamlife Studios",8.835,1,1,1,1,0,0,0,0,0,0,1,0,0,0,0,0,0,0,0,0,0,0,0,1,0,1.4975644883013113,-0.1067619999999998,-0.1067619999999998
tt5824826,Pelli Choopulu,2016,125.0,"Comedy,Drama,Romance",200000,5500000,26.5,8.2,12624.0,te,"BigBen Films, Vinoothna Geetha",3.72,1,1,0,0,0,0,0,1,0,0,1,0,0,0,0,0,0,0,0,1,0,0,0,0,0,2.563031772201384,,
tt5855378,Billy Yeager the Ineffable Enigma,2016,102.0,Documentary,165000,2350000,13.242424242424242,8.5,14.0,en,Maltese productions,0.6,1,1,0,0,0,0,0,0,0,1,0,0,0,0,0,0,0,0,0,0,0,0,0,0,0,-0.008680609783839246,,
tt5893524,Lulu the Movie,2016,90.0,Comedy,1500000,650000,-0.5666666666666667,5.1,90.0,en,,1.656,1,1,1,0,0,0,0,1,0,0,0,0,0,0,0,0,0,0,0,0,0,0,0,0,0,3.0568664370636207,,
tt5910280,Tunnel,2016,126.0,"Drama,Thriller",1000000,52444295,51.444295,6.8,12300.0,ko,"BA Entertainment, Showbox",11.412,1,1,1,0,0,0,0,0,0,0,1,0,0,0,0,0,0,0,0,0,0,0,1,0,0,5.05498548810995,,
tt5946128,Dear Zindagi,2016,151.0,"Drama,Romance",4300000,3376375,-0.2147965116279069,7.4,47847.0,hi,"Red Chillies Entertainment, Dharma Productions, Hope Productions",12.437,1,1,1,0,0,0,0,0,0,0,1,0,0,0,0,0,0,0,0,1,0,0,0,0,0,2.3161144397702653,,
tt5946852,Janatha Garage,2016,162.0,"Action,Drama",7000000,21000000,2.0,7.2,9545.0,te,Mythri Movie Makers,103.971,1,1,1,1,0,0,0,0,0,0,1,0,0,0,0,0,0,0,0,0,0,0,0,0,0,2.2042395284619545,,1.2240338164251208
tt5953594,Babu Bangaram,2016,150.0,"Action,Comedy",4200000,6900000,0.6428571428571429,5.1,548.0,te,Sithara Entertainments,2.155,1,1,1,1,0,0,0,1,0,0,0,0,0,0,0,0,0,0,0,0,0,0,0,0,0,2.7451457021344794,4.928571428571429,
tt5960464,Janaan,2016,133.0,"Drama,Musical,Romance",1500000,3000000,1.0,6.8,1589.0,ur,IRK Films,0.813,1,1,0,0,0,0,0,0,0,0,1,0,0,0,0,0,1,0,0,1,0,0,0,0,0,2.259663206167952,,
tt5971724,Seed: The Untold Story,2016,94.0,Documentary,650000,209752,-0.6773046153846154,7.6,412.0,en,"Seneca Falls Picture Company, Collective Eye Films, W-film",1.843,0,0,0,0,0,0,0,0,0,1,0,0,0,0,0,0,0,0,0,0,0,0,0,0,0,-0.008680609783839246,,
tt5994874,Blurry,2016,90.0,Drama,10000,10000,0.0,5.5,26.0,fa,,0.6,0,0,0,0,0,0,0,0,0,0,1,0,0,0,0,0,0,0,0,0,0,0,0,0,0,1.9750540897185709,,
tt5998104,Aanandam,2016,120.0,"Adventure,Comedy,Drama",450000,2300000,4.111111111111111,7.3,2795.0,ml,"Cast N' Crew, Habit of Life",3.103,1,1,0,0,1,0,0,1,0,0,1,0,0,0,0,0,0,0,0,0,0,0,0,0,0,2.507156123332043,,
tt6044910,Operation Mekong,2016,123.0,"Action,Adventure,Crime",30200000,173000000,4.728476821192053,6.5,5744.0,zh,Film Fireworks Production,15.301,1,1,1,1,1,0,0,0,1,0,0,0,0,0,0,0,0,0,0,0,0,0,0,0,0,2.117944958442262,,
tt6054758,Kirik Party,2016,159.0,"Comedy,Drama,Romance",562680,7033500,11.5,8.2,8552.0,kn,"Paramvah Studios, Pushkar Films",2.189,0,1,1,0,0,0,0,1,0,0,1,0,0,0,0,0,0,0,0,1,0,0,0,0,0,2.563031772201384,,
tt6079360,Todo sobre el asado,2016,85.0,Documentary,32993,6892,-0.7911072045585428,6.5,677.0,es,"Televisión Abierta, Aleph, INCAA",2.227,1,1,0,0,0,0,0,0,0,1,0,0,0,0,0,0,0,0,0,0,0,0,0,0,0,-0.008680609783839246,,
tt6118820,1976: O Ano da Invasão Corinthiana,2016,94.0,Documentary,30000,200000,5.666666666666667,8.4,20.0,pt,"Canal Azul, ESPN, ESPN Brasil",0.6,0,1,0,0,0,0,0,0,0,1,0,0,0,0,0,0,0,0,0,0,0,0,0,0,0,-0.008680609783839246,,
tt6186430,Die Beautiful,2016,120.0,"Comedy,Drama",300000,4160000,12.866666666666667,7.5,1068.0,tl,"Regal Entertainment Inc., Octobertrain Films, The IdeaFirst Company",3.27,1,1,1,0,0,0,0,1,0,0,1,0,0,0,0,0,0,0,0,0,0,0,0,0,0,2.515960263391096,,
tt6211418,7 Months Pregnant,2016,77.0,Drama,80000,80000,0.0,4.9,495.0,fa,,0.856,1,1,1,0,0,0,0,0,0,0,1,0,0,0,0,0,0,0,0,0,0,0,0,0,0,1.9750540897185709,,
tt6228672,Immortality,2016,145.0,"Drama,Family",10000,10000,0.0,6.0,115.0,fa,Qabe Aseman Film Production,0.6,1,1,1,0,0,0,0,0,0,0,1,1,0,0,0,0,0,0,0,0,0,0,0,0,0,1.73078907857188,,
tt6261146,My murderer,2016,105.0,"Crime,Mystery",87000,17978,-0.7933563218390804,6.1,202.0,ru,Art Doydu,0.614,0,1,0,0,0,0,0,0,1,0,0,0,0,0,0,0,0,1,0,0,0,0,0,0,0,6.375206392428931,,
tt6264558,Mi Mamá Lora,2016,80.0,"Drama,Family,Fantasy",1000000,1661,-0.998339,4.8,19.0,es,Masa Latina,0.6,0,1,1,0,0,0,0,0,0,0,1,1,1,0,0,0,0,0,0,0,0,0,0,0,0,2.0514354176313234,,
tt6286666,Saithan,2016,123.0,"Action,Mystery,Thriller",1500000,6900000,3.6,6.1,952.0,ta,Vijay Antony Film Corporation,1.856,0,1,1,1,0,0,0,0,0,0,0,0,0,0,0,0,0,1,0,0,0,0,1,0,0,7.2959641912190065,,
tt6302160,Pandora,2016,136.0,"Action,Drama,Thriller",13938145,30169000,1.1644917598432216,6.7,9733.0,ko,"Next Entertainment World, CAC Entertainment",14.536,1,1,1,1,0,0,0,0,0,0,1,0,0,0,0,0,0,0,0,0,0,0,1,0,0,4.181131981141746,,
tt6449580,Ot,2016,,Drama,250000,2000,-0.992,6.5,25.0,tr,,0.6,1,0,0,0,0,0,0,0,0,0,1,0,0,0,0,0,0,0,0,0,0,0,0,0,0,1.9750540897185709,,
tt6459494,To Crack Bloggers,2016,67.0,"Animation,Comedy,Family",500000,119836,-0.760328,1.1,1024.0,ru,Bazelevs Production,1.015,1,1,1,0,0,1,0,1,0,0,0,1,0,0,0,0,0,0,0,0,0,0,0,0,0,2.5166509804814834,,
tt6487540,Sarigama,2016,,"Drama,Family,Music",150000,500000,2.333333333333333,7.0,130.0,si,Cine-FilmsLanka,0.6,1,1,1,0,0,0,0,0,0,0,1,1,0,0,0,1,0,0,0,0,0,0,0,0,0,1.5061492190486012,,
tt6687734,Shororipu,2016,106.0,"Crime,Thriller",75000,80000,0.0666666666666666,6.3,60.0,en,,0.6,1,1,1,0,0,0,0,0,1,0,0,0,0,0,0,0,0,0,0,0,0,0,1,0,0,4.782889475704421,,
tt7286250,Restricted Area: Baron Palace,2016,85.0,"Horror,Mystery,Thriller",250000,400000,0.6,4.9,23.0,ar,digital eye art production,0.6,0,0,0,0,0,0,0,0,0,0,0,0,0,0,1,0,0,1,0,0,0,0,1,0,0,11.366109286112192,,
tt7881284,Drought and Lie,2016,91.0,"Comedy,Drama",1000000,2000000,1.0,4.3,252.0,fa,Iranian Independents,0.889,1,1,1,0,0,0,0,1,0,0,1,0,0,0,0,0,0,0,0,0,0,0,0,0,0,2.515960263391096,,
tt7960962,Las llaves de la memoria,2016,94.0,Documentary,50000,50000,0.0,8.0,17.0,es,Almutafilm,0.6,1,1,0,0,0,0,0,0,0,1,0,0,0,0,0,0,0,0,0,0,0,0,0,0,0,-0.008680609783839246,,
tt8037662,Mohey,2016,93.0,"Drama,Mystery,Thriller",10000,90000,8.0,5.2,142.0,fa,,0.912,1,0,1,0,0,0,0,0,0,0,1,0,0,0,0,0,0,1,0,0,0,0,1,0,0,7.1431738987234175,,
tt0451279,Wonder Woman,2017,141.0,"Action,Adventure,Fantasy",149000000,822854286,4.5225119865771815,7.3,740333.0,en,"Atlas Entertainment, Cruel & Unusual Films, DC Films",54.628,1,1,1,1,1,0,0,0,0,0,0,0,1,0,0,0,0,0,0,0,0,0,0,0,0,2.168429401574973,,0.962415843939394
tt0491175,Suburbicon,2017,105.0,"Comedy,Crime,Drama",25000000,12751667,-0.48993332,5.8,50264.0,en,"Huahua Media, Dark Castle Entertainment, Silver Pictures, Black Bear Pictures, Smoke House Pictures, Paramount, Bloom",12.968,1,1,1,0,0,0,0,1,1,0,1,0,0,0,0,0,0,0,0,0,0,0,0,0,0,2.1337494308196088,1.2140576428571428,1.697785604062604
tt0491203,Tulip Fever,2017,105.0,"Drama,History,Romance",25000000,9204549,-0.63181804,6.2,24720.0,en,"Paramount, Ruby Films, Worldview Entertainment, The Weinstein Company",12.868,1,1,1,0,0,0,0,0,0,0,1,0,0,1,0,0,0,0,0,1,0,0,0,0,0,2.051730676177224,,
tt0493405,CHIPS,2017,100.0,"Action,Comedy,Crime",25000000,26800152,0.07200608,6.0,54405.0,en,"Primate Pictures, Warner Bros. Pictures",19.257,1,1,1,1,0,0,0,1,1,0,0,0,0,0,0,0,0,0,0,0,0,0,0,0,0,2.1533890640804763,,
tt0498381,Rings,2017,102.0,"Drama,Horror,Mystery",25000000,83080890,2.3232356,4.5,46256.0,en,"Paramount, Vertigo Entertainment, Macari/Edelstein, Parkes+MacDonald Image Nation, Waddieish Claretrap",24.584,1,1,1,0,0,0,0,0,0,0,1,0,0,0,1,0,0,1,0,0,0,0,0,0,0,7.360795739476488,,1.035211034476342
tt0974015,Justice League,2017,120.0,Sci-Fi,300000000,657926987,1.1930899566666666,6.0,509022.0,en,"RatPac Entertainment, Cruel & Unusual Films, Atlas Entertainment, Warner Bros. Pictures, DC Films",91.091,1,1,1,0,0,0,0,0,0,0,0,0,0,0,0,0,0,0,0,0,1,0,0,0,0,3.135900030009167,2.4945501120000007,2.2817298332727276
tt1139592,Jeepers Creepers III,2017,100.0,Horror,6200000,4017852,-0.3519593548387096,3.9,27222.0,en,"Scoundrel Media, Myriad Pictures, Infinity Films, Ansgar Media, Village Studios, The Cartel",33.727,1,1,1,0,0,0,0,0,0,0,0,0,0,0,1,0,0,0,0,0,0,0,0,0,0,10.994832439201536,,
tt1219827,Ghost in the Shell,2017,107.0,"Action,Crime,Drama",110000000,169801921,0.5436538272727273,6.3,241265.0,en,"Weying Galaxy Entertainment, Paramount, Shanghai Film Group, Reliance Entertainment, Grosvenor Park Productions, Steven Paul Production, Huahua Media, Seaside Entertainment, DreamWorks Pictures, Arad Productions",32.851,1,1,1,1,0,0,0,0,1,0,1,0,0,0,0,0,0,0,0,0,0,0,0,0,0,1.8872559164417506,,1.974272204761905
tt1293847,xXx: Return of Xander Cage,2017,107.0,"Action,Adventure,Thriller",85000000,346147658,3.0723253882352943,5.2,102477.0,en,"Rox Productions, Revolution Studios, Maple Cage Productions, Huahua Media, Roth-Kirschenbaum Films, Shanghai Film Group, One Race, Paramount",60.062,1,1,1,1,1,0,0,0,0,0,0,0,0,0,0,0,0,0,0,0,0,0,1,0,0,3.665910961222597,,-0.6829053488372092
tt1389072,Downsizing,2017,135.0,"Drama,Fantasy,Sci-Fi",68000000,55003890,-0.1911192647058823,5.8,138796.0,en,"Ad Hominem Enterprises, Annapurna Pictures, Paramount",33.251,1,1,1,0,0,0,0,0,0,0,1,0,1,0,0,0,0,0,0,0,1,0,0,0,0,2.434649345987923,,
tt1396484,It,2017,135.0,Horror,40000000,701800000,16.545,7.3,707310.0,en,"New Line Cinema, Vertigo Entertainment, Lin Pictures, KatzSmith Productions",74.73,1,1,1,0,0,0,0,0,0,0,0,0,0,0,1,0,0,0,0,0,0,0,0,0,0,10.994832439201536,,19.529372000000002
tt1412528,Table 19,2017,87.0,"Comedy,Drama,Romance",5000000,5042014,0.0084028,5.8,33893.0,en,"Story Ink, 21 Laps Entertainment, 3311 Productions",16.378,1,1,1,0,0,0,0,1,0,0,1,0,0,0,0,0,0,0,0,1,0,0,0,0,0,2.6384677679949387,,
tt1458169,Kidnap,2017,95.0,"Action,Crime,Thriller",21000000,30718107,0.462767,5.9,41449.0,en,"Ingenious Media, di Bonaventura Pictures, Gold Star Films, Lotus Entertainment, 606 Films, Well Go USA Entertainment, Rumble Entertainment",15.351,1,1,1,1,0,0,0,0,1,0,0,0,0,0,0,0,0,0,0,0,0,0,1,0,0,3.3441560388475597,,
tt1469304,Baywatch,2017,116.0,"Action,Comedy,Crime",69000000,177856751,1.577634072463768,5.5,221104.0,en,"Uncharted, Paramount, Flynn Picture Company, Fremantle Productions, Seven Bucks Productions, Skydance, The Montecito Picture Company",45.123,1,1,1,1,0,0,0,1,1,0,0,0,0,0,0,0,0,0,0,0,0,0,0,0,0,2.1533890640804763,,
tt1485796,The Greatest Showman,2017,105.0,"Biography,Drama,Musical",84000000,432844677,4.152912821428571,7.5,352442.0,en,"Chernin Entertainment, 20th Century Fox, TSG Entertainment",33.346,0,1,1,0,0,0,1,0,0,0,1,0,0,0,0,0,1,0,0,0,0,0,0,0,0,2.149442930177674,,3.856198398058253
tt1536537,What Happened to Monday,2017,123.0,"Action,Crime,Fantasy",20000000,27975429,0.39877145,6.8,146015.0,en,"Nexus Factory, Vendôme Pictures, Raffaella Productions, SND, Title Media, uMedia, uFund",39.927,1,1,1,1,0,0,0,0,1,0,0,0,1,0,0,0,0,0,0,0,0,0,0,0,0,1.846674479199936,,
tt1615160,The Foreigner,2017,113.0,"Action,Crime,Thriller",35000000,145374099,3.1535456857142856,7.0,133508.0,en,"Sparkle Roll Media, STX Films, Arthur Sarkissian Productions, The Entertainer Production Company, Orange Corp, Wanda Media Co., Huayi Brothers Pictures, Prosperity Pictures",43.205,1,1,1,1,0,0,0,0,1,0,0,0,0,0,0,0,0,0,0,0,0,0,1,0,0,3.3441560388475597,,
tt1648190,The Dark Tower,2017,95.0,"Action,Adventure,Drama",60000000,113231078,0.8871846333333333,5.6,157045.0,en,"MRC, Imagine Entertainment, Weed Road Pictures, Columbia Pictures, Sony Pictures, The Department of Trade and Industry of South Africa",22.183,1,1,1,1,1,0,0,0,0,0,1,0,0,0,0,0,0,0,0,0,0,0,0,0,0,2.2090108388167873,,0.6290230672388745
tt1666185,All Eyez on Me,2017,139.0,"Biography,Drama,Music",40000000,44922302,0.12305755,5.9,26502.0,en,"Morgan Creek, The Program Pictures, Voltage Pictures, Codeblack Films, Summit Entertainment, Lionsgate",16.612,1,1,1,0,0,0,1,0,0,0,1,0,0,0,0,1,0,0,0,0,0,0,0,0,0,2.0153800334049454,,
tt1667321,On Chesil Beach,2017,110.0,"Drama,Music,Romance",745971,3335913,3.471907084859867,6.3,13549.0,en,"Number 9 Films, BBC Film",8.982,1,1,1,0,0,0,0,0,0,0,1,0,0,0,0,1,0,0,0,1,0,0,0,0,0,2.1498129184490664,,
tt1691916,Before I Fall,2017,98.0,"Drama,Fantasy,Mystery",5000000,18900000,2.78,6.4,61343.0,en,"Open Road Films, Jon Shestack Productions, Awesomeness Films, Good Universe",13.67,1,1,1,0,0,0,0,0,0,0,1,0,1,0,0,0,0,1,0,0,0,0,0,0,0,4.370235542447502,,
tt1724970,Beyond Skyline,2017,106.0,"Action,Adventure,Horror",20000000,992181,-0.95039095,5.3,25188.0,en,"XYZ Films, Head Gear Films, Infinite Studios, Infinite Frameworks, Metrol Technology, North Hollywood Films, Beyond The Mothership, Hongmaisui International Culture (Beijing) Co., Media Rights Entertainment, Hydraulix Entertainment, M45 Productions",7.775,0,1,1,1,1,0,0,0,0,0,0,0,0,0,1,0,0,0,0,0,0,0,0,0,0,5.1589895986039584,,
tt1730768,The Zookeeper's Wife,2017,127.0,"Biography,Drama,History",20000000,26152835,0.30764175,7.0,49470.0,en,"Scion Films, Czech Anglo Productions, LD Entertainment, Focus Features",14.515,1,1,1,0,0,0,1,0,0,0,1,0,0,1,0,0,0,0,0,0,0,0,0,0,0,1.9172977911331035,,
tt1753383,A Dog's Purpose,2017,100.0,"Adventure,Comedy,Drama",22000000,205035819,8.319809954545455,7.3,87673.0,en,"Amblin Entertainment, Pariah Entertainment Group, Walden Media, Reliance Entertainment, Amblin Partners, DreamWorks Pictures, Universal Pictures",30.263,1,1,1,0,1,0,0,1,0,0,1,0,0,0,0,0,0,0,0,0,0,0,0,0,0,2.4555043531946454,3.068838772727272,-0.786469402985075
tt1758810,The Snowman,2017,119.0,"Crime,Drama,Horror",35000000,43203413,0.2343832285714285,5.2,77693.0,en,"Universal Pictures, Working Title Films, Another Park Film, Perfect World Pictures, dentsu",15.842,1,1,1,0,0,0,0,0,1,0,1,0,0,0,1,0,0,0,0,0,0,0,0,0,0,4.817595042968054,,-0.20815426658163264
tt1785635,The Vault,2017,91.0,"Crime,Horror,Mystery",5000000,5728,-0.9988544,4.9,14471.0,en,"Psychopia Pictures, Imprint Entertainment, Redwire Pictures, Jeff Rice Films, Casadelic Pictures, Content Media Corporation, Culmination Productions, LB Entertainment",9.136,1,1,1,0,0,0,0,0,1,0,0,0,0,0,1,0,0,1,0,0,0,0,0,0,0,7.083515862817348,,
tt1790809,Pirates of the Caribbean: Dead Men Tell No Tales,2017,129.0,"Action,Adventure,Fantasy",230000000,795922298,2.4605317304347825,6.5,390519.0,en,"Walt Disney Pictures, Jerry Bruckheimer Films, Infinitum Nihil",62.006,1,1,1,1,1,0,0,0,0,0,0,0,1,0,0,0,0,0,0,0,0,0,0,0,0,2.168429401574973,,0.18155659999999996
tt1856101,Blade Runner 2049,2017,164.0,"Action,Drama,Mystery",150000000,259239658,0.7282643866666667,8.0,766004.0,en,"Torridon Films, 16:14 Entertainment, Scott Free Productions, Columbia Pictures, Alcon Entertainment, Thunderbird Entertainment, Warner Bros. Pictures",70.54,1,1,1,1,0,0,0,0,0,0,1,0,0,0,0,0,0,1,0,0,0,0,0,0,0,4.430456612950184,2.578244839716312,
tt1935194,Overdrive,2017,93.0,"Action,Adventure,Crime",28210303,11247280,-0.6013059483976475,5.4,18245.0,en,"uMedia, Kinology, Setient Pictures, Paramount",16.424,1,1,1,1,1,0,0,0,1,0,0,0,0,0,0,0,0,0,0,0,0,0,0,0,0,1.9317309621576477,,
tt1959563,The Hitman's Bodyguard,2017,118.0,"Action,Comedy,Crime",30000000,176586701,4.886223366666667,6.9,264460.0,en,"Campbell Grobman Films, East Light Media, Nu Boyana Film Studios, Tom de Mol Productions, Summit Entertainment, Millennium Media, Davis Films, Cristal Pictures",28.214,1,1,1,1,0,0,0,1,1,0,0,0,0,0,0,0,0,0,0,0,0,0,0,0,0,2.1533890640804763,1.2599999999999998,
tt1961175,American Assassin,2017,111.0,"Action,Adventure,Drama",33000000,67200000,1.0363636363636364,6.2,101674.0,en,"TIK Films, di Bonaventura Pictures, Nick Wechsler Productions, Lionsgate, CBS Films",19.826,1,1,1,1,1,0,0,0,0,0,1,0,0,0,0,0,0,0,0,0,0,0,0,0,0,2.2090108388167873,0.04379460000000002,1.5536789126984125
tt1966359,Father Figures,2017,113.0,"Comedy,Drama",25000000,25601244,0.02404976,5.6,24169.0,en,"Alcon Entertainment, The Montecito Picture Company, DMG Entertainment",11.101,0,1,1,0,0,0,0,1,0,0,1,0,0,0,0,0,0,0,0,0,0,0,0,0,0,2.544095881298111,,1.544473311111111
tt1972591,King Arthur: Legend of the Sword,2017,126.0,"Action,Adventure,Drama",175000000,148675066,-0.1504281942857142,6.7,249365.0,en,"Village Roadshow Pictures, Weed Road Pictures, Wigram Productions, Safehouse Pictures, Warner Bros. Pictures",33.349,1,1,1,1,1,0,0,0,0,0,1,0,0,0,0,0,0,0,0,0,0,0,0,0,0,2.2090108388167873,0.4419347866666667,0.5194191111111112
tt1981128,Geostorm,2017,109.0,"Action,Sci-Fi,Thriller",120000000,221600160,0.846668,5.4,134627.0,en,"Twisted Media, Skydance, RatPac Entertainment, Electric Entertainment, Warner Bros. Pictures, October Pictures",84.712,1,1,1,1,0,0,0,0,0,0,0,0,0,0,0,0,0,0,0,0,1,0,1,0,0,3.951770538896414,,1.361708696969697
tt1987680,The Upside,2017,126.0,"Comedy,Drama",37500000,125000000,2.333333333333333,7.1,70760.0,en,"Escape Artists, Lantern Entertainment, The Weinstein Company",26.948,1,1,1,0,0,0,0,1,0,0,1,0,0,0,0,0,0,0,0,0,0,0,0,0,0,2.544095881298111,2.398656682352941,-0.9924235000000001
tt2039338,Flatliners,2017,109.0,"Drama,Horror,Mystery",19000000,45158254,1.376750210526316,5.2,54725.0,en,"The Safran Company, Columbia Pictures, Cross Creek Pictures, Furthur Films, Laurence Mark Productions",14.902,1,1,1,0,0,0,0,0,0,0,1,0,0,0,1,0,0,1,0,0,0,0,0,0,0,7.360795739476488,,
tt2062700,Song to Song,2017,129.0,"Drama,Music,Romance",10000000,1710528,-0.8289472,5.6,24444.0,en,"FilmNation Entertainment, Buckeye Pictures, Broad Green Pictures",15.154,1,1,1,0,0,0,0,0,0,0,1,0,0,0,0,1,0,0,0,1,0,0,0,0,0,2.1498129184490664,,
tt2072233,Sleepless,2017,95.0,"Action,Crime,Thriller",30000000,32540674,0.0846891333333333,5.6,36695.0,en,"Vertigo Entertainment, FilmNation Entertainment, Riverstone Pictures, Open Road Films",15.041,1,1,1,1,0,0,0,0,1,0,0,0,0,0,0,0,0,0,0,0,0,0,1,0,0,3.3441560388475597,,2.8661261085164833
tt2091256,Captain Underpants: The First Epic Movie,2017,89.0,"Action,Adventure,Animation",38000000,125427681,2.300728447368421,6.2,37285.0,en,"DreamWorks Animation, 20th Century Fox",21.191,1,1,1,1,1,1,0,0,0,0,0,0,0,0,0,0,0,0,0,0,0,0,0,0,0,2.4942582113371032,,1.3213323912857142
tt2140507,The Current War,2017,102.0,"Biography,Drama,History",30000000,12217160,-0.5927613333333334,6.5,33585.0,en,"Bazelevs Production, Film Rites, Fourth Floor Productions, 101 Studios, Lantern Entertainment, Location HQ, The Weinstein Company",12.372,1,1,1,0,0,0,1,0,0,0,1,0,0,1,0,0,0,0,0,0,0,0,0,0,0,1.9172977911331035,,1.67921824
tt2226597,The Mountain Between Us,2017,112.0,"Drama,Thriller",35000000,62832209,0.7952059714285714,6.4,88850.0,en,"Chernin Entertainment, 20th Century Fox, Fox 2000 Pictures",35.553,1,1,1,0,0,0,0,0,0,0,1,0,0,0,0,0,0,0,0,0,0,0,1,0,0,4.330246343448737,,2.7524496359665998
tt2239822,Valerian and the City of a Thousand Planets,2017,136.0,"Action,Adventure,Fantasy",177200000,225973340,0.2752445823927765,6.4,211166.0,en,"Belga Films, River Road Entertainment, Grive Productions, EuropaCorp, UFA, Fundamental Films, Gulf Film, Novo Pictures, TF1 Films Production, Orange Studio, BNP Paribas Fortis",36.195,1,1,1,1,1,0,0,0,0,0,0,0,1,0,0,0,0,0,0,0,0,0,0,0,0,2.168429401574973,10.47159,4.123286007619048
tt2249081,The Forgiven,2017,115.0,"Drama,Thriller",15000000,42213,-0.9971858,6.0,3253.0,en,"Light and Dark Films, Jeff Rice Films, Lionsgate, LB Entertainment, 13 Films",8.708,1,1,1,0,0,0,0,0,0,0,1,0,0,0,0,0,0,0,0,0,0,0,1,0,0,4.330246343448737,,
tt2250912,Spider-Man: Homecoming,2017,133.0,"Action,Adventure,Sci-Fi",175000000,880166924,4.02952528,7.4,831283.0,en,"Marvel Studios, Pascal Pictures, LStar Capital, Columbia Pictures",65.88,1,1,1,1,1,0,0,0,0,0,0,0,0,0,0,0,0,0,0,0,1,0,0,0,0,2.539345462206502,-0.9712684,0.49706874988479255
tt2283362,Jumanji: Welcome to the Jungle,2017,119.0,"Action,Adventure,Comedy",90000000,995339117,10.059323522222222,6.9,510470.0,en,"Radar Pictures, Matt Tolmach Productions, Seven Bucks Productions, Columbia Pictures",26.669,1,1,1,1,1,0,0,1,0,0,0,0,0,0,0,0,0,0,0,0,0,0,0,0,0,2.475143986455513,2.1517377250000003,2.2185422811842104
tt2316204,Alien: Covenant,2017,122.0,"Horror,Sci-Fi,Thriller",97000000,240891763,1.483420237113402,6.4,348371.0,en,"Scott Free Productions, Brandywine Productions, 20th Century Fox",92.533,1,1,1,0,0,0,0,0,0,0,0,0,0,0,1,0,0,0,0,0,1,0,1,0,0,6.882109665422718,2.876700973015873,0.030392580000000002
tt2334871,Snatched,2017,90.0,"Action,Adventure,Comedy",42000000,60845711,0.4487074047619047,4.7,39523.0,en,"Chernin Entertainment, Feigco Entertainment, 20th Century Fox",14.338,1,1,1,1,1,0,0,1,0,0,0,0,0,0,0,0,0,0,0,0,0,0,0,0,0,2.475143986455513,1.09583984,0.5913021458333334
tt2345759,The Mummy,2017,110.0,"Action,Adventure,Fantasy",125000000,409231607,2.273852856,5.4,224359.0,en,"Secret Hideout, Sean Daniel Company, Universal Pictures, Perfect World Pictures, Conspiracy Factory, dentsu",21.893,1,1,1,1,1,0,0,0,0,0,0,0,1,0,0,0,0,0,0,0,0,0,0,0,0,2.168429401574973,,2.056431441303674
tt2378507,The Glass Castle,2017,127.0,"Biography,Drama",9000000,22088533,1.4542814444444443,7.1,41499.0,en,"Lionsgate, Netter Productions, TIK Films",16.652,1,1,1,0,0,0,1,0,0,0,1,0,0,0,0,0,0,0,0,0,0,0,0,0,0,2.284404523048127,,
tt2380307,Coco,2017,105.0,"Adventure,Animation,Drama",175000000,800526015,3.574434371428572,8.4,723731.0,en,"Pixar, Walt Disney Pictures",166.578,1,1,1,0,1,1,0,0,0,0,1,0,0,0,0,0,0,0,0,0,0,0,0,0,0,2.4746185780762358,,
tt2398241,Smurfs: The Lost Village,2017,90.0,"Adventure,Animation,Comedy",60000000,197183546,2.2863924333333334,6.0,27892.0,en,"Kerner Entertainment Company, Columbia Pictures, Sony Pictures Animation",37.021,1,1,1,0,1,1,0,1,0,0,0,0,0,0,0,0,0,0,0,0,0,0,0,0,0,2.7407517257149614,,
tt2406566,Atomic Blonde,2017,115.0,"Action,Adventure,Thriller",30000000,100014025,2.333800833333333,6.7,221715.0,en,"Focus Features, Denver and Delilah Productions, 87Eleven, Sierra/Affinity, Closed on Mondays Entertainment, TGIM Films, Film i Väst",19.968,0,1,1,1,1,0,0,0,0,0,0,0,0,0,0,0,0,0,0,0,0,0,1,0,0,3.665910961222597,,2.0689095545454546
tt2527336,Star Wars: Episode VIII - The Last Jedi,2017,152.0,"Action,Adventure,Fantasy",200000000,1332698830,5.66349415,6.8,725860.0,en,Lucasfilm Ltd.,47.241,1,1,1,1,1,0,0,0,0,0,0,0,1,0,0,0,0,0,0,0,0,0,0,0,0,2.168429401574973,,7.44172907755102
tt2543472,Wonder,2017,113.0,"Drama,Family",20000000,305937718,14.2968859,7.9,198860.0,en,"Lionsgate, Participant, Walden Media, Mandeville Films",40.233,1,1,1,0,0,0,0,0,0,0,1,1,0,0,0,0,0,0,0,0,0,0,0,0,0,1.8147121521366034,,-0.5876784857142852
tt2568862,Going in Style,2017,96.0,"Comedy,Crime",25000000,84618541,2.38474164,6.6,100358.0,en,"Village Roadshow Pictures, New Line Cinema, De Line Pictures, RatPac Entertainment, Warner Bros. Pictures",23.48,1,1,1,0,0,0,0,1,1,0,0,0,0,0,0,0,0,0,0,0,0,0,0,0,0,2.1281760663094014,-0.0030365454545453474,5.828262344615385
tt2763304,T2 Trainspotting,2017,117.0,"Comedy,Crime,Drama",18000000,42067430,1.3370794444444445,7.1,142552.0,en,"Creative Scotland, DNA Films, TriStar Pictures, Decibel Films, Film4 Productions, Cloud Eight Films",21.127,1,1,1,0,0,0,0,1,1,0,1,0,0,0,0,0,0,0,0,0,0,0,0,0,0,2.1337494308196088,0.14806243333333335,
tt2771200,Beauty and the Beast,2017,129.0,"Adventure,Family,Fantasy",160000000,1266115964,6.913224775,7.1,362170.0,en,"Walt Disney Pictures, Mandeville Films",56.226,1,1,1,0,1,0,0,0,0,0,0,1,1,0,0,0,0,0,0,0,0,0,0,0,0,1.928667096511826,1.6686548181818175,1.4646275845502985
tt2776878,Thank You for Your Service,2017,109.0,"Biography,Drama,War",20000000,9438370,-0.5280815,6.6,17450.0,en,"DreamWorks Pictures, Amblin Entertainment, Dune Films",13.722,0,1,1,0,0,0,1,0,0,0,1,0,0,0,0,0,0,0,0,0,0,0,0,1,0,1.8992070501110063,,8.222915357142858
tt2872518,The Shack,2017,132.0,"Drama,Fantasy",20000000,96942115,3.84710575,6.3,43054.0,en,"Summit Entertainment, Netter Productions",45.301,1,1,1,0,0,0,0,0,0,0,1,0,1,0,0,0,0,0,0,0,0,0,0,0,0,2.084024003977301,,
tt2932536,47 Meters Down,2017,89.0,"Horror,Mystery,Thriller",5500000,62198461,10.30881109090909,5.7,66174.0,en,"Lantica Media, Flexibon Films, Dragon Root Securities, Altitude Film Sales, Dimension Films, Entertainment Studios Motion Pictures, Tea Shop & Film Company, The Fyzz",17.948,1,1,1,0,0,0,0,0,0,0,0,0,0,0,1,0,0,1,0,0,0,0,1,0,0,8.817695861882298,,
tt3014284,The Lego Ninjago Movie,2017,101.0,"Action,Adventure,Animation",70000000,123081555,0.7583079285714286,6.1,35367.0,en,"Lin Pictures, Lord Miller, Vertigo Entertainment, Warner Bros. Pictures Animation, LEGO, Warner Bros. Pictures",18.716,1,1,1,1,1,1,0,0,0,0,0,0,0,0,0,0,0,0,0,0,0,0,0,0,0,2.4942582113371032,,-0.3088559333333333
tt3127022,The Bookshop,2017,113.0,Drama,5400000,12055868,1.232568148148148,6.5,19050.0,en,"Zephyr Films, A Contracorriente Films, Diagonal TV",10.164,1,1,1,0,0,0,0,0,0,0,1,0,0,0,0,0,0,0,0,0,0,0,0,0,0,2.1448961598400227,,
tt31461880,Hævn 2,2017,198.0,Horror,11696480,58336194,3.9875,,,da,,0.0,1,1,1,0,0,0,0,0,0,0,0,0,0,0,1,0,0,0,0,0,0,0,0,0,0,10.994832439201536,,
tt3182620,Bitter Harvest,2017,103.0,"Drama,History,Romance",20000000,557241,-0.97213795,6.0,4358.0,en,"Andamar Entertainment, Devil's Harvest Production",9.767,1,1,1,0,0,0,0,0,0,0,1,0,0,1,0,0,0,0,0,1,0,0,0,0,0,2.051730676177224,,
tt3262342,Loving Vincent,2017,94.0,"Animation,Drama,Mystery",5500000,42187665,6.670484545454546,7.8,68801.0,en,"Breakthru Films, Trademark Films, Centrum Technologii Audiowizualnych, PISF, Odra Film, Good Deed Entertainment",19.476,1,1,1,0,0,1,0,0,0,0,1,0,0,0,0,0,0,1,0,0,0,0,0,0,0,4.696064352209633,,
tt3280262,Cult of Chucky,2017,91.0,"Horror,Thriller",6500000,2200000,-0.6615384615384615,5.3,34704.0,en,Universal 1440 Entertainment,25.698,1,1,1,0,0,0,0,0,0,0,0,0,0,0,1,0,0,0,0,0,0,0,1,0,0,8.755214483129492,,
tt3296908,The Man with the Iron Heart,2017,120.0,"Action,Biography,Thriller",32679734,4412639,-0.8649732277502626,6.4,20066.0,en,"Red Crown Productions, Nexus Factory, Légende Films, Cutting Edge Group, Echo Lake Entertainment, FilmNation Entertainment, Lantern Entertainment, The Weinstein Company, France 2 Cinéma, Carmel Productions, C2M Productions, HHHH, Canal+, Ciné+, France Télévisions, Taxshelter. be, BNP Paribas Fortis, Mars Films",22.945,1,1,1,1,0,0,1,0,0,0,0,0,0,0,0,0,0,0,0,0,0,0,1,0,0,3.714441490978769,,
tt3300980,The 12th Man,2017,135.0,"Drama,History,Thriller",7806306,9567121,0.2255631536862634,7.3,32594.0,no,"Zwart Arbeid, Nordisk Film Denmark",17.923,1,1,1,0,0,0,0,0,0,0,1,0,0,1,0,0,0,0,0,0,0,0,1,0,0,3.281192338066843,,
tt3315342,Logan,2017,137.0,"Action,Drama,Sci-Fi",97000000,619021436,5.381664288659794,8.1,937747.0,en,"Hutch Parker Entertainment, The Donners' Company, Genre Films, 20th Century Fox",54.194,1,1,1,1,0,0,0,0,0,0,1,0,0,0,0,0,0,0,0,0,1,0,0,0,0,2.494870416490605,,1.1012279999999999
tt3348730,Jigsaw,2017,92.0,"Crime,Drama,Horror",10000000,102952888,9.2952888,5.7,104156.0,en,"Twisted Pictures, A Bigger Boat, Serendipity Productions, Lionsgate",128.026,1,1,1,0,0,0,0,0,1,0,1,0,0,0,1,0,0,0,0,0,0,0,0,0,0,4.817595042968054,-0.10137290909090879,
tt3371366,Transformers: The Last Knight,2017,154.0,"Action,Adventure,Comedy",217000000,605425157,1.7899776820276498,5.2,188755.0,en,"Paramount, di Bonaventura Pictures, Ian Bryce Productions, Tom DeSanto/Don Murphy Production",44.968,1,1,1,1,1,0,0,1,0,0,0,0,0,0,0,0,0,0,0,0,0,0,0,0,0,2.475143986455513,2.3228138714285715,1.035211034476342
tt3401882,Fist Fight,2017,91.0,Comedy,22000000,41087017,0.8675916818181818,5.6,49162.0,en,"Wrigley Pictures, New Line Cinema, Van Brand, 21 Laps Entertainment, Village Roadshow Pictures",16.7,1,1,1,0,0,0,0,1,0,0,0,0,0,0,0,0,0,0,0,0,0,0,0,0,0,2.943295602756199,,
tt3402236,Murder on the Orient Express,2017,114.0,"Comedy,Crime,Drama",55000000,352794081,5.4144378363636365,6.5,324179.0,en,"The Mark Gordon Company, Scott Free Productions, Genre Films, 20th Century Fox",37.493,1,1,1,0,0,0,0,1,1,0,1,0,0,0,0,0,0,0,0,0,0,0,0,0,0,2.1337494308196088,2.9898604412280707,
tt3411444,Ferdinand,2017,108.0,"Adventure,Animation,Comedy",111000000,295038508,1.6580045765765763,6.7,72046.0,en,"Blue Sky Studios, 20th Century Fox Animation, Davis Entertainment, 20th Century Fox",33.933,1,1,1,0,1,1,0,1,0,0,0,0,0,0,0,0,0,0,0,0,0,0,0,0,0,2.7407517257149614,3.8561983980582526,2.9868353212121215
tt3450958,War for the Planet of the Apes,2017,140.0,"Action,Adventure,Drama",150000000,490719763,2.271465086666667,7.4,329628.0,en,"20th Century Fox, TSG Entertainment, Chernin Entertainment",41.094,1,1,1,1,1,0,0,0,0,0,1,0,0,0,0,0,0,0,0,0,0,0,0,0,0,2.2090108388167873,3.180262152941176,3.760725897153892
tt3458760,The Lucky Man,2017,98.0,"Action,Drama,Sci-Fi",1000000,25015,-0.974985,4.7,1663.0,en,"Lucky Films,",1.772,1,1,1,1,0,0,0,0,0,0,1,0,0,0,0,0,0,0,0,0,1,0,0,0,0,2.494870416490605,,
tt3462710,Unforgettable,2017,100.0,"Drama,Thriller",12000000,17768012,0.4806676666666666,5.2,18235.0,en,Di Novi Pictures,13.786,0,1,1,0,0,0,0,0,0,0,1,0,0,0,0,0,0,0,0,0,0,0,1,0,0,4.330246343448737,,0.30820710000000007
tt3469046,Despicable Me 3,2017,90.0,"Adventure,Animation,Comedy",80000000,1031552585,11.8944073125,6.3,185468.0,en,"Illumination, Universal Pictures",29.104,1,1,1,0,1,1,0,1,0,0,0,0,0,0,0,0,0,0,0,0,0,0,0,0,0,2.7407517257149614,14.631499486486486,10.672772493333333
tt3486626,The Nut Job 2: Nutty by Nature,2017,91.0,"Adventure,Animation,Comedy",40000000,65146020,0.6286505,5.5,8204.0,en,"GulfStream Pictures, Redrover, ToonBox Entertainment, Open Road Films",17.367,1,1,1,0,1,1,0,1,0,0,0,0,0,0,0,0,0,0,0,0,0,0,0,0,0,2.7407517257149614,,1.9173801428571426
tt3501632,Thor: Ragnarok,2017,130.0,"Action,Adventure,Comedy",180000000,855301806,3.7516767,7.9,909554.0,en,Marvel Studios,45.2,1,1,1,1,1,0,0,1,0,0,0,0,0,0,0,0,0,0,0,0,0,0,0,0,0,2.475143986455513,5.740439499999999,0.8149028928716389
tt3521126,The Disaster Artist,2017,104.0,"Biography,Comedy,Drama",10000000,29820616,1.9820616,7.3,172761.0,en,"New Line Cinema, Rabbit Bandini Productions, Point Grey Pictures, Good Universe, RatPac Entertainment, Ramona Films",14.072,1,1,1,0,0,0,1,1,0,0,1,0,0,0,0,0,0,0,0,0,0,0,0,0,0,2.5040348829508177,,13.53325657142857
tt3532216,American Made,2017,115.0,"Action,Comedy,Crime",50000000,133511855,1.6702371,7.2,235767.0,en,"Vendian Entertainment, Imagine Entertainment, Cross Creek Pictures, Quadrant Pictures, dentsu, Gobierno de Colombia",22.082,1,1,1,1,0,0,0,1,1,0,0,0,0,0,0,0,0,0,0,0,0,0,0,0,0,2.1533890640804763,1.081692449438202,
tt3564472,Girls Trip,2017,122.0,"Adventure,Comedy,Drama",19000000,140376621,6.388243210526316,6.2,43265.0,en,"Will Packer Productions, Universal Pictures",15.72,1,1,1,0,1,0,0,1,0,0,1,0,0,0,0,0,0,0,0,0,0,0,0,0,0,2.4555043531946454,1.7515025499999997,1.759306932
tt3606752,Cars 3,2017,102.0,"Adventure,Animation,Comedy",175000000,383925276,1.19385872,6.7,156467.0,en,Pixar,62.961,0,1,1,0,1,1,0,1,0,0,0,0,0,0,0,0,0,0,0,0,0,0,0,0,0,2.7407517257149614,,
tt3688342,Zoo,2017,97.0,"Adventure,Family,History",4000000,231719,-0.94207025,6.5,1629.0,en,"Ripple World Pictures, Wee Buns",10.774,1,1,1,0,1,0,0,0,0,0,0,1,0,1,0,0,0,0,0,0,0,0,0,0,0,1.6486445895746515,,
tt3717490,Power Rangers,2017,124.0,"Action,Adventure,Fantasy",105000000,142337240,0.3555927619047619,5.9,119972.0,en,"Lionsgate, Saban Brands, Saban Films, Temple Hill Entertainment, TIK Films",39.084,1,1,1,1,1,0,0,0,0,0,0,0,1,0,0,0,0,0,0,0,0,0,0,0,0,2.168429401574973,1.7677700833333334,1.3179213156325156
tt3722614,Revolt,2017,87.0,"Action,Adventure,Sci-Fi",4000000,24416,-0.993896,5.3,10957.0,en,"Automatik Entertainment, Tea Shop & Film Company, Movie Power, Voltage Pictures, 42",9.741,1,1,1,1,1,0,0,0,0,0,0,0,0,0,0,0,0,0,0,0,1,0,0,0,0,2.539345462206502,,
tt3731562,Kong: Skull Island,2017,118.0,"Action,Adventure,Fantasy",185000000,566652812,2.062988172972973,6.7,378149.0,en,"Legendary Pictures, Tencent Pictures",39.514,1,1,1,1,1,0,0,0,0,0,0,0,1,0,0,0,0,0,0,0,0,0,0,0,0,2.168429401574973,,3.5335259529729277
tt3829920,Only the Brave,2017,134.0,"Action,Biography,Drama",38000000,25754775,-0.3222427631578947,7.6,93476.0,en,"di Bonaventura Pictures, Black Label Media, Condé Nast Entertainment",19.383,1,1,1,1,0,0,1,0,0,0,1,0,0,0,0,0,0,0,0,0,0,0,0,0,0,2.25754136857296,,
tt3874544,The Boss Baby,2017,97.0,"Adventure,Animation,Comedy",125000000,527965936,3.223727488,6.3,161279.0,en,"DreamWorks Animation, 20th Century Fox",14.391,1,1,1,0,1,1,0,1,0,0,0,0,0,0,0,0,0,0,0,0,0,0,0,0,0,2.7407517257149614,,
tt3881026,Rendel: Dark Vengeance,2017,105.0,"Action,Crime,Drama",1686858,1891907,0.1215567641141103,4.6,2621.0,fi,"Frozen Flame Pictures, Bad Beaver Productions, Black Lion Pictures, Haaja & Arwo Design",9.422,1,1,1,1,0,0,0,0,1,0,1,0,0,0,0,0,0,0,0,0,0,0,0,0,0,1.8872559164417506,,
tt3881784,Stronger,2017,119.0,"Biography,Drama",30000000,8484418,-0.7171860666666666,6.9,54591.0,en,"Lionsgate, Bold Films, Mandeville Films, Nine Stories Productions",13.647,1,1,1,0,0,0,1,0,0,0,1,0,0,0,0,0,0,0,0,0,0,0,0,0,0,2.284404523048127,-0.8570720000000001,1.2140576428571428
tt3890160,Baby Driver,2017,113.0,"Action,Crime,Drama",34000000,226945087,5.6748555,7.5,693155.0,en,"Big Talk Productions, Working Title Films",44.974,1,1,1,1,0,0,0,0,1,0,1,0,0,0,0,0,0,0,0,0,0,0,0,0,0,1.8872559164417506,,2.9947074230769246
tt3896102,"Tad, the Lost Explorer, and the Secret of King Midas",2017,85.0,"Adventure,Animation,Comedy",10778400,34156960,2.1690195205225264,6.2,4646.0,es,"4 Cats Pictures, Lightbox Animation Studios, Ikiru Films, Lightbox Entertainment, Mogambo Films, Telefónica Studios, Tadeo Jones y el Secreto de Midas A.I.E., Telecinco Cinema, Paramount, ICAA",15.952,1,1,1,0,1,1,0,1,0,0,0,0,0,0,0,0,0,0,0,0,0,0,0,0,0,2.7407517257149614,,-0.40666500000000005
tt3896198,Guardians of the Galaxy: Vol. 2,2017,136.0,"Action,Adventure,Comedy",200000000,863756051,3.318780255,7.6,842994.0,en,Marvel Studios,67.553,1,1,1,1,1,0,0,1,0,0,0,0,0,0,0,0,0,0,0,0,0,0,0,0,0,2.475143986455513,3.5457447058823526,3.127014588235294
tt3922818,The Space Between Us,2017,120.0,"Drama,Romance,Sci-Fi",30000000,14793385,-0.5068871666666667,6.4,59090.0,en,"Los Angeles Media Fund, Southpaw Entertainment, STX Films, Scarlet Fire Entertainment, Huayi Brothers Pictures, Universal Pictures",13.85,1,1,1,0,0,0,0,0,0,0,1,0,0,0,0,0,0,0,0,1,1,0,0,0,0,2.702669243745928,,1.4591188888888889
tt3986820,The Endless,2017,111.0,"Horror,Mystery,Sci-Fi",1000000,956425,-0.043575,6.5,58048.0,en,"Snowfort Pictures, Pfaff & Pfaff Productions, Love & Death Productions, Rustic Films, XYZ Films",15.066,1,1,1,0,0,0,0,0,0,0,0,0,0,0,1,0,0,1,0,0,1,0,0,0,0,7.691130362866203,,
tt4030600,The Bye Bye Man,2017,96.0,"Drama,Fantasy,Horror",7400000,26667197,2.60367527027027,4.3,27907.0,en,"Los Angeles Media Fund, Intrepid Pictures, STX Films",14.708,1,1,1,0,0,0,0,0,0,0,1,0,1,0,1,0,0,0,0,0,0,0,0,0,0,5.054293482385379,,
tt4065552,The Unknown Soldier,2017,132.0,"Drama,War",8000000,15550000,0.94375,7.7,14939.0,fi,"SCOPE Pictures, Elokuvaosakeyhtiö Suomi 2017, Kvikmyndafélag Íslands",8.003,1,1,1,0,0,0,0,0,0,0,1,0,0,0,0,0,0,0,0,0,0,0,0,1,0,1.6368541320383936,,
tt4105584,Deep,2017,92.0,"Adventure,Animation,Comedy",6000000,10972300,0.8287166666666667,4.2,1740.0,en,"Grindstone Entertainment Group, The Thinklab, The Kraken Films, uMedia, Propulsion, Dragon Dreams, Silver Reel, Grid Animation",10.857,1,1,1,0,1,1,0,1,0,0,0,0,0,0,0,0,0,0,0,0,0,0,0,0,0,2.7407517257149614,,
tt4106376,American Renegades,2017,106.0,"Action,Adventure,Crime",66190000,2602149,-0.9606866747242786,5.5,12615.0,en,"Studio Babelsberg, EuropaCorp, Belga Productions, CB Films, DCS, Canal+",15.937,1,1,1,1,1,0,0,0,1,0,0,0,0,0,0,0,0,0,0,0,0,0,0,0,0,1.9317309621576477,2.21204388,3.1114822810822513
tt4116284,The Lego Batman Movie,2017,104.0,"Action,Adventure,Animation",80000000,311950384,2.8993798,7.3,196897.0,en,"Lin Pictures, Warner Bros. Animation, Animal Logic, DC Entertainment, Lord Miller, Warner Bros. Pictures, LEGO, Warner Bros. Pictures Animation",29.4,1,1,1,1,1,1,0,0,0,0,0,0,0,0,0,0,0,0,0,0,0,0,0,0,0,2.4942582113371032,,-0.412232357142857
tt4129428,Jagga Jasoos,2017,161.0,"Adventure,Comedy,Musical",19700000,12500000,-0.365482233502538,6.4,14037.0,hi,"Picture Shuru Productions, Walt Disney Pictures, UTV Motion Pictures",5.585,1,1,1,0,1,0,0,1,0,0,0,0,0,0,0,0,1,0,0,0,0,0,0,0,0,2.367045548060227,,
tt4131800,My Little Pony: The Movie,2017,99.0,"Adventure,Animation,Comedy",6000000,61294644,9.215774,6.1,9156.0,en,"Lionsgate, DHX Media, Allspark Pictures",19.283,1,1,1,0,1,1,0,1,0,0,0,0,0,0,0,0,0,0,0,0,0,0,0,0,0,2.7407517257149614,,
tt4155534,Animal Crackers,2017,105.0,"Adventure,Animation,Comedy",17000000,13285512,-0.218499294117647,5.8,4582.0,en,"Blue Dream Studios, Beijing Wen Hua Dong Run Investment, China Film Group Corporation",15.445,1,1,1,0,1,1,0,1,0,0,0,0,0,0,0,0,0,0,0,0,0,0,0,0,0,2.7407517257149614,,
tt4180286,Valley of Bones,2017,90.0,"Crime,Drama,Thriller",3000000,168738,-0.943754,4.2,580.0,en,"Unmarked Van Films, Bad Medicine Films",2.676,1,1,1,0,0,0,0,0,1,0,1,0,0,0,0,0,0,0,0,0,0,0,1,0,0,3.3245164055866923,,
tt4209788,Molly's Game,2017,140.0,"Biography,Crime,Drama",30000000,59284015,0.9761338333333334,7.4,205568.0,en,"The Mark Gordon Company, Entertainment One, STX Films, Pascal Pictures, Huayi Brothers Pictures",16.556,0,1,1,0,0,0,1,0,1,0,1,0,0,0,0,0,0,0,0,0,0,0,0,0,0,1.9606218586529527,,0.14806243333333335
tt4217392,Kung Fu Yoga,2017,107.0,"Action,Adventure,Comedy",65000000,254212245,2.9109576153846155,5.2,12448.0,zh,"Shinework Media, Taihe Entertainment, Top Entertainment, China Film Group Corporation, China Film (Shanghai) International Media Co., Alkatraz Productions, India Film Services, Dexter Studios, Salon Films (HK) Ltd., Golden Network Asia, China Film Co-Production Corporation, Ramman Production, Huaxia Film Distribution",18.611,1,1,1,1,1,0,0,1,0,0,0,0,0,0,0,0,0,0,0,0,0,0,0,0,0,2.475143986455513,,
tt4218696,The Wall,2017,88.0,"Action,Drama,Thriller",3000000,4500000,0.5,6.2,35144.0,en,"Big Indie Pictures, Amazon Studios, Picrow",17.68,1,1,1,1,0,0,0,0,0,0,1,0,0,0,0,0,0,0,0,0,0,0,1,0,0,3.6214359155066993,1.081692449438202,
tt4287320,The Circle,2017,110.0,"Drama,Mystery,Sci-Fi",18000000,40651864,1.2584368888888888,5.4,105929.0,en,"Playtone, Image Nation, Likely Story, STX Films, IM Global, EuropaCorp",17.063,1,1,1,0,0,0,0,0,0,0,1,0,0,0,0,0,0,1,0,0,1,0,0,0,0,4.7411516030790315,,-0.8595835333333334
tt4400994,The Ballad of Lefty Brown,2017,111.0,"Action,Drama,Western",8000000,7856,-0.999018,6.3,8798.0,en,"Higher Content, Om Films, Armian Pictures, Rival Pictures",13.063,1,1,1,1,0,0,0,0,0,0,1,0,0,0,0,0,0,0,0,0,0,0,0,0,1,1.6432087245045246,,
tt4425200,John Wick: Chapter 2,2017,122.0,"Action,Crime,Thriller",40000000,171539887,3.288497175,7.4,577405.0,en,"Thunder Road, 87Eleven, Summit Entertainment",88.285,1,1,1,1,0,0,0,0,1,0,0,0,0,0,0,0,0,0,0,0,0,0,1,0,0,3.3441560388475597,3.4380830499999995,3.4380830499999995
tt4465564,Fifty Shades Darker,2017,118.0,"Drama,Mystery,Romance",55000000,378827494,5.887772618181818,4.6,122861.0,en,"Universal Pictures, Perfect World Pictures, Michael De Luca Productions, dentsu, Fuji Television Network, Perfect World Pictures",58.367,1,1,1,0,0,0,0,0,0,0,1,0,0,0,0,0,0,1,0,1,0,0,0,0,0,4.638255440205508,,13.275153200000002
tt4468740,Paddington 2,2017,103.0,"Adventure,Comedy,Family",40000000,227300000,4.6825,7.8,115892.0,en,"Heyday Films, StudioCanal, Anton Capital Entertainment, Canal+, Ciné+, Marmalade Films Ltd., Warner Bros. Pictures",18.826,1,1,1,0,1,0,0,1,0,0,0,1,0,0,0,0,0,0,0,0,0,0,0,0,0,2.235381681392366,3.7128586727272728,3.558030821818182
tt4481414,Gifted,2017,101.0,Drama,7000000,40343446,4.763349428571429,7.6,161476.0,en,"Grade A Entertainment, Dayday Films, FilmNation Entertainment, Fox Searchlight Pictures",48.714,1,1,1,0,0,0,0,0,0,0,1,0,0,0,0,0,0,0,0,0,0,0,0,0,0,2.1448961598400227,2.5448116150000004,
tt4481514,The House,2017,88.0,"Comedy,Crime",40000000,34200000,-0.145,5.6,51048.0,en,"Village Roadshow Pictures, New Line Cinema, Gary Sanchez Productions, Good Universe",11.741,1,1,1,0,0,0,0,1,1,0,0,0,0,0,0,0,0,0,0,0,0,0,0,0,0,2.1281760663094014,,5.826579865704665
tt4494382,Condorito: The Movie,2017,88.0,"Adventure,Animation,Comedy",8000000,8431194,0.05389925,5.3,1047.0,es,"Pajarraco Films, Aronnax Animation Studios",7.547,1,1,1,0,1,1,0,1,0,0,0,0,0,0,0,0,0,0,0,0,0,0,0,0,0,2.7407517257149614,,
tt4538916,Finding Your Feet,2017,111.0,"Comedy,Drama,Family",7154497,15500000,1.166469564527038,6.8,7966.0,en,"Powderkeg Pictures, Eclipse Films, Catalyst Global Media, Stage 6 Films, Roadside Attractions, Fabula Pictures",7.321,1,1,1,0,0,0,0,1,0,0,1,1,0,0,0,0,0,0,0,0,0,0,0,0,0,2.190906635676469,-0.8298465,
tt4555426,Darkest Hour,2017,125.0,"Biography,Drama,History",30000000,150847207,4.028240233333333,7.4,245414.0,en,"Perfect World Pictures, Working Title Films, Focus Features",18.896,1,1,1,0,0,0,1,0,0,0,1,0,0,1,0,0,0,0,0,0,0,0,0,0,0,1.9172977911331035,-0.14407786666666667,7.248445866666666
tt4572792,The Book of Henry,2017,105.0,"Crime,Drama,Thriller",10000000,4596705,-0.5403295,6.6,30893.0,en,"Sidney Kimmel Entertainment, Double Nickel Entertainment",40.892,1,1,1,0,0,0,0,0,1,0,1,0,0,0,0,0,0,0,0,0,0,0,1,0,0,3.3245164055866923,10.14358296,
tt4581576,Aftermath,2017,94.0,"Drama,Mystery,Thriller",10500000,840809,-0.9199229523809525,5.7,28802.0,en,"Ingenious Media, Protozoa Pictures, The Fyzz, Oak Productions, Pacific View Management, Union Editorial, Hat and Coat Productions, EFO Films, Lionsgate Premiere",13.962,1,1,1,0,0,0,0,0,0,0,1,0,0,0,0,0,0,1,0,0,0,0,1,0,0,5.867717102095125,,
tt4600952,Guardians,2017,89.0,"Action,Adventure,Comedy",5400000,4803565,-0.1104509259259259,4.1,15308.0,ru,"Renovatio Entertainment, Enjoy Movies, Big Cinema House",15.591,1,1,1,1,1,0,0,1,0,0,0,0,0,0,0,0,0,0,0,0,0,0,0,0,0,2.475143986455513,0.5668463035019455,0.5668463035019455
tt4622512,Battle of the Sexes,2017,121.0,"Biography,Comedy,Drama",25000000,12638526,-0.49445896,6.7,64164.0,en,"Fox Searchlight Pictures, Decibel Films, Cloud Eight Films, Ingenious Media",13.538,1,1,1,0,0,0,1,1,0,0,1,0,0,0,0,0,0,0,0,0,0,0,0,0,0,2.5040348829508177,,2.698683345454546
tt4630562,The Fate of the Furious,2017,136.0,"Action,Crime,Thriller",250000000,1236005118,3.944020472,6.6,277878.0,en,"Original Film, One Race, Universal Pictures",56.124,1,1,1,1,0,0,0,0,1,0,0,0,0,0,0,0,0,0,0,0,0,0,1,0,0,3.3441560388475597,6.201249678571427,5.01593315091093
tt4649466,Kingsman: The Golden Circle,2017,141.0,"Action,Adventure,Comedy",104000000,410902662,2.9509871346153846,6.7,405279.0,en,"20th Century Fox, Marv Films, Cloudy Productions, TSG Entertainment, Shangri-La Entertainment",47.359,1,1,1,1,1,0,0,1,0,0,0,0,0,0,0,0,0,0,0,0,0,0,0,0,0,2.475143986455513,4.115451185185185,3.471271482309203
tt4682788,Loving Pablo,2017,123.0,"Biography,Crime,Drama",4667008,17535962,2.7574313135953483,6.4,24281.0,es,"B2Y EOOD, Escobar Films, Millennium Media",12.591,1,1,1,0,0,0,1,0,1,0,1,0,0,0,0,0,0,0,0,0,0,0,0,0,0,1.9606218586529527,,
tt4686844,The Death of Stalin,2017,107.0,"Comedy,Drama,History",13000000,24640027,0.8953866923076923,7.3,127982.0,en,"Title Media, Main Journey, Free Range Films, Quad Productions, Gaumont, France 3 Cinéma, La Compagnie Cinématographique, Panache Productions, Canal+, Ciné+, France Télévisions, AFPI",13.714,1,1,1,0,0,0,0,1,0,0,1,0,0,1,0,0,0,0,0,0,0,0,0,0,0,2.0904253632997594,,
tt4693612,Mr. Stein Goes Online,2017,99.0,"Comedy,Romance",5000000,3358085,-0.328383,6.3,3320.0,fr,"Detailfilm, Ici & Là Productions, Panache Productions, MMC Studios",6.276,1,1,1,0,0,0,0,1,0,0,0,0,0,0,0,0,0,0,0,1,0,0,0,0,0,2.885253572072397,,
tt4695012,It Comes at Night,2017,91.0,"Drama,Horror,Mystery",5000000,19280931,2.8561862,6.1,111801.0,en,"A24, Animal Kingdom",11.458,1,1,1,0,0,0,0,0,0,0,1,0,0,0,1,0,0,1,0,0,0,0,0,0,0,7.360795739476488,,
tt4717208,Cops and Robbers,2017,88.0,"Action,Thriller",5500000,5500000,0.0,4.1,626.0,en,"Parkside Pictures, Badhouse Studios Mexico",11.101,0,1,1,1,0,0,0,0,0,0,0,0,0,0,0,0,0,0,0,0,0,0,1,0,0,4.359705793340038,,
tt4726988,My Love or My Passion,2017,100.0,"Comedy,Family,Romance",1900000,6543075,2.4437236842105263,5.3,1126.0,es,"Lihuen Andina S.A., Creative Andina, Patagonik, Pol-Ka Producciones",3.09,1,1,1,0,0,0,0,1,0,0,0,1,0,0,0,0,0,0,0,1,0,0,0,0,0,2.418345096192659,,
tt4729896,Apostasy,2017,95.0,Drama,500000,434336,-0.131328,6.9,2780.0,en,"Oldgarth Media, BBC Film, BFI",11.342,1,1,1,0,0,0,0,0,0,0,1,0,0,0,0,0,0,0,0,0,0,0,0,0,0,2.1448961598400227,,
tt4731148,Attraction,2017,132.0,"Action,Drama,Romance",5027266,19454845,2.8698658475600856,5.6,15665.0,ru,"Vodorod 2011, Art Pictures Studio",26.128,1,1,1,1,0,0,0,0,0,0,1,0,0,0,0,0,0,0,0,1,0,0,0,0,0,2.391974253617081,,
tt4765284,Pitch Perfect 3,2017,93.0,"Comedy,Music",45000000,184724494,3.1049887555555555,5.8,79641.0,en,"Gold Circle Films, Perfect World Pictures, Universal Pictures",21.241,1,1,1,0,0,0,0,1,0,0,0,0,0,0,0,1,0,0,0,0,0,0,0,0,0,2.210313328437391,0.9147921333333331,8.91400668965517
tt4799050,Rough Night,2017,101.0,Comedy,20000000,45056771,1.25283855,5.3,59291.0,en,"Paulilu Productions, Sony Pictures, Columbia Pictures, LStar Capital",17.511,1,1,1,0,0,0,0,1,0,0,0,0,0,0,0,0,0,0,0,0,0,0,0,0,0,2.943295602756199,,
tt4849438,Baahubali 2: The Conclusion,2017,167.0,"Action,Drama",31000000,275947313,7.901526225806451,8.2,136150.0,te,Arka Media Works,21.083,1,1,1,1,0,0,0,0,0,0,1,0,0,0,0,0,0,0,0,0,0,0,0,0,0,2.174355609731324,2.6110611716552405,3.6019862175060275
tt4877122,The Emoji Movie,2017,86.0,"Adventure,Animation,Comedy",50000000,216909830,3.3381966,3.5,80978.0,en,"Columbia Pictures, Sony Pictures Animation, Beaver House Studios (KR)",26.716,1,1,1,0,1,1,0,1,0,0,0,0,0,0,0,0,0,0,0,0,0,0,0,0,0,2.7407517257149614,,
tt4906960,Baadshaho,2017,136.0,"Action,Adventure,Thriller",12300000,27000000,1.195121951219512,4.9,5617.0,hi,"Vertex Motion Pictures, T-Series",2.836,1,1,1,1,1,0,0,0,0,0,0,0,0,0,0,0,0,0,0,0,0,0,1,0,0,3.665910961222597,,2.1136363636363633
tt4925292,Lady Bird,2017,94.0,"Comedy,Drama",10000000,78966486,6.8966486,7.4,367814.0,en,"IAC Films, Scott Rudin Productions, Entertainment 360",25.85,1,1,1,0,0,0,0,1,0,0,1,0,0,0,0,0,0,0,0,0,0,0,0,0,0,2.544095881298111,,
tt4943322,The Ottoman Lieutenant,2017,106.0,"Drama,History,War",40000000,413844,-0.9896539,6.4,27255.0,en,Eastern Sunrise Films,10.954,1,1,1,0,0,0,0,0,0,0,1,0,0,1,0,0,0,0,0,0,0,0,0,1,0,1.4855975304599476,,
tt5001718,"Everything, Everything",2017,96.0,"Drama,Romance",10000000,61621140,5.162114,6.3,45107.0,en,"Alloy Entertainment, Itaca Films, Metro-Goldwyn-Mayer",12.543,1,1,1,0,0,0,0,0,0,0,1,0,0,0,0,0,0,0,0,1,0,0,0,0,0,2.486053850614309,,1.0041542315384615
tt5013056,Dunkirk,2017,106.0,"Action,Drama,History",150000000,527000000,2.513333333333333,7.8,824180.0,en,"Warner Bros. Pictures, Syncopy, RatPac Entertainment",34.529,1,1,1,1,0,0,0,0,0,0,1,0,0,1,0,0,0,0,0,0,0,0,0,0,0,1.8439318489219012,3.2529042787878786,3.2529042787878786
tt5027774,"Three Billboards Outside Ebbing, Missouri",2017,115.0,"Comedy,Crime,Drama",15000000,160192031,9.679468733333334,8.1,614549.0,en,"Blueprint Pictures, Cutting Edge Group, Fox Searchlight Pictures, Film4 Productions",23.357,1,1,1,0,0,0,0,1,1,0,1,0,0,0,0,0,0,0,0,0,0,0,0,0,0,2.1337494308196088,,
tt5052448,Get Out,2017,104.0,"Horror,Mystery,Thriller",4500000,255407969,55.757326444444445,7.8,834342.0,en,"Monkeypaw Productions, Blumhouse Productions, QC Entertainment",36.442,1,1,1,0,0,0,0,0,0,0,0,0,0,0,1,0,0,1,0,0,0,0,1,0,0,8.817695861882298,,0.37399846666667
tt5091108,About Love,2017,97.0,"Drama,Romance,Thriller",2000000,182710,-0.908645,5.1,745.0,ru,Studio 2-B-2 Entertainment,7.195,1,1,1,0,0,0,0,0,0,0,1,0,0,0,0,0,0,0,0,1,0,0,1,0,0,3.8292347427620226,,
tt5091612,A Bag of Marbles,2017,110.0,"Biography,Drama,History",21400000,10898998,-0.4907010280373832,7.3,7125.0,fr,"TF1 Films Production, Forecast Pictures, Main Journey, Gaumont, Quad Productions, IDL Films, Compagnie Cinématographique, La, Panache Productions, Proximus, Okko Production",12.168,1,1,1,0,0,0,1,0,0,0,1,0,0,1,0,0,0,0,0,0,0,0,0,0,0,1.9172977911331035,,
tt5109784,Mother!,2017,121.0,"Drama,Horror,Mystery",30000000,44516999,0.4838999666666667,6.6,270343.0,en,"Protozoa Pictures, Paramount",24.705,1,1,1,0,0,0,0,0,0,0,1,0,0,0,1,0,0,1,0,0,0,0,0,0,0,7.360795739476488,1.901099784,1.901099784
tt5121816,The Bar,2017,102.0,Thriller,6045750,3662671,-0.3941742546416904,6.3,30331.0,es,"Nadie es Perfecto, Atresmedia, Pokeepsie Films, El Bar Producciones, Crea SGR, Institut Valencià de Cinematografia (IVAC), ICAA, Movistar+, Pampa Films, Programa Ibermedia",14.448,1,1,1,0,0,0,0,0,0,0,0,0,0,0,0,0,0,0,0,0,0,0,1,0,0,6.5155965270574505,,0.3544531343283582
tt5124206,Savage,2017,100.0,"Comedy,Drama",11000,29700,1.7,8.1,54.0,en,An Independent Production,0.776,1,1,1,0,0,0,0,1,0,0,1,0,0,0,0,0,0,0,0,0,0,0,0,0,0,2.544095881298111,,
tt5125414,Amazon Obhijaan,2017,140.0,"Action,Adventure",3082000,7082000,1.2978585334198571,4.7,1869.0,bn,SVF Entertainment,0.6,1,1,1,1,1,0,0,0,0,0,0,0,0,0,0,0,0,0,0,0,0,0,0,0,0,2.24106817830517,,
tt5140878,Annabelle: Creation,2017,109.0,"Horror,Mystery,Thriller",15000000,306515884,19.434392266666663,6.5,172427.0,en,"Atomic Monster, New Line Cinema, The Safran Company, Warner Bros. Pictures",53.098,1,1,1,0,0,0,0,0,0,0,0,0,0,0,1,0,0,1,0,0,0,0,1,0,0,8.817695861882298,29.381394897959183,38.545794
tt5161058,"Gulyay, Vasya!",2017,96.0,Comedy,707503,4781454,5.758210212536201,6.4,1594.0,ru,"Yellow, Black & White, Invada Film",3.452,1,1,1,0,0,0,0,1,0,0,0,0,0,0,0,0,0,0,0,0,0,0,0,0,0,2.943295602756199,-0.9156979999999999,
tt5162658,Gold,2017,103.0,"Adventure,Drama,History",7130000,1528185,-0.7856683029453015,5.7,2044.0,es,"Apaches Entertainment, Áralan Films, Cine365 Films, ICAA, Movistar+, Telefónica Studios, Virtual Contenidos, Atresmedia, Canal Sur, Tezutlan Films",8.055,1,1,1,0,1,0,0,0,0,0,1,0,0,1,0,0,0,0,0,0,0,0,0,0,0,1.8687672613769308,,
tt5176252,Holy Camp!,2017,108.0,Musical,3144622,2963886,-0.0574746344711701,6.2,5028.0,es,"Apaches Entertainment, Sábado Películas, Film Factory, Lo Hacemos y Ya Vemos A. I. E., TVE",9.059,1,1,1,0,0,0,0,0,0,0,0,0,0,0,0,0,1,0,0,0,0,0,0,0,0,1.8795197444367682,,
tt5187886,Abracadabra,2017,96.0,"Comedy,Drama,Fantasy",5200000,2114260,-0.5934115384615385,5.7,2773.0,es,"Atresmedia, Persefone Films, Arcadia Motion Pictures",5.508,1,1,1,0,0,0,0,1,0,0,1,0,1,0,0,0,0,0,0,0,0,0,0,0,0,2.3704478702369336,,
tt5226984,Tom of Finland,2017,117.0,"Biography,Drama",4200000,1792414,-0.5732347619047619,6.8,6831.0,fi,"Helsinki-filmi, Fridthjof Film, Neutrinos Productions, Anagram",6.904,1,1,1,0,0,0,1,0,0,0,1,0,0,0,0,0,0,0,0,0,0,0,0,0,0,2.284404523048127,,
tt5238240,The Stronghold,2017,111.0,"Adventure,Fantasy",2000000,2745966,0.372983,6.3,3197.0,uk,Kinorob,7.231,1,1,0,0,1,0,0,0,0,0,0,0,1,0,0,0,0,0,0,0,0,0,0,0,0,2.150736572551147,,
tt5258850,See You Up There,2017,117.0,"Comedy,Crime,Drama",23000000,15100000,-0.3434782608695652,7.4,12287.0,fr,"Gaumont, Stadenn Productions, Manchester Films, France 2 Cinéma, Canal+, Ciné+, France Télévisions, Entourage Pictures",9.41,1,1,1,0,0,0,0,1,1,0,1,0,0,0,0,0,0,0,0,0,0,0,0,0,0,2.1337494308196088,,
tt5270948,Chappaquiddick,2017,106.0,"Biography,Drama,History",34000000,17904202,-0.4734058235294117,6.4,15521.0,en,"Apex Entertainment, DMG Entertainment, Lionsgate, Signature Entertainment, Sierra/Affinity, Chimney Sweden",13.037,1,0,1,0,0,0,1,0,0,0,1,0,0,1,0,0,0,0,0,0,0,0,0,0,0,1.9172977911331035,,
tt5273624,Journey to the West: The Demons Strike Back,2017,109.0,"Adventure,Comedy,Fantasy",63300000,248805149,2.930571074249605,5.5,4072.0,zh,"Star Overseas, China Film Group Corporation, Huayi Brothers Pictures, Hehe Pictures, Dadi Film Group, Wanda Pictures, Lian Ray Pictures",13.726,1,1,1,0,1,0,0,1,0,0,0,0,1,0,0,0,0,0,0,0,0,0,0,0,0,2.414922915952831,,8.120721805006585
tt5294550,All the Money in the World,2017,132.0,"Biography,Crime,Drama",50000000,56996304,0.13992608,6.8,97058.0,en,"Scott Free Productions, TriStar Pictures, Imperative Entertainment, Lotus Production, Redrum Films, STX Films, Panorama Films",22.128,1,1,1,0,0,0,1,0,1,0,1,0,0,0,0,0,0,0,0,0,0,0,0,0,0,1.9606218586529527,2.876700973015873,0.7189197600000001
tt5301662,Marshall,2017,118.0,"Biography,Crime,Drama",12000000,10051659,-0.16236175,7.3,29269.0,en,Chestnut Ridge,11.03,1,1,1,0,0,0,1,0,1,0,1,0,0,0,0,0,0,0,0,0,0,0,0,0,0,1.9606218586529527,,0.0881378
tt5308322,Happy Death Day,2017,96.0,"Comedy,Horror,Mystery",4800000,125479266,25.14151375,6.6,188542.0,en,"Vesuvius Productions, Blumhouse Productions, Digital Riot Media",17.251,1,1,1,0,0,0,0,1,0,0,0,0,0,0,1,0,0,1,0,0,0,0,0,0,0,7.626928887115213,8.584855066666666,
tt5322012,Wish Upon,2017,90.0,"Drama,Fantasy,Horror",12000000,14301505,0.1917920833333333,5.1,26285.0,en,"Orion Pictures, Broad Green Pictures, Busted Shark Productions",14.034,1,1,1,0,0,0,0,0,0,0,1,0,1,0,1,0,0,0,0,0,0,0,0,0,0,5.054293482385379,38.545794,
tt5340300,Lean on Pete,2017,121.0,"Adventure,Drama,Sport",8000000,2455027,-0.693121625,7.1,14962.0,en,"The Bureau, Film4 Productions",9.27,1,1,1,0,1,0,0,0,0,0,1,0,0,0,0,0,0,0,0,0,0,1,0,0,0,1.810040148803558,,
tt5348236,The Midwife,2017,117.0,Drama,7000000,7286136,0.0408765714285714,6.7,3300.0,fr,"France 3 Cinéma, Curiosa Films",7.265,1,1,1,0,0,0,0,0,0,0,1,0,0,0,0,0,0,0,0,0,0,0,0,0,0,2.1448961598400227,,
tt5362988,Wind River,2017,107.0,"Crime,Drama,Mystery",11000000,44998252,3.0907501818181817,7.7,319386.0,en,"Savvy Media Holdings, Thunder Road, Film 44, Acacia Filmed Entertainment, Riverstone Pictures, Voltage Pictures, Synergics Films, Star Thrower Entertainment, Tunica-Biloxi Tribe of Louisiana, The Fyzz, Wild Bunch",22.336,1,1,1,0,0,0,0,0,1,0,1,0,0,0,0,0,0,1,0,0,0,0,0,0,0,4.133537103030177,,1.9807614
tt5390504,Detroit,2017,143.0,"Crime,Drama,History",34000000,23355100,-0.3130852941176471,7.3,59329.0,en,"Annapurna Pictures, First Light, Page 1",11.822,1,1,1,0,0,0,0,0,1,0,1,0,0,1,0,0,0,0,0,0,0,0,0,0,0,1.5470123390018944,,
tt5439796,Logan Lucky,2017,118.0,"Action,Comedy,Crime",29000000,48453605,0.6708139655172414,7.0,178097.0,en,"Free Association, Trans-Radial Pictures, Universal Pictures",20.376,1,0,1,1,0,0,0,1,1,0,0,0,0,0,0,0,0,0,0,0,0,0,0,0,0,2.1533890640804763,,
tt5442430,Life,2017,104.0,"Horror,Sci-Fi,Thriller",58000000,100541806,0.7334794137931034,6.6,279599.0,en,"Columbia Pictures, Nvizage, Sony Pictures, Skydance",48.2,1,1,1,0,0,0,0,0,0,0,0,0,0,0,1,0,0,0,0,0,1,0,1,0,0,6.882109665422718,-0.9335134,12.501724137931037
tt5456546,Judwaa 2,2017,145.0,"Action,Comedy,Romance",10000000,34500000,2.45,3.7,12905.0,hi,"Star Studios, Nadiadwala Grandson Entertainment",7.642,1,1,1,1,0,0,0,1,0,0,0,0,0,0,0,0,0,0,0,1,0,0,0,0,0,2.658107401255806,,1.3461538461538467
tt5462602,The Big Sick,2017,120.0,"Comedy,Drama,Romance",5000000,56303596,10.2607192,7.5,151422.0,en,"Amazon Studios, FilmNation Entertainment, Apatow Productions, Story Ink",12.076,1,1,1,0,0,0,0,1,0,0,1,0,0,0,0,0,0,0,0,1,0,0,0,0,0,2.6384677679949387,13.659448000000001,
tt5472374,Meri Pyaari Bindu,2017,117.0,"Comedy,Drama,Romance",3014770,2437852,-0.1913638519688069,6.1,6829.0,hi,Yash Raj Films,2.763,1,1,1,0,0,0,0,1,0,0,1,0,0,0,0,0,0,0,0,1,0,0,0,0,0,2.6384677679949387,,
tt5474042,Half Girlfriend,2017,135.0,"Drama,Romance",7445000,12805400,0.72,4.7,8782.0,hi,Balaji Motion Pictures,4.958,1,1,1,0,0,0,0,0,0,0,1,0,0,0,0,0,0,0,0,1,0,0,0,0,0,2.486053850614309,,3.8857141549322494
tt5478478,Hostiles,2017,134.0,"Drama,Western",55000000,36976336,-0.3277029818181818,7.2,108625.0,en,"Entertainment Studios Motion Pictures, Waypoint Entertainment, Le Grisbi Productions, Bloom",18.156,1,1,1,0,0,0,0,0,0,0,1,0,0,0,0,0,0,0,0,0,0,0,0,0,1,1.3629055569454742,0.8648655094339622,
tt5485420,Ten,2017,107.0,Drama,800000,4880,-0.9939,3.7,9.0,ru,"Studio ACDC, Proline Film",0.929,1,1,1,0,0,0,0,0,0,0,1,0,0,0,0,0,0,0,0,0,0,0,0,0,0,2.1448961598400227,,
tt5540188,The Nile Hilton Incident,2017,111.0,"Crime,Drama,Mystery",4250000,81089,-0.9809202352941176,6.8,10523.0,en,"Atmo Production, Film i Väst, Ostlicht Filmproduktion, Final Cut for Real, Nordsvensk Filmunderhållning, SVT, Scanbox, Copenhagen Film Fund, Svenska Filminstitutet, Eurimages, Mitteldeutsche Medienförderung, Det Danske Filminstitut, Den Vestdanske Filmpulje, Chimney Sweden, Kasbah Films",9.586,1,1,1,0,0,0,0,0,1,0,1,0,0,0,0,0,0,1,0,0,0,0,0,0,0,4.133537103030177,,
tt5559528,Maanagaram,2017,137.0,"Action,Thriller",779000,1550000,0.9897304236200256,8.1,8948.0,ta,Potential Studios,4.052,1,0,1,1,0,0,0,0,0,0,0,0,0,0,0,0,0,0,0,0,0,0,1,0,0,4.359705793340038,,
tt5580036,"I, Tonya",2017,119.0,"Biography,Comedy,Drama",11000000,53939297,3.903572454545455,7.5,263428.0,en,"LuckyChap Entertainment, Clubhouse Pictures",16.904,1,1,1,0,0,0,1,1,0,0,1,0,0,0,0,0,0,0,0,0,0,0,0,0,0,2.5040348829508177,0.09177185249999997,1.4957007058823528
tt5580390,The Shape of Water,2017,123.0,"Drama,Fantasy,Romance",19500000,195333312,9.017092923076923,7.3,479561.0,en,"Double Dare You Productions, Fox Searchlight Pictures, Bull Productions, TSG Entertainment",29.339,1,1,1,0,0,0,0,0,0,0,1,0,1,0,0,0,0,0,0,1,0,0,0,0,0,2.3317531831143987,0.35781494545454606,1.994801865540107
tt5592248,The Beguiled,2017,93.0,"Drama,History,Thriller",10500000,27397655,1.609300476190476,6.3,66549.0,en,"FR Productions, American Zoetrope",15.376,1,1,1,0,0,0,0,0,0,0,1,0,0,1,0,0,0,0,0,0,0,0,1,0,0,3.281192338066843,,
tt5597198,Punjab Nahi Jaungi,2017,159.0,"Comedy,Romance",490000,1000000,1.0408163265306123,6.9,2804.0,ur,"Six Sigma Plus Productions, Salman Iqbal Films",1.433,1,1,1,0,0,0,0,1,0,0,0,0,0,0,0,0,0,0,0,1,0,0,0,0,0,2.885253572072397,2.85,
tt5606538,Confidential Assignment,2017,124.0,"Action,Comedy,Drama",8520000,56100000,5.584507042253521,6.7,5381.0,ko,"CJ Entertainment, JK Film, Rear Window, HB Entertainment",10.243,1,1,1,1,0,0,0,1,0,0,1,0,0,0,0,0,0,0,0,0,0,0,0,0,0,2.4306689407396154,,
tt5614612,Black Snow,2017,90.0,"Crime,Drama,Mystery",4000000,1440000,-0.64,6.2,6343.0,es,"Telefe, A Contracorriente Films, Pampa Films, DirecTV",9.313,1,1,1,0,0,0,0,0,1,0,1,0,0,0,0,0,0,1,0,0,0,0,0,0,0,4.133537103030177,,
tt5638642,The Ritual,2017,94.0,"Horror,Mystery,Thriller",1000000,1786396,0.786396,6.4,147419.0,en,"Entertainment One, The Imaginarium, Sierra/Affinity",23.866,1,1,1,0,0,0,0,0,0,0,0,0,0,0,1,0,0,1,0,0,0,0,1,0,0,8.817695861882298,,
tt5649144,The Florida Project,2017,111.0,Drama,2000000,11303040,4.65152,7.6,148937.0,en,"Cre Film, Freestyle Picture Company, Cinereach, June Pictures, Altitude Film Entertainment",11.677,1,1,0,0,0,0,0,0,0,0,1,0,0,0,0,0,0,0,0,0,0,0,0,0,0,2.1448961598400227,8.24793,8.24793
tt5657846,Daddy's Home 2,2017,100.0,Comedy,69000000,180613180,1.6175823188405798,6.1,93740.0,en,"Red Granite Pictures, Gary Sanchez Productions, Paramount",26.192,1,1,1,0,0,0,0,1,0,0,0,0,0,0,0,0,0,0,0,0,0,0,0,0,0,2.943295602756199,2.7096513342857147,3.2108471174603177
tt5662550,Dead Trigger,2017,91.0,"Action,Horror,Sci-Fi",10000000,151493,-0.9848507,3.2,1567.0,en,"Aldamisa Entertainment, Badhouse Studios Mexico, Distant Shore Films, Tadross Media Group",6.845,1,1,1,1,0,0,0,0,0,0,0,0,0,0,1,0,0,0,0,0,1,0,0,0,0,5.444849176277777,,
tt5669936,The Recall,2017,90.0,"Action,Horror,Mystery",5000000,1319566,-0.7360868,4.2,9819.0,en,"VMI Worldwide, Minds Eye Entertainment, Creativity Capital, Bridgegate Pictures, Invico Capital",12.354,1,1,1,1,0,0,0,0,0,0,0,0,0,0,1,0,0,1,0,0,0,0,0,0,0,7.380435372737355,,
tt5687334,Godard Mon Amour,2017,107.0,"Biography,Comedy,Drama",12840746,82264,-0.9935935186320172,6.6,6371.0,fr,"La Région Île-de-France, Les Compagnons du Cinéma, La Classe américaine, France 3 Cinéma, StudioCanal, Forever Group, Ciné+, Canal+, France Télévisions",9.768,1,1,1,0,0,0,1,1,0,0,1,0,0,0,0,0,0,0,0,0,0,0,0,0,0,2.5040348829508177,,
tt5699154,C'est la vie!,2017,117.0,"Comedy,Drama,Romance",17200000,23800000,0.3837209302325581,6.9,13942.0,fr,"Gaumont, Quad Films",9.282,1,1,1,0,0,0,0,1,0,0,1,0,0,0,0,0,0,0,0,1,0,0,0,0,0,2.6384677679949387,-0.9924235000000001,-0.9924235000000001
tt5701718,Heartthrob,2017,86.0,"Drama,Romance,Thriller",4000000,90000000,21.5,5.4,2784.0,en,Citizen Skull Productions,5.264,1,1,1,0,0,0,0,0,0,0,1,0,0,0,0,0,0,0,0,1,0,0,1,0,0,3.8292347427620226,,
tt5711148,Film Stars Don't Die in Liverpool,2017,105.0,"Biography,Drama,Romance",10000000,3179847,-0.6820153,6.7,11245.0,en,"Eon Productions, IM Global, Lionsgate",10.954,1,1,1,0,0,0,1,0,0,0,1,0,0,0,0,0,0,0,0,1,0,0,0,0,0,2.465340195828283,-0.14431755000000002,
tt5715410,Son of Bigfoot,2017,92.0,"Adventure,Animation,Comedy",30000000,46372519,0.5457506333333333,6.1,9301.0,en,"StudioCanal, nWave Pictures, Belga Productions, Belga Films, Illuminata Pictures",22.265,1,1,1,0,1,1,0,1,0,0,0,0,0,0,0,0,0,0,0,0,0,0,0,0,0,2.7407517257149614,,
tt5719700,Home Again,2017,97.0,"Comedy,Drama,Romance",12000000,27020284,1.2516903333333331,5.8,37329.0,en,Black Bicycle Entertainment,13.053,0,0,1,0,0,0,0,1,0,0,1,0,0,0,0,0,0,0,0,1,0,0,0,0,0,2.6384677679949387,,
tt5721088,Just Getting Started,2017,91.0,"Comedy,Crime",22000000,6069605,-0.7241088636363636,4.6,9181.0,en,"Reel Chefs Catering, Broad Green Pictures, Endurance Media, Entertainment One, Gerber Pictures, Entertainment One Features",9.311,1,1,1,0,0,0,0,1,1,0,0,0,0,0,0,0,0,0,0,0,0,0,0,0,0,2.1281760663094014,,
tt5726616,Call Me by Your Name,2017,132.0,"Drama,Romance",4000000,43143046,9.7857615,7.8,363765.0,en,"La Cinéfacture, RT Features, Frenesy Film, Water's End Productions, M.Y.R.A. Entertainment, CineFinance Italia",32.15,1,1,1,0,0,0,0,0,0,0,1,0,0,0,0,0,0,0,0,1,0,0,0,0,0,2.486053850614309,,
tt5727282,Borg vs. McEnroe,2017,107.0,"Biography,Drama,Sport",7500000,16657800,1.22104,6.9,36698.0,sv,"Nordisk Film Denmark, Finnish Film Foundation, Yellow Film & TV, Det Danske Filminstitut, Svenska Filminstitutet, SVT, Film i Väst, SF Studios",11.069,1,1,1,0,0,0,1,0,0,0,1,0,0,0,0,0,0,0,0,0,0,1,0,0,0,1.8585706785597307,,
tt5764096,Hindi Medium,2017,132.0,"Comedy,Drama",3213790,52390000,15.301625183972815,7.9,36452.0,hi,Maddock Films,7.079,1,1,1,0,0,0,0,1,0,0,1,0,0,0,0,0,0,0,0,0,0,0,0,0,0,2.544095881298111,,6.111111111111109
tt5776858,Phantom Thread,2017,130.0,"Drama,Romance",35000000,47756590,0.364474,7.4,163694.0,en,"Ghoulardi Film Company, Focus Features, Annapurna Pictures, Perfect World Pictures",19.184,1,1,1,0,0,0,0,0,0,0,1,0,0,0,0,0,0,0,0,1,0,0,0,0,0,2.486053850614309,-0.26445125,-0.26445125
tt5780034,Tiyaan,2017,168.0,"Action,Drama,Thriller",2400000,2000000,-0.1666666666666666,6.3,1570.0,ml,Red Rose Creations,3.332,1,1,1,1,0,0,0,0,0,0,1,0,0,0,0,0,0,0,0,0,0,0,1,0,0,3.6214359155066993,,
tt5785170,Toilet: A Love Story,2017,155.0,"Comedy,Drama,Romance",3700000,13800000,2.72972972972973,7.2,26247.0,hi,"KriArj Entertainment, Grazing Goat Pictures, Friday Filmworks, Abundantia Entertainment, Plan C Studios",8.088,1,1,1,0,0,0,0,1,0,0,1,0,0,0,0,0,0,0,0,1,0,0,0,0,0,2.6384677679949387,,
tt5785200,Machine,2017,148.0,"Action,Mystery,Romance",3851785,500732,-0.8700000129809945,2.8,1096.0,hi,Abbas Mustan Films Production,2.103,1,0,1,1,0,0,0,0,0,0,0,0,0,0,0,0,0,1,0,1,0,0,0,0,0,4.657895073466375,,
tt5804314,Let There Be Light,2017,100.0,Drama,3000000,7240000,1.413333333333333,4.8,3569.0,en,"LTBL Productions, Vitamin A Films, Wildfire Films",12.109,1,1,1,0,0,0,0,0,0,0,1,0,0,0,0,0,0,0,0,0,0,0,0,0,0,2.1448961598400227,,
tt5816374,Band Aid,2017,91.0,"Comedy,Drama,Music",10000000,248370,-0.975163,6.6,6234.0,en,"QC Entertainment, Mister Lister Films",6.313,0,1,1,0,0,0,0,1,0,0,1,0,0,0,0,1,0,0,0,0,0,0,0,0,0,2.1885076055716017,,
tt5825380,Wonder Wheel,2017,101.0,"Drama,Romance",25000000,15366466,-0.38534136,6.2,32962.0,en,"Gravier Productions, Amazon Studios, Perdido Productions",24.431,1,1,1,0,0,0,0,0,0,0,1,0,0,0,0,0,0,0,0,1,0,0,0,0,0,2.486053850614309,1.32877846991342,1.32877846991342
tt5832544,Gautamiputra Satakarni,2017,131.0,"Action,Drama,History",6000000,12000000,1.0,6.3,2862.0,te,First Frame Entertainment,1.502,1,1,1,1,0,0,0,0,0,0,1,0,0,1,0,0,0,0,0,0,0,0,0,0,0,1.8439318489219012,2.727272727272727,
tt5837242,How Viktor 'The Garlic' Took Alexey 'The Stud' to the Nursing Home,2017,90.0,"Crime,Drama",441755,95589,-0.7836153524012178,7.1,4542.0,ru,VGIK,2.8,1,1,1,0,0,0,0,0,1,0,1,0,0,0,0,0,0,0,0,0,0,0,0,0,0,1.7289763448513131,,
tt5851904,The Big Bad Fox and Other Tales,2017,83.0,"Adventure,Animation,Comedy",3000000,19030780,5.343593333333334,7.4,4556.0,fr,"Folivari, Panique!, StudioCanal, RTBF, BeTV, Brilliant Casting",10.153,1,1,1,0,1,1,0,1,0,0,0,0,0,0,0,0,0,0,0,0,0,0,0,0,0,2.7407517257149614,,-0.4118373864639766
tt5858514,The Children of Genghis,2017,101.0,"Adventure,Family",1200000,806000,-0.3283333333333333,6.9,962.0,mn,"Mongol Film Group Los Angeles, Mongol Film Group, Mountain Valley, EFILM",0.6,1,0,0,0,1,0,0,0,0,0,0,1,0,0,0,0,0,0,0,0,0,0,0,0,0,1.8814247207104495,,
tt5886440,Marrowbone,2017,110.0,"Drama,Horror,Mystery",8000000,12294931,0.536866375,6.7,51386.0,es,"Mogambo Films, Lionsgate, Telecinco Cinema, Universal Pictures, Movistar+, Marrowbone SLU, Mediaset España",17.198,1,1,1,0,0,0,0,0,0,0,1,0,0,0,1,0,0,1,0,0,0,0,0,0,0,7.360795739476488,,
tt5892746,Ezra,2017,147.0,"Horror,Mystery,Thriller",1500000,7800000,4.2,6.6,3415.0,ml,"E4 Entertainments, AVA Productions",4.033,0,1,1,0,0,0,0,0,0,0,0,0,0,0,1,0,0,1,0,0,0,0,1,0,0,8.817695861882298,,
tt5910350,Çalgi Çengi: Ikimiz,2017,116.0,Comedy,3912363,9072414,1.318909058285236,5.6,5232.0,tr,TR 40 33 Production,2.211,1,1,1,0,0,0,0,1,0,0,0,0,0,0,0,0,0,0,0,0,0,0,0,0,0,2.943295602756199,,
tt5925772,CIA: Comrade in America,2017,134.0,"Action,Adventure,Romance",1400000,3900000,1.7857142857142858,6.4,3831.0,ml,Amal Neerad Productions,2.533,1,1,1,1,1,0,0,0,0,0,0,0,0,0,0,0,0,0,0,1,0,0,0,0,0,2.436449299332978,,
tt5956100,Tiger Zinda Hai,2017,161.0,"Action,Adventure,Thriller",15000000,87320000,4.8213333333333335,5.9,37202.0,hi,"Kabir Khan Films, Yash Raj Films",10.382,1,1,1,1,1,0,0,0,0,0,0,0,0,0,0,0,0,0,0,0,0,0,1,0,0,3.665910961222597,8.807692307692308,4.213523573200993
tt5969696,The Battleship Island,2017,132.0,"Action,Drama,History",21000000,46183383,1.1992087142857142,7.1,9612.0,ko,"Filmmaker R&K, CJ Entertainment, filmK",13.499,1,1,1,1,0,0,0,0,0,0,1,0,0,1,0,0,0,0,0,0,0,0,0,0,0,1.8439318489219012,10.685349677148546,10.685349677148546
tt5982852,Jolly LLB 2,2017,137.0,"Comedy,Crime,Drama",4480000,1632440,-0.6356160714285715,7.2,31240.0,hi,Star Studios,7.372,1,1,1,0,0,0,0,1,1,0,1,0,0,0,0,0,0,0,0,0,0,0,0,0,0,2.1337494308196088,,
tt5990474,Columbus,2017,100.0,Drama,700000,1015744,0.4510628571428571,7.2,24757.0,en,"Nonetheless Productions, Depth of Field, Superlative Films",18.437,1,1,1,0,0,0,0,0,0,0,1,0,0,0,0,0,0,0,0,0,0,0,0,0,0,2.1448961598400227,,
tt5991410,"Lord, Give Me Patience",2017,91.0,"Comedy,Fantasy",4600000,7315040,0.5902260869565218,5.3,2247.0,es,"DLO Producciones, Atresmedia, Canal Sur, Maestranza Films",5.383,1,1,1,0,0,0,0,1,0,0,0,0,1,0,0,0,0,0,0,0,0,0,0,0,0,2.4832237254353893,,
tt5996836,The Great Father,2017,151.0,"Action,Crime,Drama",9400000,9600000,0.0212765957446808,6.8,8226.0,ml,August Cinema,2.364,0,0,1,1,0,0,0,0,1,0,1,0,0,0,0,0,0,0,0,0,0,0,0,0,0,1.8872559164417506,,
tt6000478,"Roman J. Israel, Esq.",2017,122.0,"Crime,Drama,Thriller",22000000,13025860,-0.4079154545454545,6.5,48889.0,en,"Culture China - Image Nation Abu Dhabi Fund, Cross Creek Pictures, Bron Studios, Escape Artists, Imagenation Abu Dhabi FZ, MACRO, Topic Studios, Columbia Pictures",15.912,1,1,1,0,0,0,0,0,1,0,1,0,0,0,0,0,0,0,0,0,0,0,1,0,0,3.3245164055866923,4.91764705882353,4.91764705882353
tt6003368,Diary of a Wimpy Kid: The Long Haul,2017,91.0,"Adventure,Comedy,Family",22000000,40120144,0.8236429090909091,4.3,13282.0,en,"20th Century Fox, TSG Entertainment, Color Force",15.58,1,1,1,0,1,0,0,1,0,0,0,1,0,0,0,0,0,0,0,0,0,0,0,0,0,2.235381681392366,,
tt6015328,Chasing the Dragon,2017,128.0,"Action,Biography,Crime",200005000,445000000,1.2249443763905905,6.7,4969.0,cn,"Mega-Vision Pictures (MVP), Bona Film Group, Infinitus Entertainment",7.978,1,1,1,1,0,0,1,0,1,0,0,0,0,0,0,0,0,0,0,0,0,0,0,0,0,1.9802614919138202,,
tt6015706,China Salesman,2017,110.0,"Action,Adventure,Thriller",15119234,1637776,-0.8916759936383021,2.6,2260.0,en,,15.494,1,1,1,1,1,0,0,0,0,0,0,0,0,0,0,0,0,0,0,0,0,0,1,0,0,3.665910961222597,,
tt6047298,The Summit,2017,114.0,"Drama,Mystery,Thriller",6000000,5699056,-0.0501573333333333,6.0,4594.0,es,"K & S Films, La Unión de los Ríos, Mod Producciones, Maneki Films, ARTE France Cinéma, Movistar+, Telefe",5.572,1,1,1,0,0,0,0,0,0,0,1,0,0,0,0,0,0,1,0,0,0,0,1,0,0,5.867717102095125,,
tt6053438,First Reformed,2017,113.0,"Drama,Mystery,Thriller",3500000,2525738,-0.2783605714285714,7.1,68301.0,en,"Arclight Films, Omeira Studio Partners, Killer Films, Fibonacci Films, Big Indie Pictures",15.09,1,1,1,0,0,0,0,0,0,0,1,0,0,0,0,0,0,1,0,0,0,0,1,0,0,5.867717102095125,,
tt6054874,Furious,2017,107.0,"Action,Drama,History",5610000,10657499,0.8997324420677362,6.1,4253.0,ru,Central Partnership,9.14,1,1,1,1,0,0,0,0,0,0,1,0,0,1,0,0,0,0,0,0,0,0,0,0,0,1.8439318489219012,,
tt6059074,Jomon's Gospels,2017,156.0,"Comedy,Drama",1000000,6000000,5.0,6.6,3786.0,ml,Full Moon Cinema,5.907,1,1,1,0,0,0,0,1,0,0,1,0,0,0,0,0,0,0,0,0,0,0,0,0,0,2.544095881298111,,
tt6095090,The Bride,2017,95.0,"Drama,Horror,Mystery",1500000,6945256,3.630170666666667,4.6,3238.0,ru,Focus Plus Cinema,8.564,1,1,1,0,0,0,0,0,0,0,1,0,0,0,1,0,0,1,0,0,0,0,0,0,0,7.360795739476488,1.2281150000000003,1.2281150000000003
tt6097918,Munthirivallikal Thalirkkumbol,2017,154.0,"Comedy,Romance",1300000,6300000,3.8461538461538463,6.9,2850.0,ml,Weekend Blockbusters,1.343,1,1,1,0,0,0,0,1,0,0,0,0,0,0,0,0,0,0,0,1,0,0,0,0,0,2.885253572072397,7.809523809523808,
tt6106526,The Fixies: Top Secret,2017,80.0,"Adventure,Animation,Comedy",6000000,8220990,0.370165,5.2,355.0,ru,Aeroplane JSC,8.39,1,1,1,0,1,1,0,1,0,0,0,0,0,0,0,0,0,0,0,0,0,0,0,0,0,2.7407517257149614,,
tt6108090,Secret Superstar,2017,150.0,"Drama,Music",286284,137416709,479.0013587905716,7.7,32611.0,hi,"Zee Studios, Aamir Khan Productions",8.214,0,0,1,0,0,0,0,0,0,0,1,0,0,0,0,1,0,0,0,0,0,0,0,0,0,1.8111136069793026,,
tt6135348,120 BPM (Beats Per Minute),2017,143.0,Drama,6600000,7632420,0.1564272727272727,7.4,17778.0,fr,"France 3 Cinéma, Memento Films Production, Page 114, Les Films de Pierre, Playtime",13.289,1,1,1,0,0,0,0,0,0,0,1,0,0,0,0,0,0,0,0,0,0,0,0,0,0,2.1448961598400227,,
tt6143568,The Humanity Bureau,2017,95.0,"Action,Sci-Fi,Thriller",6000000,17544173,1.9240288333333333,4.5,12374.0,en,"Minds Eye Entertainment, VMI Worldwide, Bridgegate Pictures",9.816,1,1,1,1,0,0,0,0,0,0,0,0,0,0,0,0,0,0,0,0,1,0,1,0,0,3.951770538896414,,
tt6160504,Fukri,2017,155.0,"Comedy,Drama,Family",870000,1300000,0.4942528735632184,4.6,475.0,ml,"Vaishaka Cynyma, S. Talkies",1.854,1,1,1,0,0,0,0,1,0,0,1,1,0,0,0,0,0,0,0,0,0,0,0,0,0,2.190906635676469,,
tt6164502,November,2017,115.0,"Drama,Fantasy,Horror",1550000,19084,-0.987687741935484,7.1,7522.0,et,"Homeless Bob Production, PRPL, Opus Film, Oscilloscope",5.612,1,1,1,0,0,0,0,0,0,0,1,0,1,0,1,0,0,0,0,0,0,0,0,0,0,5.054293482385379,,
tt6167894,Angamaly Diaries,2017,132.0,"Action,Comedy,Thriller",610000,3100000,4.081967213114754,7.9,7126.0,ml,Friday Film House,2.407,1,0,0,1,0,0,0,1,0,0,0,0,0,0,0,0,0,0,0,0,0,0,1,0,0,3.8875690631454254,,
tt6168002,Sakhavu,2017,164.0,"Comedy,Drama",780000,2200000,1.8205128205128205,6.1,1591.0,ml,Universal Cinema,1.062,1,1,1,0,0,0,0,1,0,0,1,0,0,0,0,0,0,0,0,0,0,0,0,0,0,2.544095881298111,,
tt6175394,The Last Warrior,2017,114.0,"Adventure,Comedy,Family",8250000,30060061,2.6436437575757576,6.4,4111.0,ru,"The Walt Disney Company CIS, Walt Disney Pictures",10.805,1,1,1,0,1,0,0,1,0,0,0,1,0,0,0,0,0,0,0,0,0,0,0,0,0,2.235381681392366,2.916906782608696,5.073819565217391
tt6188518,Georgettan's Pooram,2017,155.0,Comedy,850000,1500000,0.7647058823529411,3.8,632.0,ml,"Shivanee Entertainment, Chand V Creations",1.555,1,1,1,0,0,0,0,1,0,0,0,0,0,0,0,0,0,0,0,0,0,0,0,0,0,2.943295602756199,,
tt6194530,Ava,2017,105.0,"Drama,Romance",3000000,500000,-0.8333333333333334,6.6,3668.0,fr,"Trois Brigands Productions, F Comme Film, Ciné-@, ARTE France Cinéma, Canal+, ARTE, Cinémage 11, Cofinova 13",18.042,1,1,1,0,0,0,0,0,0,0,1,0,0,0,0,0,0,0,0,1,0,0,0,0,0,2.486053850614309,,
tt6194538,Little Spirou,2017,86.0,"Comedy,Family",9850941,3503943,-0.6443037269231436,4.8,529.0,fr,"Belvision, France 2 Cinéma, VOO, BeTV, Les Films du Cap, Les Partenaires",5.177,1,1,0,0,0,0,0,1,0,0,0,1,0,0,0,0,0,0,0,0,0,0,0,0,0,2.2139118735946917,,-0.5138541
tt6207956,Blockage,2017,82.0,Drama,10000,10000,0.0,6.2,1242.0,fa,,0.877,1,1,1,0,0,0,0,0,0,0,1,0,0,0,0,0,0,0,0,0,0,0,0,0,0,2.1448961598400227,,
tt6209534,Azar,2017,83.0,Drama,10000,10000,0.0,4.6,358.0,fa,,0.6,1,1,1,0,0,0,0,0,0,0,1,0,0,0,0,0,0,0,0,0,0,0,0,0,0,2.1448961598400227,,
tt6211480,Under the Smoky Roof,2017,111.0,Drama,100000,1500000,14.0,5.4,844.0,fa,Iranian Independents,2.04,1,1,1,0,0,0,0,0,0,0,1,0,0,0,0,0,0,0,0,0,0,0,0,0,0,2.1448961598400227,,
tt6211506,A Special Day,2017,93.0,Drama,150000,60000,-0.6,5.2,335.0,fa,,0.6,1,1,1,0,0,0,0,0,0,0,1,0,0,0,0,0,0,0,0,0,0,0,0,0,0,2.1448961598400227,,
tt6213802,Take Off,2017,83.0,"Crime,Drama",10000,20000,1.0,5.6,312.0,fa,cinema ticket,0.6,1,1,1,0,0,0,0,0,1,0,1,0,0,0,0,0,0,0,0,0,0,0,0,0,0,1.7289763448513131,,
tt6213850,Searing Summer,2017,80.0,Drama,10000,10000,0.0,5.6,684.0,fa,Filmiran,0.6,1,0,1,0,0,0,0,0,0,0,1,0,0,0,0,0,0,0,0,0,0,0,0,0,0,2.1448961598400227,,
tt6217564,5 in the Afternoon,2017,90.0,"Comedy,Drama",15000,50000,2.333333333333333,5.0,5424.0,fa,avval market,0.682,1,1,1,0,0,0,0,1,0,0,1,0,0,0,0,0,0,0,0,0,0,0,0,0,0,2.544095881298111,,
tt6217672,21 Days Later,2017,91.0,"Drama,Family,Fantasy",1000000,10000,-0.99,6.4,630.0,fa,Soureh Cinema,0.6,1,1,1,0,0,0,0,0,0,0,1,1,1,0,0,0,0,0,0,0,0,0,0,0,0,1.8841920507959289,,
tt6217804,Boo 2! A Madea Halloween,2017,101.0,"Comedy,Drama,Horror",25000000,48333932,0.93335728,4.1,5907.0,en,Tyler Perry Studios,22.685,1,1,1,0,0,0,0,1,0,0,1,0,0,0,1,0,0,0,0,0,0,0,0,0,0,5.36100806726592,2.741367199999999,2.741367199999999
tt6221000,Godha,2017,120.0,"Comedy,Drama,Sport",700000,3200000,3.571428571428572,7.5,3245.0,ml,"AVA Productions, E4 Entertainments",2.523,1,1,1,0,0,0,0,1,0,0,1,0,0,0,0,0,0,0,0,0,0,1,0,0,0,2.0316982507263863,,
tt6224580,The Human Comedy,2017,90.0,"Drama,History,Romance",10000,10000,0.0,4.2,283.0,fa,Hedayat Film,1.127,1,1,1,0,0,0,0,0,0,0,1,0,0,1,0,0,0,0,0,1,0,0,0,0,0,2.051730676177224,,
tt6227164,Privacy,2017,76.0,Drama,10000,100000,9.0,4.4,278.0,fa,fajr,1.212,1,1,1,0,0,0,0,0,0,0,1,0,0,0,0,0,0,0,0,0,0,0,0,0,0,2.1448961598400227,,
tt6231840,Ayaal Sassi,2017,122.0,"Comedy,Drama",150000,20000,-0.8666666666666667,4.9,108.0,ml,,0.6,1,1,1,0,0,0,0,1,0,0,1,0,0,0,0,0,0,0,0,0,0,0,0,0,0,2.544095881298111,,
tt6244876,Honey Bee 2: Celebrations,2017,128.0,Comedy,690000,640000,-0.072463768115942,3.6,545.0,ml,Lal Creations,3.197,1,1,1,0,0,0,0,1,0,0,0,0,0,0,0,0,0,0,0,0,0,0,0,0,0,2.943295602756199,,
tt6247708,Achayans,2017,140.0,"Action,Comedy,Mystery",620000,1800000,1.903225806451613,3.9,409.0,ml,DNVP Creations,2.004,1,1,1,1,0,0,0,1,0,0,0,0,0,0,0,0,0,1,0,0,0,0,0,0,0,4.6965897605889095,,
tt6256468,Sarvann,2017,116.0,Thriller,700000,2100000,2.0,5.9,174.0,pa,Purple Pebble Pictures,1.031,0,1,1,0,0,0,0,0,0,0,0,0,0,0,0,0,0,0,0,0,0,0,1,0,0,6.5155965270574505,,
tt6265828,A Ghost Story,2017,92.0,"Drama,Fantasy,Mystery",100000,1929659,18.29659,6.8,87420.0,en,"Sailor Bear, Zero Trans Fat Productions, Ideaman Studios",15.1,1,1,1,0,0,0,0,0,0,0,1,0,1,0,0,0,0,1,0,0,0,0,0,0,0,4.370235542447502,1.2106975076923092,1.2106975076923092
tt6278008,Bolshoy,2017,132.0,Drama,6411831,4029886,-0.3714921681497843,6.8,1174.0,ru,"Marmot Film, Valery Todorovsky Production Company, Telekanal Rossiya",5.174,1,1,1,0,0,0,0,0,0,0,1,0,0,0,0,0,0,0,0,0,0,0,0,0,0,2.1448961598400227,,
tt6288694,Acts of Vengeance,2017,87.0,"Action,Drama,Thriller",10000000,320705,-0.9679295,5.7,14786.0,en,Nu Boyana Film Studios,25.178,1,1,1,1,0,0,0,0,0,0,1,0,0,0,0,0,0,0,0,0,0,0,1,0,0,3.6214359155066993,,
tt6294822,The Post,2017,116.0,"Biography,Drama,History",50000000,179769467,2.59538934,7.2,173500.0,en,"20th Century Fox, DreamWorks Pictures, Reliance Entertainment, TSG Entertainment, Participant, Amblin Entertainment, Pascal Pictures, Star Thrower Entertainment",13.243,1,1,1,0,0,0,1,0,0,0,1,0,0,1,0,0,0,0,0,0,0,0,0,0,0,1.9172977911331035,1.7657772464285715,3.9345126999999995
tt6299040,The Ghazi Attack,2017,116.0,"Action,Drama,Thriller",1900000,4300000,1.263157894736842,7.5,16165.0,te,"Matinee Entertainment, PVP Cinema",9.683,0,1,1,1,0,0,0,0,0,0,1,0,0,0,0,0,0,0,0,0,0,0,1,0,0,3.6214359155066993,,
tt6304046,Thelma,2017,116.0,"Drama,Fantasy,Horror",5741614,1471656,-0.7436860088469898,6.9,40175.0,no,"Eurimages, Motlys, Le Pacte, Norsk Filminstitutt, Film i Väst, Snowglobe, Nordisk Film & TV Fond, Filmpool Nord, B-Reel Films, Don't Look Now, Copenhagen Film Fund",12.27,1,1,1,0,0,0,0,0,0,0,1,0,1,0,1,0,0,0,0,0,0,0,0,0,0,5.054293482385379,-0.8701814545454546,-0.8701814545454546
tt6315524,Take Off,2017,139.0,"Action,Drama,Thriller",1300000,3100000,1.3846153846153846,8.0,8243.0,ml,"Rajesh Pillai Films, Anto Joseph Film Company",3.011,0,1,1,1,0,0,0,0,0,0,1,0,0,0,0,0,0,0,0,0,0,0,1,0,0,3.6214359155066993,,
tt6322922,An Inconvenient Sequel: Truth to Power,2017,98.0,Documentary,1000000,5398976,4.398976,6.6,8621.0,en,"Participant, Actual Films",6.573,1,1,0,0,0,0,0,0,0,1,0,0,0,0,0,0,0,0,0,0,0,0,0,0,0,1.2003139443279252,,
tt6327400,"52Hz, I Love You",2017,109.0,"Comedy,Musical,Romance",2650000,1500000,-0.4339622641509434,6.1,535.0,zh,Vie Vision Pictures,1.633,1,1,0,0,0,0,0,1,0,0,0,0,0,0,0,0,1,0,0,1,0,0,0,0,0,2.5500089628605207,,
tt6352548,Poster Boys,2017,128.0,Comedy,2360586,3540879,0.5,5.4,1885.0,hi,,1.716,0,1,1,0,0,0,0,1,0,0,0,0,0,0,0,0,0,0,0,0,0,0,0,0,0,2.943295602756199,,
tt6355328,The Elephant King,2017,77.0,"Adventure,Animation,Comedy",10000,100000,9.0,4.8,887.0,fa,,0.84,1,1,1,0,1,1,0,1,0,0,0,0,0,0,0,0,0,0,0,0,0,0,0,0,0,2.7407517257149614,,
tt6359956,A Bad Moms Christmas,2017,104.0,Comedy,28000000,130560428,3.6628724285714287,5.6,62865.0,en,"STX Films, Robert Simonds Productions, Suzanne Todd Productions, Huayi Brothers Pictures, Universal Pictures",13.988,1,1,1,0,0,0,0,1,0,0,0,0,0,0,0,0,0,0,0,0,0,0,0,0,0,2.943295602756199,8.1968037,4.870638505555556
tt6363436,1971: Beyond Borders,2017,135.0,"Action,War",2400000,1100000,-0.5416666666666666,4.9,3037.0,ml,Red Rose Creations,1.968,1,1,1,1,0,0,0,0,0,0,0,0,0,0,0,0,0,0,0,0,0,0,0,1,0,1.6663135819296948,,
tt6367558,Double Lover,2017,107.0,"Drama,Romance,Thriller",7110000,4248574,-0.4024509142053445,6.2,14945.0,fr,"Mars Films, FOZ, Mandarin Cinéma",12.69,1,1,1,0,0,0,0,0,0,0,1,0,0,0,0,0,0,0,0,1,0,0,1,0,0,3.8292347427620226,,
tt6397530,Malapata,2017,83.0,"Comedy,Mystery",25000,93039,2.72156,5.6,505.0,pt,SLX Productions,1.4,1,1,1,0,0,0,0,1,0,0,0,0,0,0,0,0,0,1,0,0,0,0,0,0,0,5.942977111072052,,
tt6399490,Armaan: Story of a Storyteller,2017,,Drama,1800000,7494,-0.9958366666666668,5.6,20.0,gu,"Happy Endings Productions, Dhudiya Entertainment",0.777,0,0,0,0,0,0,0,0,0,0,1,0,0,0,0,0,0,0,0,0,0,0,0,0,0,2.1448961598400227,,
tt6417204,Shatamanam Bhavati,2017,129.0,Drama,1200000,8100000,5.75,7.0,1760.0,te,Sri Venkateswara Creations,2.595,1,1,1,0,0,0,0,0,0,0,1,0,0,0,0,0,0,0,0,0,0,0,0,0,0,2.1448961598400227,,
tt6423776,Let the Sunshine In,2017,94.0,"Comedy,Drama,Romance",2978000,4192590,0.4078542646071189,6.0,8427.0,fr,"Ad Vitam Production, Curiosa Films, Versus Production, Playtime",7.049,1,1,1,0,0,0,0,1,0,0,1,0,0,0,0,0,0,0,0,1,0,0,0,0,0,2.6384677679949387,,
tt6426832,Puthan Panam,2017,147.0,"Action,Crime,Thriller",930000,1400000,0.5053763440860215,5.4,1641.0,ml,3 Color Cinema,1.346,1,1,1,1,0,0,0,0,1,0,0,0,0,0,0,0,0,0,0,0,0,0,1,0,0,3.3441560388475597,1.142857686942695,1.142857686942695
tt6441310,Take 2,2017,107.0,Comedy,859484,1360851,0.5833348846517212,5.6,41.0,zh,"MM2 Entertainment, J Team Productions",0.729,0,1,1,0,0,0,0,1,0,0,0,0,0,0,0,0,0,0,0,0,0,0,0,0,0,2.943295602756199,,1.7410453762166473
tt6458726,Mify,2017,89.0,Comedy,665000,902684,0.3574195488721804,3.7,180.0,ru,"Art Pictures Studio, Hype Film",2.054,0,1,1,0,0,0,0,1,0,0,0,0,0,0,0,0,0,0,0,0,0,0,0,0,0,2.943295602756199,,
tt6481002,Madea on the Run,2017,134.0,"Comedy,Drama,Romance",1000000,15000000,14.0,5.1,616.0,en,,4.458,1,1,1,0,0,0,0,1,0,0,1,0,0,0,0,0,0,0,0,1,0,0,0,0,0,2.6384677679949387,2.741367199999999,2.741367199999999
tt6493286,1987: When the Day Comes,2017,129.0,"Drama,History,Thriller",12308000,49380115,3.0120340428989274,7.7,8119.0,ko,"CJ Entertainment, Woojeong Film",9.789,1,1,1,0,0,0,0,0,0,0,1,0,0,1,0,0,0,0,0,0,0,0,1,0,0,3.281192338066843,,
tt6512784,Haseena,2017,135.0,"Biography,Crime,Drama",2400000,1240000,-0.4833333333333333,5.1,8756.0,hi,Swiss Entertainment,3.205,1,1,1,0,0,0,1,0,1,0,1,0,0,0,0,0,0,0,0,0,0,0,0,0,0,1.9606218586529527,,3.0307026668251704
tt6517874,Ramante Edenthottam,2017,122.0,"Comedy,Drama,Romance",550000,1100000,1.0,5.9,599.0,ml,"Dreams N Beyond, Central Pictures",2.726,1,1,1,0,0,0,0,1,0,0,1,0,0,0,0,0,0,0,0,1,0,0,0,0,0,2.6384677679949387,,
tt6537238,Salyut-7: The True Story of the Soviet 'Apollo 13',2017,111.0,"Adventure,Drama,History",15000000,13767037,-0.0821975333333333,7.2,13153.0,ru,"Vita Aktiva, CTB Film Company, Lemon Films Studio, Globus-film",11.606,1,1,1,0,1,0,0,0,0,0,1,0,0,1,0,0,0,0,0,0,0,0,0,0,0,1.8687672613769308,,
tt6556890,Batman and Harley Quinn,2017,74.0,"Action,Adventure,Animation",3500000,39091,-0.9888311428571428,5.9,16863.0,en,"DC Comics, DC Entertainment, Warner Bros. Animation",12.622,1,1,1,1,1,1,0,0,0,0,0,0,0,0,0,0,0,0,0,0,0,0,0,0,0,2.4942582113371032,0.07857142857142851,1.2865607702857143
tt6574272,Phoenix Forgotten,2017,87.0,"Horror,Mystery,Sci-Fi",2800000,3600000,0.2857142857142857,5.4,7861.0,en,"Scott Free Productions, Cinelou Films, 20th Century Fox",12.426,1,1,1,0,0,0,0,0,0,0,0,0,0,0,1,0,0,1,0,0,1,0,0,0,0,7.691130362866203,,6.682154634763742
tt6576288,Rakshadhikari Baiju Oppu,2017,162.0,"Comedy,Drama",550000,2000000,2.636363636363636,7.3,1171.0,ml,,1.969,1,1,1,0,0,0,0,1,0,0,1,0,0,0,0,0,0,0,0,0,0,0,0,0,0,2.544095881298111,,
tt6597454,Selfie,2017,85.0,Comedy,11203,230258,19.55324466660716,6.0,617.0,es,"GONITA FILMACCION, II ACTO FILMS",3.01,1,1,0,0,0,0,0,1,0,0,0,0,0,0,0,0,0,0,0,0,0,0,0,0,0,2.943295602756199,,
tt6620266,Lakshyam,2017,120.0,"Action,Adventure,Thriller",630000,540000,-0.1428571428571428,5.6,455.0,ml,"Vintage Films, JT Films",1.4,0,1,1,1,1,0,0,0,0,0,0,0,0,0,0,0,0,0,0,0,0,0,1,0,0,3.665910961222597,,
tt6649794,Sunday Holiday,2017,135.0,"Comedy,Drama",625000,2200000,2.52,7.2,1784.0,ml,Maqtro Pictures,3.368,1,1,1,0,0,0,0,1,0,0,1,0,0,0,0,0,0,0,0,0,0,0,0,0,0,2.544095881298111,,
tt6659294,Active Shooter,2017,,Documentary,150000,250000,0.6666666666666666,,,en,U.S. Department of Homeland Security,0.6,1,1,0,0,0,0,0,0,0,1,0,0,0,0,0,0,0,0,0,0,0,0,0,0,0,1.2003139443279252,,
tt6673840,Spacewalker,2017,137.0,"Drama,History",7075038,9868942,0.3948959708767642,7.2,8764.0,ru,Bazelevs Production,12.077,1,1,1,0,0,0,0,0,0,0,1,0,0,1,0,0,0,0,0,0,0,0,0,0,0,1.6639902435715392,4.293938070417602,1.0870699669392376
tt6680752,Oru Cinemakkaran,2017,125.0,"Crime,Drama,Mystery",620000,940000,0.5161290322580645,5.3,371.0,ml,Opus Penta,2.305,1,1,1,0,0,0,0,0,1,0,1,0,0,0,0,0,0,1,0,0,0,0,0,0,0,4.133537103030177,,
tt6692354,Ittefaq,2017,105.0,"Mystery,Thriller",4400000,7900000,0.7954545454545454,7.2,17355.0,hi,"Dharma Productions, Red Chillies Entertainment, B.R. Studios",7.503,1,1,1,0,0,0,0,0,0,0,0,0,0,0,0,0,0,1,0,0,0,0,1,0,0,7.729127573222677,,28.90384615384616
tt6705612,Manje Bistre,2017,137.0,"Comedy,Drama",1092000,7800000,6.142857142857143,6.6,1220.0,pa,Humble Motion Pictures,1.242,1,1,1,0,0,0,0,1,0,0,1,0,0,0,0,0,0,0,0,0,0,0,0,0,0,2.544095881298111,,
tt6711660,Babumoshai Bandookbaaz,2017,122.0,"Action,Comedy,Crime",1400000,2500000,0.7857142857142857,6.8,2751.0,hi,Movies by the Mob,6.261,1,1,1,1,0,0,0,1,1,0,0,0,0,0,0,0,0,0,0,0,0,0,0,0,0,2.1533890640804763,,
tt6721132,Coffee for All,2017,69.0,Documentary,125000,78000,-0.376,5.6,465.0,it,"39Films, Romana Audiovisual",1.934,1,1,0,0,0,0,0,0,0,1,0,0,0,0,0,0,0,0,0,0,0,0,0,0,0,1.2003139443279252,-0.6666666666666666,
tt6738136,Revenge,2017,108.0,"Action,Drama,Horror",2900000,692079,-0.7613520689655172,6.4,66417.0,fr,"M.E.S. Productions, Monkey Pack Films, Charades, Logical Pictures, Nexus Factory, uMedia",38.248,1,1,1,1,0,0,0,0,0,0,1,0,0,0,1,0,0,0,0,0,0,0,0,0,0,5.114514552888061,,
tt6777338,The Villainess,2017,124.0,"Action,Thriller",125000,8737458,68.899664,6.6,18795.0,ko,"Apeitda, Next Entertainment World, Contents Panda",15.623,1,1,1,1,0,0,0,0,0,0,0,0,0,0,0,0,0,0,0,0,0,0,1,0,0,4.359705793340038,,
tt6788942,Bad Genius,2017,130.0,"Comedy,Crime,Drama",1839169,42350000,22.026703908123725,7.6,25759.0,th,"Jor Kwang Films, GDH 559",11.449,1,1,1,0,0,0,0,1,1,0,1,0,0,0,0,0,0,0,0,0,0,0,0,0,0,2.1337494308196088,,
tt6797190,Lucky Boy,2017,110.0,Comedy,2500000,40000,-0.984,5.8,40.0,zh,"J Team Productions, Clover Films, MM2 Entertainment",2.182,1,1,1,0,0,0,0,1,0,0,0,0,0,0,0,0,0,0,0,0,0,0,0,0,0,2.943295602756199,,
tt6823698,Naughty Grandma,2017,86.0,Comedy,686410,6143216,7.949776372721843,3.8,795.0,ru,Karoprokat,2.8,1,1,1,0,0,0,0,1,0,0,0,0,0,0,0,0,0,0,0,0,0,0,0,0,0,2.943295602756199,,
tt6857332,Turning Mecards W: Resurrection of the Black Mirror,2017,73.0,"Adventure,Animation,Fantasy",1000000,2775228,1.775228,7.3,31.0,ko,(주)희원엔터테인먼트,1.668,1,0,1,0,1,1,0,0,0,0,0,0,1,0,0,0,0,0,0,0,0,0,0,0,0,2.4340371408344215,,
tt6878038,A Taxi Driver,2017,137.0,"Action,Drama,History",12820005,81927980,5.390635573075049,7.9,38996.0,ko,"The LAMP, Showbox",15.579,1,0,1,1,0,0,0,0,0,0,1,0,0,1,0,0,0,0,0,0,0,0,0,0,0,1.8439318489219012,,
tt6947630,The Blacksmith,2017,128.0,"Action,Adventure,Fantasy",5084000,10449798,1.0554284028324157,5.6,244.0,tl,CCM Film Productions,1.309,0,1,1,1,1,0,0,0,0,0,0,0,1,0,0,0,0,0,0,0,0,0,0,0,0,2.168429401574973,,
tt6967980,Seeking True Love,2017,116.0,"Comedy,Romance",2740700,8050806,1.937499908782428,7.5,28845.0,hi,"Junglee Pictures, BR Studios",7.706,1,1,1,0,0,0,0,1,0,0,0,0,0,0,0,0,0,0,0,1,0,0,0,0,0,2.885253572072397,,28.90384615384616
tt6971752,Shubh Mangal Savdhan,2017,119.0,"Comedy,Romance",3425875,8838757,1.5799998540518845,6.9,12299.0,hi,"Colour Yellow Productions, Eros International",4.316,1,1,1,0,0,0,0,1,0,0,0,0,0,0,0,0,0,0,0,1,0,0,0,0,0,2.885253572072397,,
tt6990206,Crimea,2017,99.0,"Action,Drama",6900000,5987319,-0.1322726086956521,3.4,33686.0,ru,Пиманов и партнеры,1.832,1,1,1,1,0,0,0,0,0,0,1,0,0,0,0,0,0,0,0,0,0,0,0,0,0,2.174355609731324,,
tt6997426,Sad Hill Unearthed,2017,86.0,Documentary,170000,22834,-0.8656823529411765,7.4,1996.0,es,"Zapruder Pictures, SADHILL DESENTERRADO, A.I.E.",7.196,1,1,0,0,0,0,0,0,0,1,0,0,0,0,0,0,0,0,0,0,0,0,0,0,0,1.2003139443279252,,
tt7048622,The Insult,2017,113.0,"Crime,Drama,Thriller",3000000,1001305,-0.6662316666666667,7.6,19214.0,fr,"Ezekiel Films, Rouge International, Tessalit Productions, SCOPE Pictures, Douri Films",7.34,1,1,1,0,0,0,0,0,1,0,1,0,0,0,0,0,0,0,0,0,0,0,1,0,0,3.3245164055866923,,
tt7063130,Mehrunisa V Lub U,2017,133.0,"Comedy,Romance",280000,1200000,3.2857142857142856,5.2,571.0,ur,YNH Films,1.97,1,1,1,0,0,0,0,1,0,0,0,0,0,0,0,0,0,0,0,1,0,0,0,0,0,2.885253572072397,3.0256410256410247,3.0256410256410247
tt7066030,Boss 2,2017,136.0,Action,1173470,1656664,0.4117651069051616,5.0,874.0,bn,"Jaaz Multimedia, Jeetz Filmworks",1.112,1,0,1,1,0,0,0,0,0,0,0,0,0,0,0,0,0,0,0,0,0,0,0,0,0,2.203815059622625,,
tt7085164,Thawed Carp,2017,101.0,"Comedy,Drama",1000000,173187,-0.826813,6.5,545.0,ru,KinoKlaster,1.704,1,1,1,0,0,0,0,1,0,0,1,0,0,0,0,0,0,0,0,0,0,0,0,0,0,2.544095881298111,,-0.895408
tt7111402,Oxidan,2017,93.0,"Comedy,Drama,Romance",10000,200000,19.0,5.2,2198.0,en,Iranian Independents,0.825,1,1,1,0,0,0,0,1,0,0,1,0,0,0,0,0,0,0,0,1,0,0,0,0,0,2.6384677679949387,,
tt7131870,Wolf Warrior 2,2017,123.0,"Action,Adventure,Drama",29700000,870322670,28.3037936026936,5.9,9690.0,zh,"Spring Era Film Company, Beijing Dongfang International Cultural Communications Company, Beijing Century Media Culture, Chao Feng Pictures, Orange Image",11.611,1,1,1,1,1,0,0,0,0,0,1,0,0,0,0,0,0,0,0,0,0,0,0,0,0,2.2090108388167873,5.666666666666668,5.666666666666668
tt7159382,Fidaa,2017,144.0,"Comedy,Drama,Romance",2100000,7000000,2.333333333333333,7.4,6694.0,te,Sri Venkateswara Creations,4.851,1,1,1,0,0,0,0,1,0,0,1,0,0,0,0,0,0,0,0,1,0,0,0,0,0,2.6384677679949387,4.282964086143607,
tt7160070,Along with the Gods: The Two Worlds,2017,139.0,"Action,Adventure,Drama",18300000,125983972,5.884370054644808,7.2,22507.0,ko,"Lotte Entertainment, Dexter Studios, Realies Pictures, Korean Film Council, Alpha Pictures, kth, Union Investment Partners",25.203,1,1,1,1,1,0,0,0,0,0,1,0,0,0,0,0,0,0,0,0,0,0,0,0,0,2.2090108388167873,,
tt7240130,PGS: Intuition Is Your Personal Guidance System,2017,83.0,Documentary,1250000,35423,-0.9716616,8.8,69.0,en,B.J. Films,0.851,1,1,0,0,0,0,0,0,0,1,0,0,0,0,0,0,0,0,0,0,0,0,0,0,0,1.2003139443279252,,
tt7273648,About Love. For Adults Only,2017,109.0,Comedy,1350000,2157136,0.5978785185185185,6.1,1052.0,ru,Magnum,8.315,1,1,1,0,0,0,0,1,0,0,0,0,0,0,0,0,0,0,0,0,0,0,0,0,0,2.943295602756199,0.3287328457271164,-0.27560055555555557
tt7278838,Inner Beauty,2017,75.0,Romance,2000,2000,0.0,2.1,22.0,en,I am Jervonne Productions,0.6,1,1,0,0,0,0,0,0,0,0,0,0,0,0,0,0,0,0,0,1,0,0,0,0,0,2.8272115413885945,,
tt7294534,Arjun Reddy,2017,182.0,"Drama,Romance",780000,8000000,9.256410256410255,7.9,30408.0,te,Bhadrakali Pictures,8.369,0,0,0,0,0,0,0,0,0,0,1,0,0,0,0,0,0,0,0,1,0,0,0,0,0,2.486053850614309,,
tt7431980,Après coup,2017,94.0,Drama,300000,800000,1.6666666666666667,7.9,30.0,fr,Gapian Films,0.942,1,1,1,0,0,0,0,0,0,0,1,0,0,0,0,0,0,0,0,0,0,0,0,0,0,2.1448961598400227,,
tt7468056,The Outlaws,2017,121.0,"Action,Crime,Thriller",5883687,52946454,7.998856329373061,7.2,16988.0,ko,"Hong Film, Plus M Entertainment, BA Entertainment, Kiwi Media Group, Michigan Venture Capital, Union Investment Partners, Big Punch Pictures",23.857,0,0,1,1,0,0,0,0,1,0,0,0,0,0,0,0,0,0,0,0,0,0,1,0,0,3.3441560388475597,,
tt7497890,The Next Guardian,2017,75.0,Documentary,146000,120000,-0.1780821917808219,7.2,768.0,dz,Éclipse Film,1.176,1,0,0,0,0,0,0,0,0,1,0,0,0,0,0,0,0,0,0,0,0,0,0,0,0,1.2003139443279252,,
tt7563890,The Record Is Equal To The Document,2017,97.0,"Adventure,Comedy,Drama",100000,100000,0.0,4.3,255.0,fa,Soureh Cinema,0.6,1,1,1,0,1,0,0,1,0,0,1,0,0,0,0,0,0,0,0,0,0,0,0,0,0,2.4555043531946454,,
tt7762454,Present,2017,93.0,"Comedy,Drama",10000,100000,9.0,1.7,112.0,fa,,0.6,1,1,1,0,0,0,0,1,0,0,1,0,0,0,0,0,0,0,0,0,0,0,0,0,0,2.544095881298111,,8.0
tt7791106,Shob Bhooturey,2017,115.0,Horror,250000,225000,-0.1,5.2,264.0,bn,SVF Entertainment,0.6,1,1,0,0,0,0,0,0,0,0,0,0,0,0,1,0,0,0,0,0,0,0,0,0,0,10.994832439201536,1.033195020746888,
tt7881364,Cousins,2017,86.0,"Comedy,Romance",1000,2000,1.0,3.0,134.0,fa,Iranian Independents,0.6,1,1,1,0,0,0,0,1,0,0,0,0,0,0,0,0,0,0,0,1,0,0,0,0,0,2.885253572072397,,
tt7914416,One Cut of the Dead,2017,96.0,"Comedy,Drama,Horror",52406,27590180,525.4698698622295,7.6,36087.0,ja,"Panpokopina, ENBU Seminar",14.95,1,1,1,0,0,0,0,1,0,0,1,0,0,0,1,0,0,0,0,0,0,0,0,0,0,5.36100806726592,,
tt7938472,Serial Rabbit V: The Epic Hunt,2017,113.0,"Comedy,Horror",12000,24000,1.0,5.7,45.0,en,,0.6,1,1,1,0,0,0,0,1,0,0,0,0,0,0,1,0,0,0,0,0,0,0,0,0,0,6.969064020978868,,
tt8000450,Oz Academy,2017,147.0,"Action,Drama,Sport",7665,134444,16.539986953685585,,,en,OZ Academy,1.195,0,0,1,1,0,0,0,0,0,0,1,0,0,0,0,0,0,0,0,0,0,1,0,0,0,1.7852047363485284,,
tt8037658,Forbidden,2017,98.0,Drama,100000,1500000,14.0,4.0,109.0,fa,Iranian Independents,0.6,1,1,1,0,0,0,0,0,0,0,1,0,0,0,0,0,0,0,0,0,0,0,0,0,0,2.1448961598400227,,
tt8134670,Chuzha molytva,2017,100.0,Biography,1185468,24207,-0.9795802164208566,7.5,133.0,uk,Idas Film,2.23,1,0,1,0,0,0,1,0,0,0,0,0,0,0,0,0,0,0,0,0,0,0,0,0,0,2.4239128862562316,,
tt8333222,Reina sin Corona,2017,88.0,Drama,160000,440000,1.75,,,es,"Fenix Legendario Studios, Alfa Films",0.6,1,1,0,0,0,0,0,0,0,0,1,0,0,0,0,0,0,0,0,0,0,0,0,0,0,2.1448961598400227,,
tt8532152,Cebiche de tiburón,2017,105.0,Comedy,15454,45150,1.9215737026012685,4.1,43.0,es,Cinecolor,1.05,1,0,1,0,0,0,0,1,0,0,0,0,0,0,0,0,0,0,0,0,0,0,0,0,0,2.943295602756199,,
tt8600218,Won-jeong yeo-haeng,2017,76.0,Drama,10000,10000,0.0,,,ko,BIRAY DALKIRAN DFGS AMERICA,1.4,0,0,0,0,0,0,0,0,0,0,1,0,0,0,0,0,0,0,0,0,0,0,0,0,0,2.1448961598400227,,
tt8967900,Soheila No. 17,2017,78.0,"Drama,Romance",10000,10000,0.0,5.7,301.0,fa,,0.6,1,1,1,0,0,0,0,0,0,0,1,0,0,0,0,0,0,0,0,1,0,0,0,0,0,2.486053850614309,,
tt9073702,August,2017,72.0,Drama,10000,100000,9.0,4.0,145.0,fa,,0.85,1,1,1,0,0,0,0,0,0,0,1,0,0,0,0,0,0,0,0,0,0,0,0,0,0,2.1448961598400227,,
tt0859635,Super Troopers 2,2018,99.0,"Comedy,Crime,Mystery",13500000,18850674,0.3963462222222222,6.0,30954.0,en,"Broken Lizard Industries, Cataland Films, Needle's Eye Productions, Fox Searchlight Pictures",12.698,1,1,1,0,0,0,0,1,1,0,0,0,0,0,0,0,0,1,0,0,0,0,0,0,0,4.479278685043724,,
tt1034415,Suspiria,2018,152.0,"Drama,Fantasy,Horror",20000000,6348889,-0.68255555,6.7,106293.0,en,"Muskat Filmed Properties, Amazon Studios, Frenesy Film, First Sun, MeMo Films, K Period Media, Mythology Entertainment, Vega Baby",17.531,1,1,1,0,0,0,0,0,0,0,1,0,1,0,1,0,0,0,0,0,0,0,0,0,0,6.378056211280665,9.7857615,
tt1072748,Winchester,2018,99.0,"Biography,Horror,Mystery",3500000,44019588,11.577025142857142,5.5,39615.0,en,"Imagination Design Works, Blacklab Entertainment, Lionsgate, CBS Films, Screen Australia, Screen Queensland, Film Victoria, Eclipse Pictures",15.713,1,1,1,0,0,0,1,0,0,0,0,0,0,0,1,0,0,1,0,0,0,0,0,0,0,7.797502505758753,4.596957945454546,-0.10137290909090879
tt1137450,Death Wish,2018,107.0,"Action,Crime,Drama",30000000,34017028,0.1339009333333333,6.3,84036.0,en,"Metro-Goldwyn-Mayer, Cave 76 Productions",40.484,1,1,1,1,0,0,0,0,1,0,1,0,0,0,0,0,0,0,0,0,0,0,0,0,0,2.431790842257546,1.5366736000000003,
tt1213641,First Man,2018,141.0,"Biography,Drama,History",70000000,105713218,0.5101888285714286,7.3,219055.0,en,"DreamWorks Pictures, Temple Hill Entertainment, Universal Pictures, Amblin Entertainment, Phantasma Films, Perfect World Pictures",25.21,1,1,1,0,0,0,1,0,0,0,1,0,0,1,0,0,0,0,0,0,0,0,0,0,0,2.209947287236679,8.440431280303029,3.26495102
tt1226837,Beautiful Boy,2018,120.0,"Biography,Drama",25000000,7649973,-0.69400108,7.4,132034.0,en,"Plan B Entertainment, Big Indie Pictures, Amazon Studios",13.012,1,1,1,0,0,0,1,0,0,0,1,0,0,0,0,0,0,0,0,0,0,0,0,0,0,2.7872110659294815,,10.692744
tt1255919,Holmes & Watson,2018,90.0,"Comedy,Crime,Mystery",42000000,40462793,-0.0366001666666666,4.0,42794.0,en,"Mosaic, Columbia Pictures, Gary Sanchez Productions, Mimran Schur Pictures, Mosaic Media Group",8.55,1,1,1,0,0,0,0,1,1,0,0,0,0,0,0,0,0,1,0,0,0,0,0,0,0,4.479278685043724,1.795286325,1.795286325
tt1259528,Den of Thieves,2018,140.0,"Action,Crime,Drama",30000000,80509622,1.6836540666666666,7.0,155283.0,en,"Atmosphere Entertainment MM, Diamond Film Productions, G-BASE, Tucker Tooley Entertainment",33.471,0,1,1,1,0,0,0,0,1,0,1,0,0,0,0,0,0,0,0,0,0,0,0,0,0,2.431790842257546,,2.4292407833333334
tt1270797,Venom,2018,112.0,"Action,Adventure,Sci-Fi",116000000,856085151,6.380044405172414,6.6,615416.0,en,"Matt Tolmach Productions, Pascal Pictures, Marvel Entertainment, Tencent Pictures, Arad Productions",48.649,1,1,1,1,1,0,0,0,0,0,0,0,0,0,0,0,0,0,0,0,1,0,0,0,0,2.479948445749349,,9.060124967234406
tt1273221,London Fields,2018,118.0,"Crime,Mystery,Thriller",8000000,487420,-0.9390725,3.9,13094.0,en,"Muse Productions, Periscope Entertainment, Head Gear Films, Curiously Bright Entertainment, Living the Dream Films, MindSky Entertainment, Vedette Finance, Tartan, 20th Century Fox",18.716,1,1,1,0,0,0,0,0,1,0,0,0,0,0,0,0,0,1,0,0,0,0,1,0,0,5.097789541254293,,
tt1285009,The Strangers: Prey at Night,2018,85.0,Horror,12500000,31039126,1.48313008,5.3,40797.0,en,"Aviron Pictures, White Comet Films, Bloom, Rogue Pictures, The Fyzz, SoundNode",15.553,1,1,1,0,0,0,0,0,0,0,0,0,0,0,1,0,0,0,0,0,0,0,0,0,0,13.413205708906627,10.30881109090909,2.7608298999999996
tt1308728,The Happytime Murders,2018,91.0,"Action,Comedy,Crime",40000000,27506452,-0.3123387,5.5,32412.0,en,"STX Films, Black Bear Pictures, Henson Alternative, Huayi Brothers Pictures, On the Day",13.727,1,1,1,1,0,0,0,1,1,0,0,0,0,0,0,0,0,0,0,0,0,0,0,0,0,2.6155070368524007,,
tt13129744,"Estremecer, Lejos de ti.",2018,49.0,Thriller,10000,10000,0.0,9.0,7.0,es,"BLACK XOLO FILMS, BLACK XOLO",0.6,1,1,0,0,0,0,0,0,0,0,0,0,0,0,0,0,0,0,0,0,0,0,1,0,0,5.9455788481349785,,
tt1365519,Tomb Raider,2018,119.0,"Action,Adventure,Fantasy",94000000,274650803,1.921817053191489,6.3,243799.0,en,"SQUARE ENIX, GK Films, Metro-Goldwyn-Mayer, Warner Bros. Pictures",27.983,1,1,1,1,1,0,0,0,0,0,0,0,1,0,0,0,0,0,0,0,0,0,0,0,0,2.29857987962071,1.1976618829020744,1.9044615366683715
tt1413492,12 Strong,2018,130.0,"Action,Drama,History",35000000,67450815,0.9271661428571428,6.6,101836.0,en,"Torridon Films, Alcon Entertainment, Black Label Media, Jerry Bruckheimer Films, Lionsgate, 16:14 Entertainment, Warner Bros. Pictures",26.628,1,1,1,1,0,0,0,0,0,0,1,0,0,1,0,0,0,0,0,0,0,0,0,0,0,2.3155932844083957,,2.552594285903846
tt1477834,Aquaman,2018,143.0,"Action,Adventure,Fantasy",160000000,1148528393,6.17830245625,6.8,558894.0,en,"Warner Bros. Pictures, The Safran Company, DC Films",52.471,1,1,1,1,1,0,0,0,0,0,0,0,1,0,0,0,0,0,0,0,0,0,0,0,0,2.29857987962071,7.01066991118421,7.045858775
tt1502407,Halloween,2018,106.0,"Crime,Drama,Horror",10000000,259900000,24.99,6.5,188384.0,en,"Universal Pictures, Blumhouse Productions, Trancas International Films, Rough House Pictures, Miramax",30.021,1,1,1,0,0,0,0,0,1,0,1,0,0,0,1,0,0,0,0,0,0,0,0,0,0,6.1187052693412864,-0.8104433555555559,
tt1517451,A Star Is Born,2018,136.0,"Drama,Music,Romance",36000000,433888866,11.0524685,7.6,452248.0,en,"Thunder Road, 22 & Green, Gerber Pictures, Joint Effort, Malpaso Productions, Warner Bros. Pictures, Live Nation Productions",27.891,0,1,1,0,0,0,0,0,0,0,1,0,0,0,0,1,0,0,0,1,0,0,0,0,0,7.568926985129875,,0.3817774230769224
tt1563742,Overboard,2018,112.0,"Comedy,Romance",12000000,91244913,6.60374275,6.0,45439.0,en,"Pantelion Films, 3Pas Studios, Metro-Goldwyn-Mayer",20.121,1,1,1,0,0,0,0,1,0,0,0,0,0,0,0,0,0,0,0,1,0,0,0,0,0,3.467905247898498,,
tt1571234,Mortal Engines,2018,128.0,"Action,Adventure,Fantasy",100000000,83869818,-0.16130182,6.1,154659.0,en,"Scholastic Productions, Silvertongue Films, Universal Pictures, WingNut Films, MRC",26.659,1,1,1,1,1,0,0,0,0,0,0,0,1,0,0,0,0,0,0,0,0,0,0,0,0,2.29857987962071,,2.824079152
tt1590193,The Commuter,2018,104.0,"Action,Mystery,Thriller",30000000,119942387,2.998079566666666,6.3,134959.0,en,"StudioCanal, Ombra Films, TF1 Films Production, The Picture Company, Canal+, Ciné+, Lionsgate, TF1",19.526,1,1,1,1,0,0,0,0,0,0,0,0,0,0,0,0,0,1,0,0,0,0,1,0,0,5.413939549339919,3.2977839403921574,3.4561919999999997
tt1620680,A Wrinkle in Time,2018,109.0,"Adventure,Drama,Family",103000000,132675864,0.2881151844660194,4.3,50212.0,en,"Whitaker Entertainment, Walt Disney Pictures",12.026,1,1,1,0,1,0,0,0,0,0,1,1,0,0,0,0,0,0,0,0,0,0,0,0,0,2.527927703320824,2.3393954,-0.9896539
tt1677720,Ready Player One,2018,140.0,"Action,Adventure,Sci-Fi",175000000,607274134,2.470137908571429,7.4,549717.0,en,"Amblin Entertainment, De Line Pictures, Warner Bros. Pictures, Farah Films & Management, Village Roadshow Pictures, Access Entertainment",50.088,1,1,1,1,1,0,0,0,0,0,0,0,0,0,0,0,0,0,0,0,1,0,0,0,0,2.479948445749349,2.042314610952381,
tt1727824,Bohemian Rhapsody,2018,134.0,"Biography,Drama,Music",52000000,903992901,16.384478865384615,7.9,653208.0,en,"GK Films, Regency Enterprises, Queen Films, Tribeca Productions, New Regency Pictures, 20th Century Fox",37.55,1,1,1,0,0,0,1,0,0,0,1,0,0,0,0,1,0,0,0,0,0,0,0,0,0,7.2988470584120515,2.02363225505618,5.63834305
tt1773753,Mara,2018,98.0,"Crime,Horror,Mystery",5000000,661769,-0.8676462,5.1,9822.0,en,"Moon River Studios, Aloe Entertainment, Lionsgate, Synchronicity Entertainment, Room 101, Mann Made Films, Digital Ignition Entertainment, A Brighter Headache, Grodnik /Aloe Productions",9.74,1,1,1,0,0,0,0,0,1,0,0,0,0,0,1,0,0,1,0,0,0,0,0,0,0,7.586998494844842,,
tt1799516,Benji,2018,87.0,"Crime,Drama,Family",6000000,585333,-0.9024445,6.4,6260.0,en,"Blumhouse Productions, Symbolic Exchange",19.472,1,1,1,0,0,0,0,0,1,0,1,1,0,0,0,0,0,0,0,0,0,0,0,0,0,2.208861177123643,,
tt1801552,Gotti,2018,112.0,"Biography,Crime,Drama",10000000,4343227,-0.5656773,4.8,18613.0,en,"Highland Film Group, Michael Fiore Films, EFO Films, JTP Films",11.523,1,1,1,0,0,0,1,0,1,0,1,0,0,0,0,0,0,0,0,0,0,0,0,0,0,2.3261448450858295,,
tt1825683,Black Panther,2018,134.0,"Action,Adventure,Sci-Fi",200000000,1349926083,5.749630415,7.3,923215.0,en,Marvel Studios,43.665,1,1,1,1,1,0,0,0,0,0,0,0,0,0,0,0,0,0,0,0,1,0,0,0,0,2.479948445749349,3.6910157027027033,3.1186325518379285
tt1846589,Hunter Killer,2018,121.0,"Action,Thriller",40000000,31672678,-0.20818305,6.6,81603.0,en,"Original Film, G-BASE, Millennium Media, Hunter Killer Productions, Hishow Entertainment, SprocketHeads, Tucker Tooley Entertainment, Lionsgate, Davis Films, Summit Entertainment",44.024,1,1,1,1,0,0,0,0,0,0,0,0,0,0,0,0,0,0,0,0,0,0,1,0,0,4.149020637895191,,0.5436538272727273
tt1999890,Hell Fest,2018,89.0,"Horror,Mystery,Thriller",5500000,18160930,2.3019872727272728,5.5,21762.0,en,"Valhalla Motion Pictures, Tucker Tooley Entertainment, Ingenuity Studios, Lionsgate",13.268,1,1,1,0,0,0,0,0,0,0,0,0,0,0,1,0,0,1,0,0,0,0,1,0,0,9.10085397642366,6.890312400000001,
tt2119543,The House with a Clock in Its Walls,2018,105.0,"Comedy,Family,Fantasy",42000000,131523093,2.1315022142857143,6.1,60422.0,en,"Amblin Entertainment, Mythology Entertainment, Reliance Entertainment, Universal Pictures, DreamWorks Pictures",18.083,1,1,1,0,0,0,0,1,0,0,0,1,1,0,0,0,0,0,0,0,0,0,0,0,0,2.651928313657876,1.5366736000000003,
tt2126357,Second Act,2018,103.0,"Comedy,Drama,Romance",16000000,72282227,3.5176391875,5.8,32684.0,en,"STX Films, Nuyorican Productions, Universal Pictures",13.492,1,1,1,0,0,0,0,1,0,0,1,0,0,0,0,0,0,0,0,1,0,0,0,0,0,3.4915693971719013,,
tt2231461,Rampage,2018,107.0,"Action,Adventure,Sci-Fi",120000000,428028233,2.5669019416666665,6.1,204080.0,en,"Wrigley Pictures, New Line Cinema, 7 Bucks Entertainment, ASAP Entertainment, Flynn Picture Company, Twisted Media",109.045,1,1,1,1,1,0,0,0,0,0,0,0,0,0,0,0,0,0,0,0,1,0,0,0,0,2.479948445749349,1.788689281818182,2.4526705264646464
tt2243900,Trouble Is My Business,2018,116.0,"Action,Adventure,Crime",250000,679000,1.716,4.4,4630.0,en,"Lumen Actus, The Orchard, Random Media",3.313,1,1,1,1,1,0,0,0,1,0,0,0,0,0,0,0,0,0,0,0,0,0,0,0,0,2.039228937681332,,
tt2296777,Sherlock Gnomes,2018,86.0,"Adventure,Animation,Comedy",59000000,90497778,0.5338606440677967,5.3,15906.0,en,"Rocket Pictures, Paramount Animation, Metro-Goldwyn-Mayer",13.52,1,1,1,0,1,1,0,1,0,0,0,0,0,0,0,0,0,0,0,0,0,0,0,0,0,3.148882918318995,,
tt2328900,Mary Queen of Scots,2018,124.0,"Biography,Drama,History",25000000,37807625,0.512305,6.3,61224.0,en,"Focus Features, Working Title Films, Perfect World Pictures, 3dot Productions",13.526,1,1,1,0,0,0,1,0,0,0,1,0,0,1,0,0,0,0,0,0,0,0,0,0,0,2.209947287236679,,
tt2531344,Blockers,2018,102.0,"Comedy,Drama",21000000,94017294,3.477014,6.2,92658.0,en,"Hurwitz & Schlossberg Productions, Good Universe, DMG Entertainment, Point Grey Pictures, Universal Pictures, dentsu",18.51,0,1,1,0,0,0,0,1,0,0,1,0,0,0,0,0,0,0,0,0,0,0,0,0,0,3.81447198761099,,
tt2557478,Pacific Rim: Uprising,2018,111.0,"Action,Adventure,Sci-Fi",150000000,290061297,0.93374198,5.6,138811.0,en,"Legendary Pictures, Double Dare You Productions",44.753,1,1,1,1,1,0,0,0,0,0,0,0,0,0,0,0,0,0,0,0,1,0,0,0,0,2.479948445749349,,4.550007851747256
tt2704998,Game Night,2018,100.0,"Action,Adventure,Comedy",37000000,117501013,2.175703054054054,6.9,283277.0,en,"New Line Cinema, Aggregate Films, Davis Entertainment, Access Entertainment, Dune Entertainment",18.92,1,1,1,1,1,0,0,1,0,0,0,0,0,0,0,0,0,0,0,0,0,0,0,0,0,2.934573563049581,2.367231870967742,
tt2709692,The Grinch,2018,86.0,"Animation,Comedy,Family",75000000,508575295,5.781003933333333,6.4,115154.0,en,"Illumination, Dr. Seuss Enterprises, Universal Animation Studios",36.415,1,1,1,0,0,1,0,1,0,0,0,1,0,0,0,0,0,0,0,0,0,0,0,0,0,2.9230367350735382,,-0.2520313749999996
tt2798920,Annihilation,2018,115.0,"Adventure,Drama,Horror",40000000,43070915,0.076772875,6.8,397762.0,en,"DNA Films, Paramount, Scott Rudin Productions, Skydance",32.793,1,1,1,0,1,0,0,0,0,0,1,0,0,0,1,0,0,0,0,0,0,0,0,0,0,6.437771795538467,1.4579609333333334,1.4579609333333334
tt2837574,The Old Man & the Gun,2018,93.0,"Biography,Comedy,Crime",15800000,11277120,-0.2862582278481013,6.7,52977.0,en,"Condé Nast Entertainment, Endgame Entertainment, Identity Films, Sailor Bear, Wildwood Enterprises",6.837,1,1,1,0,0,0,1,1,1,0,0,0,0,0,0,0,0,0,0,0,0,0,0,0,0,2.509861039680684,9.753643753846154,4.519727526923077
tt2854926,Tag,2018,100.0,"Action,Comedy",28000000,75100000,1.6821428571428572,6.5,163763.0,en,"New Line Cinema, Broken Road Productions",19.098,1,1,1,1,0,0,0,1,0,0,0,0,0,0,0,0,0,0,0,0,0,0,0,0,0,3.2212543535793383,,
tt2873282,Red Sparrow,2018,140.0,"Action,Drama,Thriller",69000000,151572634,1.19670484057971,6.6,219401.0,en,"Chernin Entertainment, 20th Century Fox, TSG Entertainment, Film Rights",24.57,1,1,1,1,0,0,0,0,0,0,1,0,0,0,0,0,0,0,0,0,0,0,1,0,0,3.945646323836364,4.063390159625,-0.33449995
tt2967856,Another Day of Life,2018,85.0,"Animation,Biography",5000000,134801,-0.9730398,7.3,2994.0,en,"Kanaki Films, Puppetworks Animation Studio, Animationsfabrik, uMedia, Walking The Dog, Wüste Film, Platige Films",5.504,1,1,0,0,0,1,1,0,0,0,0,0,0,0,0,0,0,0,0,0,0,0,0,0,0,2.5154574648019508,,
tt3104988,Crazy Rich Asians,2018,120.0,"Comedy,Drama,Romance",30000000,238539198,6.9513066,6.9,211110.0,en,"Color Force, Ivanhoe Pictures, Warner Bros. Pictures",21.434,1,1,1,0,0,0,0,1,0,0,1,0,0,0,0,0,0,0,0,1,0,0,0,0,0,3.4915693971719013,1.093931383333333,2.7211259666666665
tt31463404,Hævn 3,2018,250.0,Horror,3433250,15576565,3.536973712954198,,,en,"Abigail Finch Stuntskole, Nørgaard Og Sand",0.0,1,1,1,0,0,0,0,0,0,0,0,0,0,0,1,0,0,0,0,0,0,0,0,0,0,13.413205708906627,3.9874999999999994,3.9874999999999994
tt32474506,Project G-1,2018,51.0,"Adventure,Animation,Comedy",50000,159000,2.18,8.1,33.0,en,Paul vids,1.4,1,1,0,0,1,1,0,1,0,0,0,0,0,0,0,0,0,0,0,0,0,0,0,0,0,3.148882918318995,,
tt3289724,Welcome to Marwen,2018,116.0,"Biography,Comedy,Drama",39000000,12780692,-0.6722899487179487,6.2,27855.0,en,"DreamWorks Pictures, ImageMovers",12.618,1,1,1,0,0,0,1,1,0,0,1,0,0,0,0,0,0,0,0,0,0,0,0,0,0,3.221489470454079,0.5770867016806722,0.7480554857142857
tt3319730,The Mercy,2018,112.0,"Adventure,Biography,Drama",18000000,4536348,-0.7479806666666666,6.0,10519.0,en,"BBC Film, Blueprint Pictures, StudioCanal",8.819,1,1,1,0,1,0,1,0,0,0,1,0,0,0,0,0,0,0,0,0,0,0,0,0,0,2.64521137128301,7.248445866666667,
tt3385524,Stan & Ollie,2018,98.0,"Biography,Comedy,Drama",10000000,24420923,1.4420923,7.2,41856.0,en,"Fable Pictures, Entertainment One, Baby Cow Productions, Sonesta Films, BBC Film, Laurel and Hardy Feature Productions, Sony Pictures Classics, Entertainment One Features",10.078,1,1,1,0,0,0,1,1,0,0,1,0,0,0,0,0,0,0,0,0,0,0,0,0,0,3.221489470454079,,
tt3606756,Incredibles 2,2018,118.0,"Action,Adventure,Animation",200000000,1242805359,5.214026795,7.5,376715.0,en,"Walt Disney Pictures, Pixar",49.215,1,1,1,1,1,1,0,0,0,0,0,0,0,0,0,0,0,0,0,0,0,0,0,0,0,2.5696883010363725,0.10081222105263166,0.10081222105263166
tt3766354,The Equalizer 2,2018,121.0,"Action,Crime,Mystery",62000000,190400157,2.0709702741935483,6.7,232702.0,en,"Lonetree Entertainment, Fuqua Films, Escape Artists, Sony Pictures, ZHIV Productions, Mace Neufeld Productions, Columbia Pictures",81.313,1,1,1,1,0,0,0,0,1,0,0,0,0,0,0,0,0,1,0,0,0,0,0,0,0,3.9000840677611013,1.7859746030303032,2.024467276545787
tt3778644,Solo: A Star Wars Story,2018,135.0,"Action,Adventure,Sci-Fi",250000000,392952373,0.571809492,6.9,414079.0,en,"Lucasfilm Ltd., Allison Shearmur Productions, Imagine Entertainment",55.759,1,1,1,1,1,0,0,0,0,0,0,0,0,0,0,0,0,0,0,0,1,0,0,0,0,2.479948445749349,0.9364121833333334,6.997170345663266
tt3829266,The Predator,2018,107.0,"Action,Adventure,Sci-Fi",88000000,160542134,0.8243424318181818,5.3,164390.0,en,"Davis Entertainment, TSG Entertainment, 20th Century Fox, Canada Film Capital",46.62,1,1,1,1,1,0,0,0,0,0,0,0,0,0,0,0,0,0,0,0,1,0,0,0,0,2.479948445749349,0.25576436000000013,0.25576436000000013
tt3920820,Brian Banks,2018,99.0,"Biography,Drama,Sport",10000000,4300000,-0.57,7.2,10915.0,en,"ShivHans Pictures, Gidden Media",21.565,1,1,1,0,0,0,1,0,0,0,1,0,0,0,0,0,0,0,0,0,0,1,0,0,0,2.4574531665406716,,
tt3956336,American Dresser,2018,97.0,"Action,Adventure,Drama",2000000,2231,-0.9988845,5.4,565.0,en,,5.021,1,1,1,1,1,0,0,0,0,0,1,0,0,0,0,0,0,0,0,0,0,0,0,0,0,2.7508573684547266,,
tt4003440,The House That Jack Built,2018,152.0,"Crime,Drama,Horror",9800000,5566776,-0.4319616326530612,6.8,107632.0,en,"Zentropa Entertainments, Copenhagen Film Fund, Copenhagen Film Fund, Slot Machine, Film i Väst, Zentropa International Sweden, Zentropa International France, Zentropa International Köln",21.256,1,1,1,0,0,0,0,0,1,0,1,0,0,0,1,0,0,0,0,0,0,0,0,0,0,6.1187052693412864,,
tt4073790,The Darkest Minds,2018,104.0,"Action,Adventure,Drama",34000000,41142379,0.2100699705882353,5.7,40877.0,en,"21 Laps Entertainment, 20th Century Fox",105.269,1,1,1,1,1,0,0,0,0,0,1,0,0,0,0,0,0,0,0,0,0,0,0,0,0,2.7508573684547266,2.594281551724138,
tt4086018,Charming,2018,85.0,"Adventure,Animation,Comedy",20000000,8751856,-0.5624072,5.6,4323.0,en,"3QU Media, Storyoscopic Films, Vanguard Animation, WV Enterprises, Cinesite Animation",12.7,1,1,1,0,1,1,0,1,0,0,0,0,0,0,0,0,0,0,0,0,0,0,0,0,0,3.148882918318995,,
tt4103724,Forever My Girl,2018,108.0,"Comedy,Drama,Music",3500000,16367326,3.676378857142857,6.6,25838.0,en,LD Entertainment,20.784,1,1,1,0,0,0,0,1,0,0,1,0,0,0,0,1,0,0,0,0,0,0,0,0,0,7.983687672866391,,
tt4110388,Superlopez,2018,108.0,"Action,Comedy,Sci-Fi",5200000,12496155,1.4031067307692309,5.4,4589.0,es,"Zeta Cinema, Telecinco Cinema, La Gran Superproducción, Movistar+, Mogambo Films",7.187,1,1,1,1,0,0,0,1,0,0,0,0,0,0,0,0,0,0,0,0,1,0,0,0,0,3.056226544920417,,16.40392561111111
tt4123430,Fantastic Beasts: The Crimes of Grindelwald,2018,134.0,"Adventure,Family,Fantasy",200000000,654855901,2.274279505,6.5,334394.0,en,"Warner Bros. Pictures, Heyday Films",29.783,1,1,1,0,1,0,0,0,0,0,0,1,1,0,0,0,0,0,0,0,0,0,0,0,0,2.075650214486807,2.2391260916666664,3.4963462888888888
tt4154756,Avengers: Infinity War,2018,149.0,"Action,Adventure,Sci-Fi",300000000,2052415039,5.841383463333333,8.4,1403398.0,en,Marvel Studios,154.34,1,1,1,1,1,0,0,0,0,0,0,0,0,0,0,0,0,0,0,0,1,0,0,0,0,2.479948445749349,3.412347455529412,3.1223942159674767
tt4154916,Replicas,2018,107.0,"Action,Drama,Sci-Fi",30000000,8100000,-0.73,5.5,45686.0,en,"di Bonaventura Pictures, Company Films, Ocean Park Entertainment, Riverstone Pictures, Fundamental Films, Lotus Entertainment, Remstar Productions",24.022,1,1,1,1,0,0,0,0,0,0,1,0,0,0,0,0,0,0,0,0,1,0,0,0,0,2.8725103503255625,,2.4292407833333334
tt4218572,Widows,2018,129.0,"Crime,Drama,Thriller",42000000,73866088,0.7587163809523809,6.8,109678.0,en,"New Regency Pictures, See-Saw Films, Film4 Productions, Lammas Park, Regency Enterprises",19.439,1,1,1,0,0,0,0,0,1,0,1,0,0,0,0,0,0,0,0,0,0,0,1,0,0,3.629496315750737,,2.1545693573770492
tt4244998,Alpha,2018,96.0,"Adventure,Drama",51000000,35808437,-0.2978737843137254,6.6,72337.0,en,"Studio 8, Columbia Pictures, The Picture Company",22.163,1,1,1,0,1,0,0,0,0,0,1,0,0,0,0,0,0,0,0,0,0,0,0,0,0,2.9500548388543875,,
tt4477536,Fifty Shades Freed,2018,105.0,"Drama,Mystery,Romance",55000000,368307760,5.696504727272727,4.6,84418.0,en,"Universal Pictures, Perfect World Pictures",93.385,1,1,1,0,0,0,0,0,0,0,1,0,0,0,0,0,0,1,0,1,0,0,0,0,0,4.776146428080602,5.887772618181818,7.734617763636363
tt4500922,Maze Runner: The Death Cure,2018,143.0,"Action,Adventure,Sci-Fi",62000000,288175335,3.647989274193548,6.3,195512.0,en,"Gotham Group, Temple Hill Entertainment, 20th Century Fox",41.488,1,1,1,1,1,0,0,0,0,0,0,0,0,0,0,0,0,0,0,0,1,0,0,0,0,2.479948445749349,6.682154634763741,5.616081243255499
tt4530422,Overlord,2018,110.0,"Action,Horror,Sci-Fi",38000000,41657844,0.0962590526315789,6.6,117452.0,en,"Bad Robot, Paramount",20.083,1,1,1,1,0,0,0,0,0,0,0,0,0,0,1,0,0,0,0,0,1,0,0,0,0,6.163946354721535,,1.8676084441595444
tt4532826,Robin Hood,2018,116.0,"Action,Adventure,Drama",100000000,86493046,-0.13506954,5.4,87420.0,en,"Appian Way, Safehouse Pictures, Summit Entertainment, Thunder Road, TIK Films, EMG Management, Lionsgate",23.422,1,1,1,1,1,0,0,0,0,0,1,0,0,0,0,0,0,0,0,0,0,0,0,0,0,2.7508573684547266,,
tt4537896,White Boy Rick,2018,111.0,"Crime,Drama",29000000,26000000,-0.1034482758620689,6.5,49335.0,en,"Studio 8, Protozoa Pictures, LBI Productions, Columbia Pictures",14.136,1,1,1,0,0,0,0,0,1,0,1,0,0,0,0,0,0,0,0,0,0,0,0,0,0,2.4714550495586165,-0.709090909090909,
tt4560436,Mile 22,2018,94.0,"Action,Crime,Thriller",35000000,66308758,0.8945359428571429,6.1,94527.0,en,"STX Films, Closest to the Hole Productions, Film 44, The Hideaway Entertainment, Huayi Brothers Pictures, Tang Media Productions, Leverage Entertainment",19.766,1,1,1,1,0,0,0,0,1,0,0,0,0,0,0,0,0,0,0,0,0,0,1,0,0,3.234017893062969,0.1152387378787878,
tt4575576,Christopher Robin,2018,104.0,"Adventure,Comedy,Drama",75000000,99138899,0.3218519866666666,7.2,91558.0,en,"Walt Disney Pictures, 2DUX²",15.536,1,1,1,0,1,0,0,1,0,0,1,0,0,0,0,0,0,0,0,0,0,0,0,0,0,3.3300519857373487,-0.9784351333333332,2.23340889
tt4633694,Spider-Man: Into the Spider-Verse,2018,117.0,"Action,Adventure,Animation",90000000,375464627,3.1718291888888888,8.4,811985.0,en,"Columbia Pictures, Lord Miller, Pascal Pictures, Sony Pictures Animation, Arad Productions",80.675,1,1,1,1,1,1,0,0,0,0,0,0,0,0,0,0,0,0,0,0,0,0,0,0,0,2.5696883010363725,,6.223011193333333
tt4669788,On the Basis of Sex,2018,120.0,"Biography,Drama,History",20000000,38673750,0.9336875,7.1,42672.0,en,"Robert Cort Productions, Participant, Focus Features, DreamWorks Pictures",15.688,1,0,1,0,0,0,1,0,0,0,1,0,0,1,0,0,0,0,0,0,0,0,0,0,0,2.209947287236679,,
tt4701182,Bumblebee,2018,114.0,"Action,Adventure,Sci-Fi",135000000,467989645,2.466589962962963,6.7,211288.0,en,"Paramount, Allspark Pictures, Bay Films, di Bonaventura Pictures, Tom DeSanto/Don Murphy Production",30.511,1,1,1,1,1,0,0,0,0,0,0,0,0,0,0,0,0,0,0,0,1,0,0,0,0,2.479948445749349,0.27082396666666675,0.3944373833333332
tt4701724,Early Man,2018,89.0,"Adventure,Animation,Comedy",50000000,53431158,0.06862316,6.1,25551.0,en,"Aardman, StudioCanal, Creative Skillset's Skills Investment Fund, BFI, Lionsgate, Summit Entertainment",12.29,1,1,1,0,1,1,0,1,0,0,0,0,0,0,0,0,0,0,0,0,0,0,0,0,0,3.148882918318995,,3.60690634
tt4761916,Unfriended: Dark Web,2018,92.0,"Horror,Mystery,Thriller",1000000,16024987,15.024987,6.1,43526.0,en,"Universal Pictures, Blumhouse Productions, Bazelevs Entertainment, BH Tilt",24.874,0,1,1,0,0,0,0,0,0,0,0,0,0,0,1,0,0,1,0,0,0,0,1,0,0,9.10085397642366,,
tt4779682,The Meg,2018,113.0,"Action,Adventure,Horror",150000000,530517320,2.5367821333333334,5.7,231558.0,en,"Apelles Entertainment, Gravity Pictures, di Bonaventura Pictures, Flagship Entertainment Group, Maeday Productions, Warner Bros. Pictures",101.431,1,1,1,1,1,0,0,0,0,0,0,0,0,0,1,0,0,0,0,0,0,0,0,0,0,6.0422933728507,,
tt4799066,Midnight Sun,2018,91.0,"Drama,Romance",2800000,27365467,8.773381071428572,6.6,40230.0,en,"Boies/Schiller Film Group, Wrigley Pictures, Universal Pictures",23.479,1,0,1,0,0,0,0,0,0,0,1,0,0,0,0,0,0,0,0,1,0,0,0,0,0,3.192330956006216,,
tt4827558,High Life,2018,113.0,"Drama,Sci-Fi,Thriller",8933400,2133033,-0.7612294311236484,5.7,45869.0,en,"Wild Bunch, ARTE France Cinéma, Canal+, Pandora Film, Andrew Lauren Productions, Alcatraz Films, The Apocalypse Films, Madants, Ciné+, ZDF, BFI",9.242,1,1,1,0,0,0,0,0,0,0,1,0,0,0,0,0,0,0,0,0,1,0,1,0,0,4.070215823818754,0.4078542646071189,0.4078542646071189
tt4844148,Mia and the White Lion,2018,98.0,"Adventure,Drama,Family",9600000,35487190,2.696582291666666,6.5,7191.0,fr,"M6 Films, Film Afrika, Pandora Film, Galatée Films, Outside Films, StudioCanal, Canal+, Ciné+, M6, W9, Film- und Medienstiftung NRW",18.407,1,1,1,0,1,0,0,0,0,0,1,1,0,0,0,0,0,0,0,0,0,0,0,0,0,2.527927703320824,,
tt4881806,Jurassic World: Fallen Kingdom,2018,128.0,"Action,Adventure,Sci-Fi",170000000,1310466296,6.708625270588235,6.2,386471.0,en,"Amblin Entertainment, Universal Pictures",44.365,1,1,1,1,1,0,0,0,0,0,0,0,0,0,0,0,0,0,0,0,1,0,0,0,0,2.479948445749349,0.10021658139534839,7.025545222162163
tt4912910,Mission: Impossible - Fallout,2018,147.0,"Action,Adventure,Thriller",178000000,791657398,3.447513471910112,7.7,423871.0,en,"Paramount, Bad Robot, Skydance, TC Productions",61.258,1,1,1,1,1,0,0,0,0,0,0,0,0,0,0,0,0,0,0,0,0,0,1,0,0,3.55308441926015,3.55144424,2.9268870442397006
tt4964788,Everybody Knows,2018,133.0,"Crime,Drama,Mystery",11318430,17997350,0.590092442149662,6.9,40577.0,es,"Lucky Red, Memento Films Production, Morena Films, France 3 Cinéma, RAI Cinema, Prokino Filmproduktion, Ledafilms, Untitled Films AIE, Focus Features, Memento Films International",13.35,1,1,1,0,0,0,0,0,1,0,1,0,0,0,0,0,0,1,0,0,0,0,0,0,0,4.295562490448869,,
tt4971344,The Sisters Brothers,2018,122.0,"Drama,Western",38000000,13143056,-0.6541301052631578,6.9,75865.0,en,"Why Not Productions, Mobra Films, Annapurna Pictures, Michael De Luca Productions, Top Drawer Entertainment, Page 114, France 2 Cinéma, France 3 Cinéma, UGC, KNM, Les Films du Fleuve, Focus Features, Canal+, OCS, Atresmedia, Movistar+, France Télévisions, Wallimage, Casa Kafka Pictures, Insiders MadRiver, Apaches Entertainment",13.397,1,1,1,0,0,0,0,0,0,0,1,0,0,0,0,0,0,0,0,0,0,0,0,0,1,1.8525270840581474,,-0.75
tt5001754,Braven,2018,94.0,"Action,Thriller",5000000,854319,-0.8291362,5.9,43871.0,en,"Pride of Gypsies, Tinker Productions, Hassell Free Production, Highland Film Group, Narrative Capital, Braven NL",22.061,1,0,1,1,0,0,0,0,0,0,0,0,0,0,0,0,0,0,0,0,0,0,1,0,0,4.149020637895191,,
tt5028340,Mary Poppins Returns,2018,130.0,"Adventure,Comedy,Family",130000000,348807090,1.6831314615384616,6.6,101727.0,en,"Walt Disney Pictures, Marc Platt Productions, Lucamar Productions",17.19,1,1,1,0,1,0,0,1,0,0,0,1,0,0,0,0,0,0,0,0,0,0,0,0,0,2.7116438979156783,3.25804744,
tt5052474,Sicario: Day of the Soldado,2018,122.0,"Action,Crime,Drama",35000000,75836683,1.1667623714285715,7.1,194446.0,en,"Thunder Road, Black Label Media, Columbia Pictures",38.523,1,1,1,1,0,0,0,0,1,0,1,0,0,0,0,0,0,0,0,0,0,0,0,0,0,2.431790842257546,,2.3507576606060603
tt5080556,2.0,2018,148.0,"Action,Fantasy,Sci-Fi",77000000,114629169,0.4886905064935065,6.0,30745.0,ta,Lyca Productions,8.712,1,1,1,1,0,0,0,0,0,0,0,0,1,0,0,0,0,0,0,0,1,0,0,0,0,2.4202328614915456,,
tt5083738,The Favourite,2018,119.0,"Biography,Comedy,Drama",15000000,95918706,5.3945804,7.5,260850.0,en,"Waypoint Entertainment, Element Pictures, Scarlet Films, Film4 Productions",18.954,1,1,1,0,0,0,1,1,0,0,1,0,0,0,0,0,0,0,0,0,0,0,0,0,0,3.221489470454079,2.9140482499999996,
tt5092380,A Breath Away,2018,89.0,"Action,Drama,Mystery",13749400,2842040,-0.7932971620579807,5.9,8464.0,fr,"Quad Productions, Section 9, Christal Films, Esprits Frappeurs, TF1 Films Production, TF1 Droits Audiovisuels, Atitlan, Mitico, Ten Films, Canal+, Ciné+, TF1, TMC, Téléfilm Canada, C8 Films",18.496,1,1,1,1,0,0,0,0,0,0,1,0,0,0,0,0,0,1,0,0,0,0,0,0,0,4.611712498534495,,
tt5095030,Ant-Man and the Wasp,2018,118.0,"Action,Adventure,Comedy",140000000,622674139,3.4476724214285714,7.0,504332.0,en,Marvel Studios,34.801,1,1,1,1,1,0,0,1,0,0,0,0,0,0,0,0,0,0,0,0,0,0,0,0,0,2.934573563049581,2.994707423076924,5.317803581766383
tt5104604,Isle of Dogs,2018,101.0,"Adventure,Animation,Comedy",62770198,64337744,0.0249727745004086,7.8,214015.0,en,"Studio Babelsberg, American Empirical Pictures, Indian Paintbrush, Scott Rudin Productions",18.059,1,1,1,0,1,1,0,1,0,0,0,0,0,0,0,0,0,0,0,0,0,0,0,0,0,3.148882918318995,4.8200106,4.8200106
tt5117670,Peter Rabbit,2018,95.0,"Adventure,Animation,Comedy",50000000,351266433,6.02532866,6.6,53970.0,en,"Columbia Pictures, Animal Logic, 2.0 Entertainment, Olive Bridge Entertainment, Screen Australia, Screen NSW, Sony Pictures Animation",16.754,1,1,1,0,1,1,0,1,0,0,0,0,0,0,0,0,0,0,0,0,0,0,0,0,0,3.148882918318995,1.0587971692307692,1.8267941024725274
tt5164214,Ocean's Eight,2018,110.0,"Comedy,Crime,Thriller",70000000,297718711,3.253124442857142,6.3,264008.0,en,"Village Roadshow Pictures, Warner Bros. Pictures, Larger Than Life Productions, Rahway Road Productions, Smoke House Pictures",30.268,1,1,1,0,0,0,0,1,1,0,0,0,0,0,0,0,0,0,0,0,0,0,1,0,0,3.813212510345592,-0.49928099999999986,-0.49928099999999986
tt5164432,"Love, Simon",2018,110.0,"Comedy,Drama,Romance",17000000,66316289,2.900958176470588,7.5,135848.0,en,"Temple Hill Entertainment, Fox 2000 Pictures, New Leaf Literary & Media, 20th Century Fox, Twisted Media",19.843,1,1,1,0,0,0,0,1,0,0,1,0,0,0,0,0,0,0,0,1,0,0,0,0,0,3.4915693971719013,,
tt5177088,The Girl in the Spider's Web,2018,115.0,"Action,Adventure,Crime",43000000,35164920,-0.1822111627906976,6.1,55907.0,en,"The Cantillon Company, Columbia Pictures, Scott Rudin Productions, Pascal Pictures, Metro-Goldwyn-Mayer, Yellow Bird, Regency Enterprises, New Regency Pictures, Sony Pictures, Studio Babelsberg, Film Service Babelsberg",15.853,1,1,1,1,1,0,0,0,1,0,0,0,0,0,0,0,0,0,0,0,0,0,0,0,0,2.039228937681332,15.06541909090909,15.06541909090909
tt5208252,Operation Finale,2018,122.0,"Biography,Drama,History",24000000,17506878,-0.27054675,6.6,54822.0,en,"Automatik Entertainment, Metro-Goldwyn-Mayer",18.86,1,0,1,0,0,0,1,0,0,0,1,0,0,1,0,0,0,0,0,0,0,0,0,0,0,2.209947287236679,,
tt5208950,Kickboxer: Retaliation,2018,110.0,"Action,Drama",13000000,4537,-0.999651,5.0,6834.0,en,"Our House Films, Head Gear Films, Metrol Technology",20.352,1,1,1,1,0,0,0,0,0,0,1,0,0,0,0,0,0,0,0,0,0,0,0,0,0,2.945680061687056,,
tt5220122,Hotel Transylvania 3: Summer Vacation,2018,97.0,"Adventure,Animation,Comedy",80000000,528600000,5.6075,6.3,101940.0,en,"Columbia Pictures, Sony Pictures Animation",35.492,1,1,1,0,1,1,0,1,0,0,0,0,0,0,0,0,0,0,0,0,0,0,0,0,0,3.148882918318995,4.915336975000001,3.2237274879999998
tt5280308,Downup the Exit 796,2018,102.0,Thriller,300000,1000000,2.333333333333333,9.3,61.0,en,Hiranyagarbha Motion pictures,0.0,0,1,0,0,0,0,0,0,0,0,0,0,0,0,0,0,0,0,0,0,0,0,1,0,0,5.9455788481349785,,
tt5325684,Hate Story IV,2018,131.0,"Crime,Drama,Thriller",2900000,3200000,0.1034482758620689,3.4,2031.0,hi,T-Series,3.69,1,1,1,0,0,0,0,0,1,0,1,0,0,0,0,0,0,0,0,0,0,0,1,0,0,3.629496315750737,1.5344827586206897,
tt5360952,The Hurricane Heist,2018,103.0,"Action,Adventure,Crime",35000000,32517248,-0.0709357714285714,5.2,23857.0,en,"Metrol Technology, Lipsync Productions, Head Gear Films, Windfall Films, DNEG, Signature Pictures, RSVP Entertainment",13.737,1,1,1,1,1,0,0,0,1,0,0,0,0,0,0,0,0,0,0,0,0,0,0,0,0,2.039228937681332,12.10646375,-0.49242535
tt5397194,Anon,2018,100.0,"Crime,Mystery,Sci-Fi",20000000,1197741,-0.94011295,6.1,52369.0,en,"K5 Film, K5 International, Scythia Films, Sierra/Affinity, Road Pictures",15.884,1,1,1,0,0,0,0,0,1,0,0,0,0,0,0,0,0,1,0,0,1,0,0,0,0,4.024653567743491,,
tt5463162,Deadpool 2,2018,119.0,"Action,Adventure,Comedy",110000000,785896609,6.144514627272727,7.6,755276.0,en,"Maximum Effort, Genre Films, 20th Century Fox",66.096,1,1,1,1,1,0,0,1,0,0,0,0,0,0,0,0,0,0,0,0,0,0,0,0,0,2.934573563049581,2.333800833333333,6.61760177586207
tt5523010,The Nutcracker and the Four Realms,2018,99.0,"Adventure,Family,Fantasy",120000000,59522646,-0.50397795,5.6,40861.0,en,"Walt Disney Pictures, The Mark Gordon Company, Entertainment One",16.937,1,1,1,0,1,0,0,0,0,0,0,1,1,0,0,0,0,0,0,0,0,0,0,0,0,2.075650214486807,5.694324363636364,
tt5580266,The Hate U Give,2018,133.0,"Crime,Drama",23000000,34934009,0.5188699565217392,7.5,44099.0,en,Temple Hill Entertainment,38.819,1,1,1,0,0,0,0,0,1,0,1,0,0,0,0,0,0,0,0,0,0,0,0,0,0,2.4714550495586165,0.853331794117647,8.319809954545455
tt5601424,Tattoo Girls,2018,104.0,Documentary,21000,101211,3.819571428571429,8.2,320.0,pl,Green Box,0.6,1,0,0,0,0,0,0,0,0,1,0,0,0,0,0,0,0,0,0,0,0,0,0,0,0,1.044187491085757,,
tt5613484,Mid90s,2018,85.0,"Comedy,Drama",258158,6897446,25.717924681784023,7.4,89495.0,en,"Waypoint Entertainment, A24, Scott Rudin Productions",13.222,0,1,1,0,0,0,0,1,0,0,1,0,0,0,0,0,0,0,0,0,0,0,0,0,0,3.81447198761099,,3.867321983684212
tt5619332,Life of the Party,2018,105.0,Comedy,30000000,61700416,1.0566805333333331,5.6,43116.0,en,"On the Day, New Line Cinema, Warner Bros. Pictures",12.127,1,1,1,0,0,0,0,1,0,0,0,0,0,0,0,0,0,0,0,0,0,0,0,0,0,4.090046279503272,2.868933334482759,2.868933334482759
tt5664636,Goosebumps 2: Haunted Halloween,2018,90.0,"Adventure,Comedy,Fantasy",35000000,93320380,1.6662965714285711,5.6,26807.0,en,"Columbia Pictures, Original Film, Scholastic Entertainment, Silvertongue Films, Sony Pictures, Sony Pictures Animation",23.627,1,1,1,0,1,0,0,1,0,0,0,0,1,0,0,0,0,0,0,0,0,0,0,0,0,2.8777744969033328,4.1210157647058825,2.016226759031199
tt5670152,Traffik,2018,96.0,"Action,Thriller",4000000,5132274,0.2830685,5.9,22697.0,en,"Hidden Empire Film Group, Lionsgate",29.851,1,1,1,1,0,0,0,0,0,0,0,0,0,0,0,0,0,0,0,0,0,0,1,0,0,4.149020637895191,9.107857777777776,9.107857777777776
tt5688932,Sorry to Bother You,2018,112.0,"Comedy,Drama,Fantasy",3200000,18200000,4.6875,6.9,95484.0,en,"Cinereach, Significant Productions, MACRO, MNM Creative, The Space Program",13.634,0,0,1,0,0,0,0,1,0,0,1,0,1,0,0,0,0,0,0,0,0,0,0,0,0,3.2703364014795464,,
tt5690360,Slender Man,2018,93.0,"Horror,Mystery,Thriller",10000000,11817275,0.1817275,3.3,43520.0,en,"Madhouse Entertainment, Mythology Entertainment, Screen Gems",17.454,1,1,1,0,0,0,0,0,0,0,0,0,0,0,1,0,0,1,0,0,0,0,1,0,0,9.10085397642366,,-0.8792102252676015
tt5690810,Ophelia,2018,106.0,"Drama,Romance,Thriller",12000000,242115,-0.97982375,6.5,15005.0,en,"Bobker / Kruger Films, Covert Media, Forthcoming Films, Bert Marcus Film",11.992,1,1,1,0,0,0,0,0,0,0,1,0,0,0,0,0,0,0,0,1,0,0,1,0,0,4.1100802533824705,,0.3654974714285715
tt5691024,Show Dogs,2018,92.0,"Adventure,Comedy,Crime",5500000,38830219,6.060039818181818,4.1,5383.0,en,"Riverstone Pictures, Open Road Films, Neddy Dean Productions",9.832,1,1,1,0,1,0,0,1,1,0,0,0,0,0,0,0,0,0,0,0,0,0,0,0,0,2.6184235549639547,,0.3987714499999999
tt5691670,Under the Silver Lake,2018,139.0,"Crime,Mystery,Thriller",8500000,2053469,-0.7584154117647058,6.5,62442.0,en,"Michael De Luca Productions, Good Fear, Stay Gold Features, Vendian Entertainment, Boo Pictures, Cool Productions, P2 Films, Salem Street Entertainment, Sprockefeller Pictures, UnLTD Productions, PASTEL",16.729,1,1,1,0,0,0,0,0,1,0,0,0,0,0,0,0,0,1,0,0,0,0,1,0,0,5.097789541254293,6.337038,6.337038
tt5726086,Insidious: The Last Key,2018,103.0,"Horror,Mystery,Thriller",10000000,167885588,15.7885588,5.7,81919.0,en,"Stage 6 Films, Blumhouse Productions, Universal Pictures, Solana Films",102.088,1,1,1,0,0,0,0,0,0,0,0,0,0,0,1,0,0,1,0,0,0,0,1,0,0,9.10085397642366,,10.298388899999999
tt5734576,The Possession of Hannah Grace,2018,86.0,"Horror,Mystery,Thriller",9500000,43016528,3.5280555789473684,5.3,29751.0,en,"Screen Gems, Broken Road Productions",19.326,1,1,1,0,0,0,0,0,0,0,0,0,0,0,1,0,0,1,0,0,0,0,1,0,0,9.10085397642366,,
tt5746054,Spy Cat,2018,92.0,"Adventure,Animation,Comedy",9000000,3882729,-0.5685856666666667,5.5,1494.0,de,"Scopas Medien, Philm CGI, Seven Pictures, Schubert International Filmproduktions, SCOPE Pictures, Lauenstein & Lauenstein, UFA Fiction, Grid Animation",8.201,1,1,1,0,1,1,0,1,0,0,0,0,0,0,0,0,0,0,0,0,0,0,0,0,0,3.148882918318995,,
tt5758778,Skyscraper,2018,102.0,"Action,Adventure,Thriller",125000000,292351275,1.3388102,5.8,146924.0,en,"Flynn Picture Company, Legendary Pictures, Seven Bucks Productions, The Third Floor",22.604,1,1,1,1,1,0,0,0,0,0,0,0,0,0,0,0,0,0,0,0,0,0,1,0,0,3.55308441926015,3.3394508599999995,3.3394508599999995
tt5795282,This Changes Everything,2018,96.0,Documentary,64988,125348,0.9287868529574692,7.7,1964.0,en,"Alba Film, Artemis Rising, Good Deed Entertainment",6.113,1,1,0,0,0,0,0,0,0,1,0,0,0,0,0,0,0,0,0,0,0,0,0,0,0,1.044187491085757,,
tt5814060,The Nun,2018,96.0,"Horror,Mystery,Thriller",22000000,365582797,15.617399863636363,5.4,198926.0,en,"New Line Cinema, Atomic Monster, The Safran Company",357.731,1,1,1,0,0,0,0,0,0,0,0,0,0,0,1,0,0,1,0,0,0,0,1,0,0,9.10085397642366,,15.943793765277777
tt5834262,Hotel Artemis,2018,94.0,"Action,Crime,Drama",15000000,12371132,-0.1752578666666666,6.1,62960.0,en,"The Ink Factory, Marc Platt Productions, Point of No Return, 127 Wall",14.171,1,1,1,1,0,0,0,0,1,0,1,0,0,0,0,0,0,0,0,0,0,0,0,0,0,2.431790842257546,,3.55144424
tt5842616,Veere Di Wedding,2018,135.0,Comedy,6800000,19700000,1.897058823529412,3.4,13812.0,hi,"Anil Kapoor Film Company, Balaji Telefilms, Saffron Broadcasters",4.872,1,1,1,0,0,0,0,1,0,0,0,0,0,0,0,0,0,0,0,0,0,0,0,0,0,4.090046279503272,,
tt5848272,Ralph Breaks the Internet,2018,112.0,"Adventure,Animation,Comedy",175000000,529323962,2.0247083542857145,7.0,208614.0,en,"Walt Disney Pictures, Walt Disney Animation Studios",49.649,1,1,1,0,1,1,0,1,0,0,0,0,0,0,0,0,0,0,0,0,0,0,0,0,0,3.148882918318995,5.825227966666667,3.434062377380952
tt5935704,Padmaavat,2018,163.0,"Drama,History,War",31000000,81673897,1.6346418387096775,7.1,41609.0,hi,"Bhansali Productions, Viacom18 Studios",11.741,1,1,1,0,0,0,0,0,0,0,1,0,0,1,0,0,0,0,0,0,0,0,0,1,0,1.8034339083871131,1.8717948717948718,1.8871794871794871
tt5970844,Thugs of Hindostan,2018,164.0,"Action,Adventure",31000000,3136000,-0.8988387096774193,4.1,23155.0,hi,"Yash Raj Films, Latina Pictures",6.59,1,1,1,1,1,0,0,0,0,0,0,0,0,0,0,0,0,0,0,0,0,0,0,0,0,2.3568372048227357,,
tt5989218,Life Itself,2018,117.0,"Comedy,Drama,Romance",10000000,7997774,-0.2002226,6.9,27389.0,en,"FilmNation Entertainment, Nostromo Pictures, Temple Hill Entertainment, 17-28 Black Production",11.824,1,1,1,0,0,0,0,1,0,0,1,0,0,0,0,0,0,0,0,1,0,0,0,0,0,3.4915693971719013,0.0835752,0.0835752
tt6017942,Kin,2018,102.0,"Action,Adventure,Crime",30000000,10023153,-0.6658949,5.8,20511.0,en,"21 Laps Entertainment, No Trace Camping, Lionsgate, Summit Entertainment, Good Universe, Endeavor Content",12.392,1,1,1,1,1,0,0,0,1,0,0,0,0,0,0,0,0,0,0,0,0,0,0,0,0,2.039228937681332,,
tt6063050,Acrimony,2018,120.0,"Drama,Horror,Romance",20000000,34764055,0.73820275,5.9,10980.0,en,Tyler Perry Studios,8.641,1,1,1,0,0,0,0,0,0,0,1,0,0,0,1,0,0,0,0,1,0,0,0,0,0,6.59928920697302,5.891574826666666,5.891574826666666
tt6073576,Path to the Dream,2018,88.0,Action,17000000,60622,-0.996434,5.5,28.0,zh,HWSD Productions,0.892,1,0,1,1,0,0,0,0,0,0,0,0,0,0,0,0,0,0,0,0,0,0,0,0,0,2.3524624276554045,,
tt6096852,Follow the Crows,2018,93.0,Thriller,3000,4000,0.3333333333333333,6.2,94.0,en,"Berrow Bay Productions, 22six Productions, Infinite 8, Rrats Kram Films",1.4,1,1,1,0,0,0,0,0,0,0,0,0,0,0,0,0,0,0,0,0,0,0,1,0,0,5.9455788481349785,,
tt6133466,The First Purge,2018,97.0,"Action,Horror,Sci-Fi",13000000,137056262,9.542789384615384,5.2,79009.0,en,"Platinum Dunes, Blumhouse Productions, Universal Pictures",43.837,1,1,1,1,0,0,0,0,0,0,0,0,0,0,1,0,0,0,0,0,1,0,0,0,0,6.163946354721535,,11.1476365
tt6155172,Roma,2018,135.0,Drama,15000000,1140769,-0.9239487333333334,7.6,179520.0,es,"Participant, Esperanto Filmoj",10.591,1,1,1,0,0,0,0,0,0,0,1,0,0,0,0,0,0,0,0,0,0,0,0,0,0,3.538897695718708,,
tt6182908,Smallfoot,2018,96.0,"Adventure,Animation,Comedy",80000000,214115531,1.6764441375,6.6,46174.0,en,"Warner Bros. Pictures Animation, Warner Bros. Pictures, Zaftig Films",13.65,1,1,1,0,1,1,0,1,0,0,0,0,0,0,0,0,0,0,0,0,0,0,0,0,0,3.148882918318995,,1.3997013254132762
tt6205872,Assassination Nation,2018,108.0,"Comedy,Horror,Thriller",7000000,2900000,-0.5857142857142857,6.0,23602.0,en,"Bron Studios, Phantom Four, Creative Wealth Media Finance, Foxtail Entertainment",12.799,1,1,1,0,0,0,0,1,0,0,0,0,0,0,1,0,0,0,0,0,0,0,1,0,0,7.81627694551496,,
tt6212478,American Animals,2018,116.0,"Biography,Crime,Drama",3000000,2847319,-0.0508936666666666,7.0,53651.0,en,"Film4 Productions, RAW, Lava Bear Films, Suburban Tallyho Productions, AI Film, Reliance Entertainment",8.686,1,1,0,0,0,0,1,0,1,0,1,0,0,0,0,0,0,0,0,0,0,0,0,0,0,2.3261448450858295,,1.192114663095238
tt6217724,Axing,2018,91.0,Drama,10000,10000,0.0,5.7,1038.0,fa,Simaye Mehr,0.6,1,1,1,0,0,0,0,0,0,0,1,0,0,0,0,0,0,0,0,0,0,0,0,0,0,3.538897695718708,,
tt6237562,Rabbit,2018,88.0,"Comedy,Drama,Fantasy",10000,10000,0.0,4.3,633.0,fa,,0.688,0,1,1,0,0,0,0,1,0,0,1,0,1,0,0,0,0,0,0,0,0,0,0,0,0,3.2703364014795464,,
tt6251024,Office Uprising,2018,92.0,"Action,Comedy,Fantasy",2500000,165623,-0.9337508,5.6,17701.0,en,"Mind the GAP Productions, Lydiard Films, Rumble Riot Pictures",8.833,1,1,1,1,0,0,0,1,0,0,0,0,1,0,0,0,0,0,0,0,0,0,0,0,0,2.8748579787917783,,
tt6257174,The Miseducation of Cameron Post,2018,91.0,"Comedy,Drama",900000,2019874,1.2443044444444444,6.6,27850.0,en,"Beachside Films, Parkville Pictures",13.326,1,1,1,0,0,0,0,1,0,0,1,0,0,0,0,0,0,0,0,0,0,0,0,0,0,3.81447198761099,,
tt6266538,Vice,2018,132.0,"Biography,Comedy,Drama",60000000,76073488,0.2678914666666667,7.2,176379.0,en,"Plan B Entertainment, Gary Sanchez Productions, Annapurna Pictures",10.687,1,1,1,0,0,0,1,1,0,0,1,0,0,0,0,0,0,0,0,0,0,0,0,0,0,3.221489470454079,3.762375214285714,2.8507896541208795
tt6306064,Adrift,2018,96.0,"Action,Adventure,Biography",35000000,59945012,0.7127146285714285,6.6,66566.0,en,"STX Films, RVK Studios, Lakeshore Entertainment, Huayi Brothers Pictures",16.709,1,1,1,1,1,0,1,0,0,0,0,0,0,0,0,0,0,0,0,0,0,0,0,0,0,2.2497329485952418,2.698683345454545,
tt6343314,Creed II,2018,130.0,"Action,Drama,Sport",50000000,214215889,3.28431778,7.1,173630.0,en,"Metro-Goldwyn-Mayer, New Line Cinema, Chartoff-Winkler Productions",45.172,1,1,1,1,0,0,0,0,0,0,1,0,0,0,0,0,0,0,0,0,0,1,0,0,0,2.5630991637123883,,4.111091807771746
tt6421110,Proud Mary,2018,89.0,"Action,Crime,Drama",14000000,21753365,0.5538117857142857,5.1,11585.0,en,Screen Gems,11.611,1,1,1,1,0,0,0,0,1,0,1,0,0,0,0,0,0,0,0,0,0,0,0,0,0,2.431790842257546,2.4292407833333334,
tt6443294,Blaze,2018,129.0,"Biography,Drama,Music",1200000,467306,-0.6105783333333333,6.6,4012.0,en,"Ansgar Media, Cinetic Media, Village Studios, Black Hangar Studios",8.62,1,1,1,0,0,0,1,0,0,0,1,0,0,0,0,1,0,0,0,0,0,0,0,0,0,7.2988470584120515,,
tt6450186,I Can Only Imagine,2018,110.0,"Biography,Drama,Family",7000000,86026201,11.289457285714288,7.3,21091.0,en,"Kevin Downes Productions, Mission Pictures International, City on a Hill Productions, Imagine Rights, LD Entertainment",19.42,1,1,1,0,0,0,1,0,0,0,1,1,0,0,0,0,0,0,0,0,0,0,0,0,0,2.419365188037553,0.642724741666667,0.642724741666667
tt6452574,Sanju,2018,155.0,"Biography,Comedy,Drama",21918618,67414985,2.075695055226566,7.6,68101.0,hi,"Rajkumar Hirani Films, Vinod Chopra Films, Vidhu Vinod Chopra Productions",8.223,1,1,1,0,0,0,1,1,0,0,1,0,0,0,0,0,0,0,0,0,0,0,0,0,0,3.221489470454079,8.23076923076923,6.365384615384615
tt6469548,The Head Hunter,2018,72.0,"Fantasy,Horror",30000,44652,0.4884,5.4,7846.0,en,"Brayne Studios, Detention Films",9.126,1,1,0,0,0,0,0,0,0,0,0,0,1,0,1,0,0,0,0,0,0,0,0,0,0,7.7976354690616425,,
tt6491178,Dragged Across Concrete,2018,159.0,"Action,Crime,Drama",15000000,660132,-0.9559912,6.9,62974.0,en,"Cinestate, Look to the Sky Films, Unified Pictures, Moot Point (Dragged) Productions, Realmbuilders Productions, Victory Square Technologies, The Fyzz, Summit Entertainment, Bloom, Endeavor Content, Ingenious Media, Lionsgate, Metrol Technology",15.605,1,1,1,1,0,0,0,0,1,0,1,0,0,0,0,0,0,0,0,0,0,0,0,0,0,2.431790842257546,,
tt6494418,Siberia,2018,104.0,"Crime,Drama,Romance",2000000,2006704,0.003352,4.3,18894.0,en,"Buffalo Gal Pictures, Summerstorm Entertainment, Company Films, Lionsgate",14.886,1,1,1,0,0,0,0,0,1,0,1,0,0,0,0,0,0,0,0,1,0,0,0,0,0,2.5962247718036524,,
tt6495770,Action Point,2018,85.0,Comedy,19000000,5059608,-0.7337048421052632,5.2,12844.0,en,"Dickhouse Productions, Paramount",10.144,1,1,1,0,0,0,0,1,0,0,0,0,0,0,0,0,0,0,0,0,0,0,0,0,0,4.090046279503272,,
tt6499752,Upgrade,2018,100.0,"Action,Sci-Fi,Thriller",5000000,16706680,2.341336,7.5,237460.0,en,"Goalpost Pictures, Automatik Entertainment, Blumhouse Productions, Nervous Tick, Film Victoria, BH Tilt",22.725,1,1,1,1,0,0,0,0,0,0,0,0,0,0,0,0,0,0,0,0,1,0,1,0,0,3.674737401130986,10.2983889,10.298388899999999
tt6513656,Escape Plan 2: Hades,2018,93.0,"Action,Crime,Mystery",20000000,17500000,-0.125,3.9,38712.0,en,"Leomus Pictures, Grindstone Entertainment Group, Lionsgate, Summit Entertainment, Highland Film Group, Plastic Fish Productions, The Fyzz, Ingenious Media, Emmett/Furla/Oasis Films (EFO Films), RPI Group Productions",29.866,1,1,1,1,0,0,0,0,1,0,0,0,0,0,0,0,0,1,0,0,0,0,0,0,0,3.9000840677611013,,
tt6543652,Cold War,2018,89.0,"Drama,Music,Romance",4954500,18754051,2.785256029871834,7.5,65933.0,pl,"Protagonist Pictures, Opus Film, MK2 Films, Film4 Productions, ARTE, BFI, CNC",10.183,1,1,1,0,0,0,0,0,0,0,1,0,0,0,0,1,0,0,0,1,0,0,0,0,0,7.568926985129875,,
tt6545212,Leera the Soulmate,2018,104.0,,56000,23000,-0.5892857142857143,4.7,2197.0,en,Kaljai Productions,0.6,0,0,1,0,0,0,0,0,0,0,0,0,0,0,0,0,0,0,0,0,0,0,0,0,0,,,
tt6559390,The Apparition,2018,144.0,"Drama,Mystery",9661157,3562793,-0.6312250178731181,6.3,2037.0,fr,"Curiosa Films, France 3 Cinéma, Gabriel Inc., Proximus, La Cinéfacture, Memento Films Production",7.172,1,1,1,0,0,0,0,0,0,0,1,0,0,0,0,0,0,1,0,0,0,0,0,0,0,5.741337533974042,,-0.5581789596278316
tt6588966,Hichki,2018,116.0,"Comedy,Drama",2000000,25629954,11.814977,7.5,15589.0,hi,Yash Raj Films,7.535,1,1,1,0,0,0,0,1,0,0,1,0,0,0,0,0,0,0,0,0,0,0,0,0,0,3.81447198761099,,
tt6628394,Bad Times at the El Royale,2018,141.0,"Crime,Drama,Mystery",32000000,31882724,-0.003664875,7.1,180413.0,en,"20th Century Fox, Goddard Textiles, TSG Entertainment",16.267,1,1,1,0,0,0,0,0,1,0,1,0,0,0,0,0,0,1,0,0,0,0,0,0,0,4.295562490448869,,4.838888888888889
tt6644200,A Quiet Place,2018,90.0,"Drama,Horror,Sci-Fi",17000000,341000000,19.058823529411764,7.5,667621.0,en,"Paramount, Platinum Dunes",38.002,1,1,1,0,0,0,0,0,0,0,1,0,0,0,1,0,0,0,0,0,1,0,0,0,0,6.559424777409304,-0.7323723684210535,
tt6663582,The Spy Who Dumped Me,2018,117.0,"Action,Adventure,Comedy",40000000,33562069,-0.160948275,6.1,87856.0,en,"Imagine Entertainment, Lionsgate, Bron Studios",19.838,1,1,1,1,1,0,0,1,0,0,0,0,0,0,0,0,0,0,0,0,0,0,0,0,0,2.934573563049581,,
tt6697582,Arif V 216,2018,125.0,"Comedy,Sci-Fi",1705235,3501037,1.0531111547675247,6.9,42014.0,tr,"Nulook Production, CMYLMZ Fikirsanat",5.573,1,1,1,0,0,0,0,1,0,0,0,0,0,0,0,0,0,0,0,0,1,0,0,0,0,3.4081086035529236,,
tt6704346,Rhino Horn,2018,86.0,"Action,Crime,Thriller",10000,100000,9.0,2.8,97.0,fa,Aftab Alamtab,0.6,1,1,1,1,0,0,0,0,1,0,0,0,0,0,0,0,0,0,0,0,0,0,1,0,0,3.234017893062969,,
tt6747224,Captain,2018,145.0,"Biography,Sport",2340000,577500,-0.7532051282051282,6.8,896.0,ml,Goodwill Entertainments,0.997,0,0,1,0,0,0,1,0,0,0,0,0,0,0,0,0,0,0,0,0,0,1,0,0,0,1.9167309019516534,,
tt6749318,Speed Kills,2018,102.0,"Action,Crime,Drama",15000000,5812,-0.9996125333333332,4.4,4410.0,en,"Pimienta, Blue Rider Pictures, JTP Films, Speed Kills Production, Hannibal Classics",9.557,0,1,1,1,0,0,0,0,1,0,1,0,0,0,0,0,0,0,0,0,0,0,0,0,0,2.431790842257546,,
tt6772950,Truth or Dare,2018,100.0,"Horror,Mystery,Thriller",3500000,95330493,26.23728371428572,5.3,75091.0,en,Blumhouse Productions,27.576,1,1,1,0,0,0,0,0,0,0,0,0,0,0,1,0,0,1,0,0,0,0,1,0,0,9.10085397642366,,3.4561920000000015
tt6774212,Aiyaary,2018,157.0,"Crime,Drama,Thriller",9150000,41000000,3.480874316939891,5.3,5604.0,hi,"Friday Filmworks, Motion Picture Capital, Reliance Entertainment, Plan C Studios",4.474,1,1,1,0,0,0,0,0,1,0,1,0,0,0,0,0,0,0,0,0,0,0,1,0,0,3.629496315750737,,
tt6774420,Queen,2018,157.0,"Comedy,Crime,Mystery",562000,1334800,1.3750889679715304,6.8,1633.0,ml,Arabian Dreams Entertainment,2.072,0,0,1,0,0,0,0,1,1,0,0,0,0,0,0,0,0,1,0,0,0,0,0,0,0,4.479278685043724,,
tt6781982,Night School,2018,111.0,Comedy,29000000,33157615,0.1433660344827586,5.6,49659.0,en,"HartBeat Productions, Will Packer Productions, Perfect World Pictures, Universal Pictures",29.771,1,1,1,0,0,0,0,1,0,0,0,0,0,0,0,0,0,0,0,0,0,0,0,0,0,4.090046279503272,4.069872880263158,1.383838383838384
tt6791096,I Feel Pretty,2018,110.0,"Comedy,Romance",32000000,94539426,1.9543570625,5.7,61107.0,en,"Wonderland Sound and Vision, Voltage Pictures, Universal Pictures, STX Films, Huayi Brothers Pictures",26.655,1,1,1,0,0,0,0,1,0,0,0,0,0,0,0,0,0,0,0,1,0,0,0,0,0,3.467905247898498,,1.9564082368421045
tt6793580,Champions,2018,124.0,"Comedy,Drama,Family",4920975,20121318,3.0888884824653653,7.2,13149.0,es,"Películas Pendelton, Morena Films, Movistar+, Realizaciones Sol S.A., TVE",15.339,1,1,1,0,0,0,0,1,0,0,1,1,0,0,0,0,0,0,0,0,0,0,0,0,0,3.104205802491892,,
tt6802308,The 15:17 to Paris,2018,94.0,"Biography,Drama,Thriller",30000000,57076286,0.9025428666666668,5.3,38178.0,en,"Warner Bros. Pictures, Malpaso Productions, Village Roadshow Pictures, Dune Entertainment",16.183,1,1,0,0,0,0,1,0,0,0,1,0,0,0,0,0,0,0,0,0,0,0,1,0,0,3.840000326664647,3.9732947996031744,
tt6818140,"Help, I Shrunk My Parents",2018,93.0,"Action,Adventure,Comedy",7000000,8351526,0.1930751428571428,5.0,521.0,de,"Blue Eyes Fiction, Karibufilm, Mini Film, ARRI Media",5.315,1,1,1,1,1,0,0,1,0,0,0,0,0,0,0,0,0,0,0,0,0,0,0,0,0,2.934573563049581,,0.2172881428571428
tt6820256,Arctic,2018,98.0,"Adventure,Drama",2000000,4100000,1.05,6.8,63970.0,en,"Armory Films, Pegasus Pictures, Union Entertainment Group, The Domain Group, XYZ Films",11.468,1,1,1,0,1,0,0,0,0,0,1,0,0,0,0,0,0,0,0,0,0,0,0,0,0,2.9500548388543875,,
tt6850820,Peppermint,2018,101.0,"Action,Adventure,Drama",25000000,53918723,1.15674892,6.5,76542.0,en,"STX Films, Lakeshore Entertainment, Huayi Brothers Pictures, Universal Pictures",19.181,1,1,1,1,1,0,0,0,0,0,1,0,0,0,0,0,0,0,0,0,0,0,0,0,0,2.7508573684547266,-0.6588927,2.4292407833333334
tt6857166,Book Club,2018,104.0,"Comedy,Drama,Romance",10000000,78720293,6.8720293,6.1,35174.0,en,"June Pictures, Apartment Story",14.475,0,1,1,0,0,0,0,1,0,0,1,0,0,0,0,0,0,0,0,1,0,0,0,0,0,3.4915693971719013,,3.6826592499999995
tt6864046,Shadow,2018,116.0,"Action,Adventure,Fantasy",44005000,91708374,1.0840444040449948,7.0,20054.0,zh,"Village Roadshow Pictures Asia, LeVision Pictures, Bona Film Group",14.874,1,1,1,1,1,0,0,0,0,0,0,0,1,0,0,0,0,0,0,0,0,0,0,0,0,2.29857987962071,1.2130473666666668,
tt6878882,Operation Red Sea,2018,138.0,"Action,Drama,Thriller",70000000,579220560,7.274579428571428,6.6,8722.0,zh,"Bona Film Group, The P.L.A Navy Government TV Art Central of China, Star Dream Studio Media, Emperor Film Production, Film Fireworks Production, ZAK Film Productions",19.637,1,1,1,1,0,0,0,0,0,0,1,0,0,0,0,0,0,0,0,0,0,0,1,0,0,3.945646323836364,4.728476821192054,4.728476821192054
tt6910612,Saranno famosi?,2018,90.0,Comedy,3000,10000,2.333333333333333,,,it,"Comune di Firenze, Comune di Pontassieve, Comune di Rufina, Comune di Pelago, 51% Danza, BESAME",0.704,0,1,1,0,0,0,0,1,0,0,0,0,0,0,0,0,0,0,0,0,0,0,0,0,0,4.090046279503272,,
tt6911608,Mamma Mia! Here We Go Again,2018,114.0,"Comedy,Musical,Romance",75000000,395044706,4.267262746666667,6.6,122732.0,en,"Littlestar, Playtone",25.164,1,1,1,0,0,0,0,1,0,0,0,0,0,0,0,0,1,0,0,1,0,0,0,0,0,2.850483303235356,,7.597826600000001
tt6921996,Johnny English Strikes Again,2018,89.0,"Action,Adventure,Comedy",25000000,158972499,5.35889996,6.2,91706.0,en,Working Title Films,21.362,1,1,1,1,1,0,0,1,0,0,0,0,0,0,0,0,0,0,0,0,0,0,0,0,0,2.934573563049581,,
tt6929642,Kaala,2018,162.0,"Action,Crime,Drama",20000000,22000000,0.1,6.5,11675.0,ta,Wunderbar Films,4.391,1,1,1,1,0,0,0,0,1,0,1,0,0,0,0,0,0,0,0,0,0,0,0,0,0,2.431790842257546,2.9572192513368982,2.9572192513368982
tt6931414,The Great Battle,2018,136.0,"Action,Drama,History",13305000,41509280,2.119825629462608,7.0,6944.0,ko,"Soojak Film, Next Entertainment World, Studio & New",14.975,1,1,1,1,0,0,0,0,0,0,1,0,0,1,0,0,0,0,0,0,0,0,0,0,0,2.3155932844083957,,
tt6964554,Buy Me,2018,107.0,Drama,2000000,409913,-0.7950435,5.3,763.0,ru,"LOOKFILM STUDIO, Art Pictures Studio",6.466,1,1,1,0,0,0,0,0,0,0,1,0,0,0,0,0,0,0,0,0,0,0,0,0,0,3.538897695718708,,
tt6966692,Green Book,2018,130.0,"Biography,Comedy,Drama",23000000,319700000,12.9,8.2,700676.0,en,"Participant, DreamWorks Pictures, Cinetic Media",34.768,1,1,1,0,0,0,1,1,0,0,1,0,0,0,0,0,0,0,0,0,0,0,0,0,0,3.221489470454079,3.245925250000001,3.245925250000001
tt6981702,Empowered,2018,87.0,Comedy,3900000,4200000,0.0769230769230769,5.7,2793.0,es,"Atresmedia, Bowfinger, Mogambo Films, Movistar+, Sin Filtro la Película, Tornasol Films",4.914,1,1,1,0,0,0,0,1,0,0,0,0,0,0,0,0,0,0,0,0,0,0,0,0,0,4.090046279503272,0.2588236512148856,1.5366736
tt6998518,Mandy,2018,121.0,"Action,Fantasy,Horror",6000000,1214525,-0.7975791666666666,6.5,99506.0,en,"SpectreVision, XYZ Films, uMedia, Legion M, Piccadilly Pictures, Wallimage",15.291,1,1,1,1,0,0,0,0,0,0,0,0,1,0,1,0,0,0,0,0,0,0,0,0,0,5.982577788592896,,
tt7014006,Eighth Grade,2018,93.0,"Comedy,Drama",2000000,13539709,5.7698545,7.3,87383.0,en,"A24, Scott Rudin Productions",12.095,1,1,1,0,0,0,0,1,0,0,1,0,0,0,0,0,0,0,0,0,0,0,0,0,0,3.81447198761099,,
tt7026672,Every Day,2018,97.0,"Drama,Fantasy,Romance",4900000,10421847,1.126907551020408,6.5,25970.0,en,"FilmWave, Likely Story, Silver Reel",9.493,1,1,1,0,0,0,0,0,0,0,1,0,1,0,0,0,0,0,0,1,0,0,0,0,0,2.8555757137430304,,
tt7040874,A Simple Favor,2018,117.0,"Comedy,Crime,Mystery",20000000,97644617,3.88223085,6.7,191672.0,en,"Feigco Entertainment, Bron Studios",15.712,1,1,1,0,0,0,0,1,1,0,0,0,0,0,0,0,0,1,0,0,0,0,0,0,0,4.479278685043724,1.6084681421474358,3.486394526315789
tt7064498,Return of the Hero,2018,90.0,"Comedy,History",10800000,7362730,-0.3182657407407407,6.5,5005.0,fr,"JD Prod, Les Films sur Mesure, France 3 Cinéma, Nexus Factory, GV Prod, Canal+, Ciné+, La Banque Postale Image 11, uFund, France Télévisions, uMedia",8.264,1,1,1,0,0,0,0,1,0,0,0,0,0,1,0,0,0,0,0,0,0,0,0,0,0,2.5727330046771733,,
tt7074886,The Front Runner,2018,113.0,"Biography,Drama,History",25000000,3242235,-0.8703106,6.1,15131.0,en,"Bron Studios, Right of Way Films, Creative Wealth Media Finance, Stage 6 Films, Columbia Pictures",12.654,1,1,1,0,0,0,1,0,0,0,1,0,0,1,0,0,0,0,0,0,0,0,0,0,0,2.209947287236679,,
tt7095482,The Candidate,2018,132.0,"Drama,Mystery,Thriller",4552700,1932261,-0.5755791069035957,7.1,10407.0,es,"Atresmedia, Le Pacte, Movistar+, Tornasol Films, Trianera Producciones Cinematográficas, A.I.E, Bowfinger, Film Stock Investment, Mondex & cie, Latido Films",7.341,1,1,1,0,0,0,0,0,0,0,1,0,0,0,0,0,0,1,0,0,0,0,1,0,0,5.8094179720276875,-0.6003540000000002,-0.6003540000000002
tt7098658,Raazi,2018,138.0,"Action,Drama,Thriller",4500000,23800000,4.288888888888889,7.7,37717.0,hi,"Dharma Productions, Junglee Pictures",6.536,1,1,1,1,0,0,0,0,0,0,1,0,0,0,0,0,0,0,0,0,0,0,1,0,0,3.945646323836364,,
tt7125860,If Beale Street Could Talk,2018,119.0,"Drama,Romance",12000000,20572691,0.7143909166666667,7.1,55413.0,en,"Annapurna Pictures, Plan B Entertainment, PASTEL, Stage 6 Films",10.354,1,1,1,0,0,0,0,0,0,0,1,0,0,0,0,0,0,0,0,1,0,0,0,0,0,3.192330956006216,15.26167175,10.692795375
tt7136896,Aladdin 2,2018,98.0,"Comedy,Fantasy",18900000,25498160,0.3491089947089947,3.9,1533.0,fr,Pathé,7.287,1,1,1,0,0,0,0,1,0,0,0,0,1,0,0,0,0,0,0,0,0,0,0,0,0,3.1360557543599654,,
tt7137846,Breaking In,2018,88.0,"Action,Thriller",6000000,49078000,7.179666666666667,5.5,18325.0,en,"Will Packer Productions, Breaking In Pictures",13.163,1,1,1,1,0,0,0,0,0,0,0,0,0,0,0,0,0,0,0,0,0,0,1,0,0,4.149020637895191,,3.4561919999999997
tt7153766,Unsane,2018,98.0,"Drama,Horror,Mystery",1500000,14293601,8.529067333333334,6.4,54464.0,en,"Regency Enterprises, Extension 765, New Regency Pictures, Fingerprint Releasing",14.282,1,1,1,0,0,0,0,0,0,0,1,0,0,0,1,0,0,1,0,0,0,0,0,0,0,8.298626925618237,0.670813965517242,
tt7158430,Hearts Beat Loud,2018,97.0,"Comedy,Drama,Music",2000000,2115765,0.0578825,6.9,12523.0,en,"Burn Later Productions, Houston King Productions, Park Pictures Features, Stage 6 Films",7.981,1,1,1,0,0,0,0,1,0,0,1,0,0,0,0,1,0,0,0,0,0,0,0,0,0,7.983687672866391,6.449681,6.449681
tt7187860,Il vegetale,2018,90.0,"Comedy,Family",8166084,8475827,0.0379304205051037,5.0,547.0,it,"The Walt Disney Company Italia, 3Zero2Tv",4.279,1,1,1,0,0,0,0,1,0,0,0,1,0,0,0,0,0,0,0,0,0,0,0,0,0,2.886859855878484,5.779060330056813,5.779060330056813
tt7204348,El Angel,2018,118.0,"Biography,Crime,Drama",3000000,10452324,2.484108,6.9,12469.0,es,"El Deseo, K & S Films, INCAA, Underground Producciones, Telefe, TVE",8.898,1,1,1,0,0,0,1,0,1,0,1,0,0,0,0,0,0,0,0,0,0,0,0,0,0,2.3261448450858295,,
tt7218518,Pad Man,2018,140.0,"Comedy,Drama",10000000,23000000,1.3,7.8,33024.0,hi,"KriArj Entertainment, Hari Om Entertainment, Columbia Pictures, Sony Pictures Films India",7.935,1,1,1,0,0,0,0,1,0,0,1,0,0,0,0,0,0,0,0,0,0,0,0,0,0,3.81447198761099,4.16,4.16
tt7238392,Taxi 5,2018,102.0,"Action,Comedy,Crime",24625000,38600000,0.5675126903553299,4.6,12406.0,fr,"ARP Sélection, EuropaCorp",12.968,1,1,1,1,0,0,0,1,1,0,0,0,0,0,0,0,0,0,0,0,0,0,0,0,0,2.6155070368524007,,2.847283992251963
tt7282468,Burning,2018,148.0,"Crime,Drama,Mystery",7280000,6591038,-0.0946376373626373,7.4,87096.0,ko,"Pinehouse Film, NOWFILM, NHK, Finecut, CGV Arthouse, Union Investment Partners, Michigan Venture Capital, Timewise Investment, kth, Busan Film Commission, Seoul Film Commission",15.465,1,1,1,0,0,0,0,0,1,0,1,0,0,0,0,0,0,1,0,0,0,0,0,0,0,4.295562490448869,,
tt7294844,Sasha Was Here,2018,95.0,Drama,226885,131500,-0.420411221543954,7.0,428.0,lt,Dansu Productions,0.906,1,1,1,0,0,0,0,0,0,0,1,0,0,0,0,0,0,0,0,0,0,0,0,0,0,3.538897695718708,,
tt7329858,Pari,2018,136.0,"Fantasy,Horror,Mystery",2600000,6000000,1.3076923076923077,6.6,8099.0,hi,"Clean Slate Films, KriArj Entertainment, KriArj Entertainment, KYTA Productions",3.145,1,1,1,0,0,0,0,0,0,0,0,0,1,0,1,0,0,1,0,0,0,0,0,0,0,7.8463494367842195,,0.2297297297297296
tt7334528,Uncle Drew,2018,103.0,"Comedy,Drama,Sport",19000000,17665000,-0.0702631578947368,5.8,17254.0,en,"Lionsgate, Summit Entertainment",15.392,1,1,1,0,0,0,0,1,0,0,1,0,0,0,0,0,0,0,0,0,0,1,0,0,0,3.142293780995011,,0.828125
tt7349662,BlacKkKlansman,2018,135.0,"Biography,Comedy,Crime",15000000,93411426,5.2274284,7.5,317080.0,en,"Legendary Pictures, Perfect World Pictures, Monkeypaw Productions, Blumhouse Productions, QC Entertainment, 40 Acres and a Mule Filmworks",16.735,1,1,1,0,0,0,1,1,1,0,0,0,0,0,0,0,0,0,0,0,0,0,0,0,0,2.509861039680684,,
tt7365604,Dog Days,2018,113.0,"Comedy,Drama,Romance",10000000,6842356,-0.3157644,6.3,6006.0,en,LD Entertainment,14.837,1,1,1,0,0,0,0,1,0,0,1,0,0,0,0,0,0,0,0,1,0,0,0,0,0,3.4915693971719013,,
tt7388562,"Paul, Apostle of Christ",2018,108.0,"Adventure,Biography,Drama",5000000,22525668,3.5051336,6.7,11636.0,en,"Outside Da Box, Affirm Films, ODB Films",26.813,1,1,1,0,1,0,1,0,0,0,1,0,0,0,0,0,0,0,0,0,0,0,0,0,0,2.64521137128301,,
tt7401588,Instant Family,2018,118.0,"Comedy,Drama",48000000,120989656,1.5206178333333331,7.3,137297.0,en,"Closest to the Hole Productions, Leverage Entertainment, Paramount",21.868,1,1,1,0,0,0,0,1,0,0,1,0,0,0,0,0,0,0,0,0,0,0,0,0,0,3.81447198761099,2.345628329137336,2.570702559353002
tt7424200,Teen Titans GO! To the Movies,2018,84.0,"Action,Adventure,Animation",10000000,28646544,1.8646544,6.7,24176.0,en,"Warner Bros. Animation, DC Entertainment",19.174,1,1,1,1,1,1,0,0,0,0,0,0,0,0,0,0,0,0,0,0,0,0,0,0,0,2.5696883010363725,,1.1930899566666664
tt7448180,The Debt Collector,2018,95.0,"Action,Comedy",3000000,28645,-0.9904516666666666,5.9,10055.0,en,"Tarzana Productions, Cohesive Entertainment Group, Compound B",13.861,1,1,1,1,0,0,0,1,0,0,0,0,0,0,0,0,0,0,0,0,0,0,0,0,0,3.2212543535793383,,
tt7465992,Mahanati,2018,177.0,"Biography,Drama",4346100,11589600,1.6666666666666667,8.4,16769.0,te,"Swapna Cinema, Vyjayanthi Movies",4.764,1,1,1,0,0,0,1,0,0,0,1,0,0,0,0,0,0,0,0,0,0,0,0,0,0,2.7872110659294815,,1.0000000000000002
tt7468616,The Boat,2018,88.0,"Mystery,Thriller",5000000,98559,-0.9802882,5.7,5612.0,en,"Latina Pictures, Hurricane Films",8.744,1,1,1,0,0,0,0,0,0,0,0,0,0,0,0,0,0,1,0,0,0,0,1,0,0,6.944678110182176,,
tt7515456,Mission of Honor,2018,107.0,"Action,Drama,War",10000000,2137751,-0.7862249,5.9,5880.0,pl,"Head Gear Films, Metrol Technology, Prospect 3, Stray Dog Films",10.682,1,1,1,1,0,0,0,0,0,0,1,0,0,0,0,0,0,0,0,0,0,0,0,1,0,2.23578147432189,,
tt7520532,The Perfect Ones,2018,97.0,"Drama,Mystery,Thriller",1504710,1671700,0.110978195133946,5.5,442.0,ru,"Cinetrain, Mars Media Entertainment, Cinema Fund",3.107,1,1,1,0,0,0,0,0,0,0,1,0,0,0,0,0,0,1,0,0,0,0,1,0,0,5.8094179720276875,,
tt7545524,Ben Is Back,2018,103.0,Drama,13000000,12616995,-0.029461923076923,6.7,25720.0,en,"Black Bear Pictures, Color Force, 30WEST, Sierra/Affinity",9.226,1,1,1,0,0,0,0,0,0,0,1,0,0,0,0,0,0,0,0,0,0,0,0,0,0,3.538897695718708,,
tt7618184,Mulk,2018,140.0,Drama,2721526,4080000,0.4991589277486233,7.2,22625.0,hi,"Soham Rockstar Entertainment, Benaras Mediaworks",3.669,1,1,1,0,0,0,0,0,0,0,1,0,0,0,0,0,0,0,0,0,0,0,0,0,0,3.538897695718708,,
tt7668870,Searching,2018,102.0,"Drama,Mystery,Thriller",1000000,75462037,74.462037,7.6,194536.0,en,"Stage 6 Films, Screen Gems, Bazelevs Entertainment",15.725,1,1,1,0,0,0,0,0,0,0,1,0,0,0,0,0,0,1,0,0,0,0,1,0,0,5.8094179720276875,,
tt7690670,SuperFly,2018,116.0,"Action,Crime,Thriller",16000000,20545116,0.28406975,5.3,8136.0,en,"Columbia Pictures, Silver Pictures, Sony Pictures",18.797,1,1,1,1,0,0,0,0,1,0,0,0,0,0,0,0,0,0,0,0,0,0,1,0,0,3.234017893062969,,
tt7715988,Cake,2018,125.0,"Drama,Mystery,Romance",350000,850000,1.4285714285714286,7.6,1269.0,ur,"Indus Takies, ZAB Films",1.009,1,1,1,0,0,0,0,0,0,0,1,0,0,0,0,0,0,1,0,1,0,0,0,0,0,4.776146428080602,,
tt7720922,Batti Gul Meter Chalu,2018,161.0,Drama,7100000,9600000,0.352112676056338,5.9,6596.0,hi,"Krti Pictures, T-Series, Abundantia Entertainment, Friday Filmworks, Plan C Studios, Viiking Media & Entertainment",3.7,1,1,1,0,0,0,0,0,0,0,1,0,0,0,0,0,0,0,0,0,0,0,0,0,0,3.538897695718708,2.72972972972973,2.920774584859674
tt7725596,Badhaai Ho,2018,124.0,"Comedy,Drama",4000000,39000000,8.75,7.9,41139.0,hi,"Junglee Pictures, Chrome Pictures",4.889,1,1,1,0,0,0,0,1,0,0,1,0,0,0,0,0,0,0,0,0,0,0,0,0,0,3.81447198761099,0.39285714285714235,0.39285714285714235
tt7745068,My Hero Academia: Two Heroes,2018,96.0,"Action,Adventure,Animation",12000000,31478826,1.6232355,7.3,16081.0,ja,"BONES, Yomiuri Telecasting Corporation, Shueisha, Nippon Television Network Corporation, dentsu, Sony Music Entertainment (Japan), movic, TOHO, TOHO MUSIC",26.832,1,1,1,1,1,1,0,0,0,0,0,0,0,0,0,0,0,0,0,0,0,0,0,0,0,2.5696883010363725,,
tt7784604,Hereditary,2018,127.0,"Drama,Horror,Mystery",10000000,82530552,7.2530552,7.3,467394.0,en,PalmStar Media,38.531,1,1,1,0,0,0,0,0,0,0,1,0,0,0,1,0,0,1,0,0,0,0,0,0,0,8.298626925618237,,
tt7816386,Jawani Phir Nahi Ani 2,2018,165.0,Comedy,486235,78655,-0.8382366551153249,7.2,1887.0,ur,"Salman Iqbal Films, Six Sigma Plus Productions, ARY Films",1.934,1,0,1,0,0,0,0,1,0,0,0,0,0,0,0,0,0,0,0,0,0,0,0,0,0,4.090046279503272,1.9454081632653062,
tt7832124,Müslüm,2018,136.0,"Biography,Drama,Music",4400000,14701918,2.341345,7.6,21939.0,tr,Dijital Sanatlar,5.666,1,1,1,0,0,0,1,0,0,0,1,0,0,0,0,1,0,0,0,0,0,0,0,0,0,7.2988470584120515,,
tt7844166,The Scythian,2018,105.0,"Action,Drama,Fantasy",2500000,1053002,-0.5787992,6.2,3010.0,ru,CTB Film Company,10.243,1,1,1,1,0,0,0,0,0,0,1,0,1,0,0,0,0,0,0,0,0,0,0,0,0,2.691141784196924,,
tt7878846,The Awakener,2018,108.0,"Action,Crime,Drama",3500000,2000000,-0.4285714285714285,6.2,1641.0,pt,"Downtown Filmes, Paris Entretenimento, Universo Guará",7.916,1,1,1,1,0,0,0,0,1,0,1,0,0,0,0,0,0,0,0,0,0,0,0,0,0,2.431790842257546,,0.9333333333333332
tt7897348,Lottery,2018,107.0,"Drama,Romance,Thriller",10000,10000,0.0,5.6,3915.0,fa,Simaye Mehr,1.4,1,1,1,0,0,0,0,0,0,0,1,0,0,0,0,0,0,0,0,1,0,0,1,0,0,4.1100802533824705,,
tt7897432,Istanbul Junction,2018,99.0,"Action,Drama,Thriller",10000,10000,0.0,5.5,1164.0,fa,,0.873,1,1,1,1,0,0,0,0,0,0,1,0,0,0,0,0,0,0,0,0,0,0,1,0,0,3.945646323836364,,
tt7901384,Don't Be Embarassed,2018,90.0,"Comedy,Drama",10000,10000,0.0,5.3,1082.0,fa,Hedayat Film,0.79,0,1,1,0,0,0,0,1,0,0,1,0,0,0,0,0,0,0,0,0,0,0,0,0,0,3.81447198761099,,
tt7901408,Confiscation,2018,97.0,"Comedy,Drama",10000,10000,0.0,4.8,2274.0,fa,Nikan film,0.841,1,0,1,0,0,0,0,1,0,0,1,0,0,0,0,0,0,0,0,0,0,0,0,0,0,3.81447198761099,,
tt7901572,Gloomy Celebration,2018,97.0,"Drama,Romance",10000,100000,9.0,4.9,208.0,fa,,0.888,1,1,1,0,0,0,0,0,0,0,1,0,0,0,0,0,0,0,0,1,0,0,0,0,0,3.192330956006216,,
tt7919680,Karwaan,2018,114.0,"Adventure,Comedy,Drama",3038109,3489863,0.1486957841209779,7.6,20828.0,hi,RSVP Movies,4.073,1,1,1,0,1,0,0,1,0,0,1,0,0,0,0,0,0,0,0,0,0,0,0,0,0,3.3300519857373487,,1.1357366232450732
tt7946422,Prospect,2018,100.0,"Adventure,Drama,Sci-Fi",4000000,22777,-0.99430575,6.3,41167.0,en,"Depth of Field, Bron Studios, Ground Control Entertainment, Shep Films, Breaker, Film4 Productions, DUST",24.655,1,1,1,0,1,0,0,0,0,0,1,0,0,0,0,0,0,0,0,0,1,0,0,0,0,2.8754268684371165,,
tt7959026,The Mule,2018,116.0,"Crime,Drama,Thriller",50000000,174804407,2.49608814,7.0,170447.0,en,"Imperative Entertainment, Bron Studios, Malpaso Productions, Warner Bros. Pictures, Creative Wealth Media Finance",16.833,1,1,1,0,0,0,0,0,1,0,1,0,0,0,0,0,0,0,0,0,0,0,1,0,0,3.629496315750737,3.9732947996031744,0.6743877600000001
tt7961060,Dragon Ball Super: Broly,2018,100.0,"Action,Adventure,Animation",1000000,125002821,124.002821,7.7,37874.0,ja,"Toei Animation, Shueisha, Fuji Television Network, Toei Company, Bird Studios, 20th Century Fox Japan, YOMIKO Advertising, Bandai Namco Group, avex pictures, RISINGPRODUCTION",14.988,1,1,1,1,1,1,0,0,0,0,0,0,0,0,0,0,0,0,0,0,0,0,0,0,0,2.5696883010363725,,11.353638000000004
tt7967954,Rise of the Legend,2018,133.0,"Biography,Drama,Sport",1360000,1080000,-0.2058823529411764,6.9,404.0,ms,"CB Pictures, Mahu Pictures",1.962,1,1,0,0,0,0,1,0,0,0,1,0,0,0,0,0,0,0,0,0,0,1,0,0,0,2.4574531665406716,,
tt7994188,Asche Abar Shabor,2018,128.0,"Crime,Thriller",296770,1632236,4.500003369612831,6.4,825.0,bn,SVF Entertainment,2.547,1,1,1,0,0,0,0,0,1,0,0,0,0,0,0,0,0,0,0,0,0,0,1,0,0,3.674795625766752,,
tt8032912,Parwaaz Hai Junoon,2018,130.0,"Action,Romance,War",858369,3087982,2.597499443712436,7.5,1821.0,ur,Momina Duraid Productions,2.665,1,1,1,1,0,0,0,0,0,0,0,0,0,0,0,0,0,0,0,1,0,0,0,1,0,2.0047369811802285,,
tt8037610,Gulabjaam,2018,120.0,"Comedy,Drama",255000,635082,1.4905176470588235,8.1,615.0,mr,Zee Studios,0.824,1,0,1,0,0,0,0,1,0,0,1,0,0,0,0,0,0,0,0,0,0,0,0,0,0,3.81447198761099,,
tt8043306,Teefa In Trouble,2018,155.0,"Action,Comedy,Crime",1500000,3062477,1.0416513333333333,7.0,4347.0,ur,"Lightingale Productions, Mandviwalla Entertainment, Geo Films, Yash Raj Films",2.524,0,0,1,1,0,0,0,1,1,0,0,0,0,0,0,0,0,0,0,0,0,0,0,0,0,2.6155070368524007,,
tt8047208,Taxiwala,2018,137.0,"Comedy,Horror,Thriller",1000000,100000000,99.0,6.8,4966.0,te,"UV Creations, GA2 Pictures",3.406,1,1,1,0,0,0,0,1,0,0,0,0,0,0,1,0,0,0,0,0,0,0,1,0,0,7.81627694551496,,
tt8072400,Hello Guru Prema Kosame,2018,140.0,"Comedy,Romance",2123894,5479646,1.5799997551666891,7.1,3897.0,te,Sri Venkateswara Creations,5.04,1,1,1,0,0,0,0,1,0,0,0,0,0,0,0,0,0,0,0,1,0,0,0,0,0,3.467905247898498,,
tt8097306,Nobody's Fool,2018,110.0,"Comedy,Drama,Romance",19000000,29152618,0.5343483157894737,5.0,8653.0,en,"Paramount Players, BET Films, Tyler Perry Studios",19.26,1,1,1,0,0,0,0,1,0,0,1,0,0,0,0,0,0,0,0,1,0,0,0,0,0,3.4915693971719013,5.891574826666666,5.891574826666666
tt8106708,Katyusha,2018,100.0,"Comedy,Drama",10000,100000,9.0,4.2,621.0,fa,,1.149,1,1,1,0,0,0,0,1,0,0,1,0,0,0,0,0,0,0,0,0,0,0,0,0,0,3.81447198761099,0.0,
tt8108198,Andhadhun,2018,139.0,"Comedy,Crime,Mystery",4500000,40000000,7.888888888888889,8.2,117855.0,hi,"Viacom18 Studios, Matchbox Pictures",13.058,1,1,1,0,0,0,0,1,1,0,0,0,0,0,0,0,0,1,0,0,0,0,0,0,0,4.479278685043724,2.102702702702702,2.102702702702702
tt8110290,Priyapettavar,2018,125.0,Drama,420000,69000,-0.8357142857142857,3.4,44.0,ml,Bharatha Kshethra,0.6,0,0,0,0,0,0,0,0,0,0,1,0,0,0,0,0,0,0,0,0,0,0,0,0,0,3.538897695718708,,
tt8116428,Along With the Gods: The Last 49 Days,2018,142.0,"Action,Adventure,Drama",18300000,112790210,5.1633994535519125,7.1,10877.0,ko,"Lotte Entertainment, Dexter Studios, Realies Pictures, Union Investment Partners, Korean Film Council, Art Service, Alpha Pictures",23.985,1,1,1,1,1,0,0,0,0,0,1,0,0,0,0,0,0,0,0,0,0,0,0,0,0,2.7508573684547266,5.884370054644808,5.884370054644808
tt8119680,Dark Figure of Crime,2018,110.0,"Crime,Drama,Thriller",7120949,29433930,3.133428002363168,6.7,2861.0,ko,"Film 295, Blossom Pictures, Showbox",9.354,1,1,1,0,0,0,0,0,1,0,1,0,0,0,0,0,0,0,0,0,0,0,1,0,0,3.629496315750737,,
tt8166164,Vespiary,2018,89.0,Comedy,10000,10000,0.0,4.5,817.0,fa,khane film,1.242,1,0,1,0,0,0,0,1,0,0,0,0,0,0,0,0,0,0,0,0,0,0,0,0,0,4.090046279503272,,
tt8267604,Capernaum,2018,126.0,Drama,4000000,64978931,15.24473275,8.4,126419.0,ar,"Boo Pictures, Mooz Films, Cedrus Invest Bank, Clandestino Filmes, DFI, KNM Films, Les Films des Tournelles, Louverture Films, Open City Films, Sunnyland Film, The Bridge Production",17.635,1,1,0,0,0,0,0,0,0,0,1,0,0,0,0,0,0,0,0,0,0,0,0,0,0,3.538897695718708,,
tt8286772,La jaula,2018,,Thriller,105497,2263,-0.978549153056485,5.5,31.0,ca,"Nova Televisió, IB3",0.6,1,1,1,0,0,0,0,0,0,0,0,0,0,0,0,0,0,0,0,0,0,0,1,0,0,5.9455788481349785,,
tt8359848,Climax,2018,97.0,"Drama,Horror,Music",2940457,1088907,-0.6296810325741883,6.9,90916.0,fr,"Wild Bunch, Rectangle Productions, ARTE France Cinéma, VOO, Vice Studios, Eskwad, KNM",16.828,1,1,1,0,0,0,0,0,0,0,1,0,0,0,1,1,0,0,0,0,0,0,0,0,0,11.091407482667508,-0.9169723333333332,-0.9169723333333332
tt8377736,Texas,2018,88.0,"Action,Adventure,Comedy",10000,10000,0.0,3.5,1576.0,fa,,0.6,1,1,1,1,1,0,0,1,0,0,0,0,0,0,0,0,0,0,0,0,0,0,0,0,0,2.934573563049581,,
tt8393764,Chhakka Panja 3,2018,145.0,Comedy,100000,190000,0.9,5.1,245.0,ne,Aama Saraswati Movies,1.149,1,1,1,0,0,0,0,1,0,0,0,0,0,0,0,0,0,0,0,0,0,0,0,0,0,4.090046279503272,,
tt8396188,Tanks for Stalin,2018,95.0,"Action,Comedy,History",2179800,36837802,15.899624736214331,4.9,1186.0,ru,20th Century Fox Russia,5.966,1,0,1,1,0,0,0,1,0,0,0,0,0,1,0,0,0,0,0,0,0,0,0,0,0,2.49930947900325,,
tt8398768,Dany,2018,89.0,"Comedy,Drama",6861490,2080679,-0.6967598874296982,5.8,801.0,fr,"Artémis Productions, Chi-Fou-Mi Productions",5.442,1,1,1,0,0,0,0,1,0,0,1,0,0,0,0,0,0,0,0,0,0,0,0,0,0,3.81447198761099,,
tt8406750,Dogman's Rabies,2018,120.0,"Crime,Horror,Thriller",1800000,31086,-0.98273,5.7,244.0,it,"Apocalypsis Film, xLegion, FilmExport Group, Home Movies",2.959,1,1,1,0,0,0,0,0,1,0,0,0,0,0,1,0,0,0,0,0,0,0,1,0,0,6.920932320146711,,
tt8483272,Strike,2018,100.0,"Adventure,Animation,Comedy",16800000,24743,-0.9985272023809524,5.3,269.0,en,Gigglefish,2.663,1,1,1,0,1,1,0,1,0,0,0,0,0,0,0,0,0,0,0,0,0,0,0,0,0,3.148882918318995,,
tt8539280,The Legend of the Christmas Witch,2018,98.0,"Adventure,Comedy,Family",8772289,8769486,-0.0003195289165689,4.8,1096.0,it,"3 Marys Entertainment, Lucky Red, Morena Films, RAI Cinema, Bartlebyfilm",8.27,1,1,1,0,1,0,0,1,0,0,0,1,0,0,0,0,0,0,0,0,0,0,0,0,0,2.7116438979156783,,
tt8574252,The Witch: Part 1 - The Subversion,2018,125.0,"Action,Mystery,Sci-Fi",5500000,24340302,3.4255094545454545,7.2,23152.0,ko,"Peppermint&company, Warner Bros. Korea, Goldmoon Film, Finecut",27.478,1,1,1,1,0,0,0,0,0,0,0,0,0,0,0,0,0,1,0,0,1,0,0,0,0,4.340803575829118,,
tt8589358,Woman's Enemy,2018,92.0,"Comedy,Romance",10000,10000,0.0,4.0,338.0,fa,Pouya Film,0.708,1,0,1,0,0,0,0,1,0,0,0,0,0,0,0,0,0,0,0,1,0,0,0,0,0,3.467905247898498,,
tt8602654,"Sarkari. Hi. Pra. Shale Kasaragodu, Koduge: Ramanna Rai",2018,147.0,Drama,282099,4936739,16.500023041556332,8.7,3425.0,kn,Rishab Shetty Films,1.576,1,1,1,0,0,0,0,0,0,0,1,0,0,0,0,0,0,0,0,0,0,0,0,0,0,3.538897695718708,11.5,11.5
tt8691532,Boyzhetken. Vsyo iz-za neyo,2018,94.0,Comedy,266937,248835,-0.067813753807078,7.1,11.0,ru,Alma Pictures,0.6,0,0,1,0,0,0,0,1,0,0,0,0,0,0,0,0,0,0,0,0,0,0,0,0,0,4.090046279503272,,
tt8769226,Kung Food,2018,99.0,"Action,Adventure,Animation",20000000,1197984,-0.9401008,5.3,170.0,zh,"Beijing Culture, Yi Animation",3.597,0,0,1,1,1,1,0,0,0,0,0,0,0,0,0,0,0,0,0,0,0,0,0,0,0,2.5696883010363725,,
tt8792898,In the Move for Love,2018,97.0,Comedy,495343,1399479,1.8252725888929489,6.2,675.0,fr,Escazal Films,4.814,1,1,1,0,0,0,0,1,0,0,0,0,0,0,0,0,0,0,0,0,0,0,0,0,0,4.090046279503272,,
tt8820590,T-34,2018,139.0,"Action,War",8000000,36220872,3.527609,6.8,17279.0,ru,"Mars Media Entertainment, AMedia",8.778,1,1,1,1,0,0,0,0,0,0,0,0,0,0,0,0,0,0,0,0,0,0,0,1,0,1.5842233636234808,,
tt8831284,Shu Thayu,2018,135.0,"Comedy,Drama",67000,2800000,40.791044776119406,6.9,874.0,gu,Media Development Authority (MDA),0.892,1,1,1,0,0,0,0,1,0,0,1,0,0,0,0,0,0,0,0,0,0,0,0,0,0,3.81447198761099,,
tt8925540,Racetime,2018,89.0,"Adventure,Animation,Family",3000000,12000000,3.0,5.6,648.0,fr,CarpeDiem Film & TV,20.171,1,1,1,0,1,1,0,0,0,0,0,1,0,0,0,0,0,0,0,0,0,0,0,0,0,2.34675863590247,,
tt9056646,Bearer,2018,80.0,Drama,10000,100000,9.0,4.7,161.0,fa,,0.6,1,1,1,0,0,0,0,0,0,0,1,0,0,0,0,0,0,0,0,0,0,0,0,0,0,3.538897695718708,9.0,9.0
tt9063106,Paskal,2018,115.0,"Action,Adventure,Drama",2243662,6748935,2.00799986807282,6.5,3471.0,ms,"Astro Shaw, GSC Movies",7.824,1,1,1,1,1,0,0,0,0,0,1,0,0,0,0,0,0,0,0,0,0,0,0,0,0,2.7508573684547266,,2.3333339345947803
tt9063684,"Pup-o, ma!",2018,93.0,"Comedy,Fantasy,Horror",11000,100000,8.090909090909092,6.2,875.0,ro,videomix,1.463,1,1,1,0,0,0,0,1,0,0,0,0,1,0,1,0,0,0,0,0,0,0,0,0,0,6.561772405875519,,
tt9226154,The Crimean Bridge. Made with Love!,2018,102.0,Romance,2495650,1066431,-0.5726840702822912,1.1,1316.0,ru,,1.816,1,1,1,0,0,0,0,0,0,0,0,0,0,0,0,0,0,0,0,1,0,0,0,0,0,2.8457642162937242,,
tt9448656,Çinar,2018,99.0,Drama,200000,1000,-0.995,6.8,246.0,tr,"visual focus, CGV Mars Dağıtım, CGV Arthouse",0.6,0,0,1,0,0,0,0,0,0,0,1,0,0,0,0,0,0,0,0,0,0,0,0,0,0,3.538897695718708,,
tt9517302,Jahnabi,2018,69.0,Drama,12000,3500,-0.7083333333333334,7.7,28.0,en,,0.6,0,0,0,0,0,0,0,0,0,0,1,0,0,0,0,0,0,0,0,0,0,0,0,0,0,3.538897695718708,,
tt0385887,Motherless Brooklyn,2019,144.0,"Crime,Drama,Mystery",26000000,18377736,-0.293164,6.8,66588.0,en,"Class 5 Films, MWM Studios",16.041,1,1,1,0,0,0,0,0,1,0,1,0,0,0,0,0,0,1,0,0,0,0,0,0,0,4.13867228789504,,
tt0437086,Alita: Battle Angel,2019,122.0,"Action,Adventure,Sci-Fi",170000000,404980543,1.382238488235294,7.3,326705.0,en,"Troublemaker Studios, Lightstorm Entertainment, 20th Century Fox, TSG Entertainment",47.667,1,1,1,1,1,0,0,0,0,0,0,0,0,0,0,0,0,0,0,0,1,0,0,0,0,2.6398657873126505,-0.39372898461538464,1.842603464516129
tt0441881,Danger Close,2019,118.0,"Action,Drama,War",23934823,2078370,-0.913165432641804,6.8,16855.0,en,"Red Dune Films, Full Clip Productions, Deeper Water Films, Sunjive Studios, THN Nominees, Hoosegow Productions, Ingenious Media",14.722,1,1,1,1,0,0,0,0,0,0,1,0,0,0,0,0,0,0,0,0,0,0,0,1,0,2.329610078858241,,1.3210441652173912
tt0448115,Shazam!,2019,132.0,"Action,Adventure,Comedy",80000000,366080049,3.5760006125,7.0,417611.0,en,"New Line Cinema, The Safran Company, Seven Bucks Productions, DC Films",32.755,1,1,1,1,1,0,0,1,0,0,0,0,0,0,0,0,0,0,0,0,0,0,0,0,0,3.054086781515687,24.407893582312923,2.0906179903372486
tt0783640,The Last Full Measure,2019,116.0,"Drama,War",20000000,3364426,-0.8317787,6.8,15555.0,en,"Foresight Unlimited, Provocator, SSS Entertainment, BCL Finance Group, Boss Collaboration, SC Films Thailand Co., Production Capital, Hollywood Gold, Hero Entertainment Group",11.729,1,1,1,0,0,0,0,0,0,0,1,0,0,0,0,0,0,0,0,0,0,0,0,1,0,2.2398162673084157,,
tt0837563,Pet Sematary,2019,100.0,"Horror,Mystery,Thriller",21000000,113118226,4.38658219047619,5.7,106395.0,en,"di Bonaventura Pictures, Room 101",24.949,1,1,1,0,0,0,0,0,0,0,0,0,0,0,1,0,0,1,0,0,0,0,1,0,0,8.711205781489479,,8.373440068421054
tt10011102,The Sholay Girl,2019,106.0,"Action,Biography,Drama",1000,1000,0.0,7.2,136.0,hi,,1.55,1,1,1,1,0,0,1,0,0,0,1,0,0,0,0,0,0,0,0,0,0,0,0,0,0,2.700629719722707,,
tt10039344,Countdown,2019,90.0,"Horror,Thriller",6500000,48021766,6.387964,5.4,54200.0,en,"Wrigley Pictures, Universal Pictures, STX Films",21.856,1,1,1,0,0,0,0,0,0,0,0,0,0,0,1,0,0,0,0,0,0,0,1,0,0,9.317802941987097,,
tt10122042,Kingdom Men Rising,2019,93.0,Documentary,300000,1188936,2.96312,8.5,56.0,en,"LifeWay Films, Tony Evans Films",0.601,0,0,0,0,0,0,0,0,0,1,0,0,0,0,0,0,0,0,0,0,0,0,0,0,0,1.129993403968253,,
tt10140922,Odessa,2019,130.0,"Comedy,Romance",5000000,4000000,-0.2,6.3,642.0,ru,"Marmot Film, Lenfilm, Mosfilm",2.179,1,1,1,0,0,0,0,1,0,0,0,0,0,0,0,0,0,0,0,1,0,0,0,0,0,3.4592071008627436,-0.3714921681497843,-0.3714921681497843
tt10208198,"The Gangster, the Cop, the Devil",2019,109.0,"Action,Crime,Thriller",6500000,25775371,2.9654416923076923,7.0,34959.0,ko,"Acemaker Movieworks, BA Entertainment, Kiwi Media Group, B&C CONTENT",43.203,1,1,1,1,0,0,0,0,1,0,0,0,0,0,0,0,0,0,0,0,0,0,1,0,0,3.335594288388595,,
tt1025100,Gemini Man,2019,117.0,"Action,Sci-Fi,Thriller",140000000,173469516,0.2390679714285714,5.7,132389.0,en,"Skydance, Jerry Bruckheimer Films, Alibaba Pictures Group, Fosun Pictures, Paramount, Gobierno de Colombia, Hungarian National Film Fund",23.667,1,1,1,1,0,0,0,0,0,0,0,0,0,0,0,0,0,0,0,0,1,0,1,0,0,3.7999715421562468,-0.2267254,1.0692339073412975
tt10256570,The Goddess of Fortune,2019,118.0,Drama,4000000,8277796,1.069449,6.7,3117.0,it,"R&C Produzioni, Warner Bros Pictures Italia, Faros Film",8.23,1,1,1,0,0,0,0,0,0,0,1,0,0,0,0,0,0,0,0,0,0,0,0,0,0,3.495030590295461,,
tt10276554,Beshoot,2019,120.0,"Action,Drama,War",1100000,162640,-0.8521454545454545,7.5,692.0,uk,,0.734,1,1,1,1,0,0,0,0,0,0,1,0,0,0,0,0,0,0,0,0,0,0,0,1,0,2.329610078858241,,
tt10310222,Guard,2019,90.0,"Drama,Thriller",860000,53565,-0.9377151162790698,6.2,2170.0,ru,"Invada Film, Artlight, Yellow, Black & White",9.223,1,1,1,0,0,0,0,0,0,0,1,0,0,0,0,0,0,0,0,0,0,0,1,0,0,4.78482047030397,4.293938070417602,
tt10329842,Hero,2019,121.0,"Action,Crime,Drama",4065470,2889720,-0.2892039542783491,4.7,3707.0,ru,"Kargo Film, Russia-1",6.202,1,1,1,1,0,0,0,0,1,0,1,0,0,0,0,0,0,0,0,0,0,0,0,0,0,2.475734368382922,1.0751559974780893,1.7305571
tt10409498,Only the Animals,2019,117.0,"Crime,Drama,Mystery",5000000,878668,-0.8242664,7.1,9464.0,fr,"Razor Film Produktion, France 3 Cinéma, Haut et Court, Canal+, Ciné+",9.038,1,1,1,0,0,0,0,0,1,0,1,0,0,0,0,0,0,1,0,0,0,0,0,0,0,4.13867228789504,,
tt10481868,Black Christmas,2019,92.0,"Horror,Mystery,Thriller",5000000,18529730,2.705946,3.5,21753.0,en,"Universal Pictures, Blumhouse Productions, Divide / Conquer",10.006,1,1,1,0,0,0,0,0,0,0,0,0,0,0,1,0,0,1,0,0,0,0,1,0,0,8.711205781489479,,
tt10521814,K-12,2019,96.0,"Fantasy,Horror,Musical",6000000,359377,-0.9401038333333334,6.5,4451.0,en,"Atlantic Records, Little Ugly, Frame 48, Abramorama",10.235,0,0,1,0,0,0,0,0,0,0,0,0,1,0,1,0,1,0,0,0,0,0,0,0,0,5.457911405369747,,
tt10555920,The Cabin House,2019,120.0,"Horror,Mystery,Thriller",13000000,13000000,0.0,5.5,26.0,en,"G.P.L.A., Los Angeles, Conner Mac Studios",0.683,0,0,1,0,0,0,0,0,0,0,0,0,0,0,1,0,0,1,0,0,0,0,1,0,0,8.711205781489479,,
tt10611372,My Mom is a Character 3,2019,111.0,Comedy,2000000,39273021,18.6365105,7.1,3541.0,pt,"Migdal Filmes, Globo Filmes, Universal Pictures International (UPI), Paramount Pictures Brasil, Brazil Production Services",6.591,1,1,1,0,0,0,0,1,0,0,0,0,0,0,0,0,0,0,0,0,0,0,0,0,0,4.058769556807478,,17.929063999999997
tt10627720,Ne Zha,2019,110.0,"Action,Adventure,Animation",20000000,742500000,36.125,7.3,23955.0,zh,"Beijing Enlight Pictures, Horgos Coloroom Pictures, October Media, Chengdu Coco Cartoon",17.093,1,1,0,1,1,1,0,0,0,0,0,0,0,0,0,0,0,0,0,0,0,0,0,0,0,2.9886579066269703,,0.13947368421052886
tt10648440,Exit,2019,103.0,"Action,Comedy",10892000,69501772,5.3809926551597504,7.0,9162.0,ko,"Filmmaker R&K, filmK, CJ Entertainment",15.751,1,0,1,1,0,0,0,1,0,0,0,0,0,0,0,0,0,0,0,0,0,0,0,0,0,3.283983629382685,,
tt10809934,The Dark Days of Demetrius,2019,60.0,Horror,10000,100000,9.0,6.6,85.0,en,R.A. Productions,0.882,1,1,0,0,0,0,0,0,0,0,0,0,0,0,1,0,0,0,0,0,0,0,0,0,0,12.560995533661712,,
tt10871460,The 9th Precinct,2019,95.0,"Action,Crime,Drama",1413543,1862261,0.3174420587134597,5.6,726.0,zh,"Full Power Production, MandarinVision, Lots Home Entertainment, MM2 Entertainment",7.224,1,1,1,1,0,0,0,0,1,0,1,0,0,0,0,0,0,0,0,0,0,0,0,0,0,2.475734368382922,,
tt10918524,Rescue Me: A Home 4 Spot,2019,60.0,Documentary,25000,50000,1.0,8.4,22.0,en,Zapruder Pictures,0.6,1,0,0,0,0,0,0,0,0,1,0,0,0,0,0,0,0,0,0,0,0,0,0,0,0,1.129993403968253,,
tt10942220,Kabaddi Kabaddi Kabaddi,2019,115.0,"Comedy,Drama,Romance",1753,9907,4.651454649172846,7.5,1241.0,ne,,0.97,1,1,1,0,0,0,0,1,0,0,1,0,0,0,0,0,0,0,0,1,0,0,0,0,0,3.471148264006983,9.000037206533467,9.000037206533467
tt10974942,It Ends with a Knife,2019,,"Drama,Mystery,Thriller",10000,10000,0.0,,,en,Halo ONE productions,0.6,1,1,1,0,0,0,0,0,0,0,1,0,0,0,0,0,0,1,0,0,0,0,1,0,0,5.689217467034062,,
tt11013572,A Good Doctor,2019,90.0,Comedy,6837995,6294941,-0.0794171390882853,6.5,2623.0,fr,"UNITÉ, France 2 Cinéma, Other Angle Pictures, Pandora Filmes, Apollo Films",8.312,1,1,1,0,0,0,0,1,0,0,0,0,0,0,0,0,0,0,0,0,0,0,0,0,0,4.058769556807478,,
tt11123206,Love on Demand,2019,51.0,Documentary,25000,75000,2.0,7.6,44.0,en,Zapruter Productions,0.6,0,0,1,0,0,0,0,0,0,1,0,0,0,0,0,0,0,0,0,0,0,0,0,0,0,1.129993403968253,,
tt11146760,Panghrun,2019,131.0,"Drama,Musical",661839,132367,-0.8000012087531861,8.3,226.0,mr,Mahesh Manjrekar Movies,0.953,1,1,1,0,0,0,0,0,0,0,1,0,0,0,0,0,1,0,0,0,0,0,0,0,0,2.63332392365396,,
tt11197384,Hillary: Ocean to Sky,2019,106.0,Documentary,20000000,70049,-0.99649755,7.9,89.0,en,"Rialto Distribution, Michael Dillon Films",0.755,1,0,0,0,0,0,0,0,0,1,0,0,0,0,0,0,0,0,0,0,0,0,0,0,0,1.129993403968253,,
tt11242700,Women Who Run with the Wolves,2019,80.0,War,20190,2019,-0.9,6.6,43.0,fa,,0.851,1,0,1,0,0,0,0,0,0,0,0,0,0,0,0,0,0,0,0,0,0,0,0,1,0,0.9846019443213703,,
tt11253526,The Ninth,2019,99.0,"Adventure,Crime,Horror",7000000,958558,-0.8630631428571428,5.4,1378.0,ru,"Non-Stop Productions, Central Partnership Productions, KIT Film Studio, Russian Cinema Fund",8.28,1,1,1,0,1,0,0,0,1,0,0,0,0,0,1,0,0,0,0,0,0,0,0,0,0,5.526087810779605,,-0.4169275
tt11254246,Anxious America,2019,66.0,Documentary,10000,40000,3.0,8.2,28.0,en,Zapruder Pictures,0.6,1,0,1,0,0,0,0,0,0,1,0,0,0,0,0,0,0,0,0,0,0,0,0,0,0,1.129993403968253,,
tt11285908,Ashfall,2019,130.0,"Action,Sci-Fi,Thriller",17700000,61321941,2.4645164406779663,6.2,7376.0,ko,"Dexter Studios, CJ Entertainment, Perfect Storm Film, Dexter Pictures, CJ ENM",27.989,1,1,1,1,0,0,0,0,0,0,0,0,0,0,0,0,0,0,0,0,1,0,1,0,0,3.7999715421562468,,
tt11341572,The Color of Your Skin,2019,55.0,Documentary,25000,70000,1.8,8.0,72.0,en,Zapruder Pictures,0.6,0,0,1,0,0,0,0,0,0,1,0,0,0,0,0,0,0,0,0,0,0,0,0,0,0,1.129993403968253,,
tt11355320,Young Love,2019,112.0,Romance,100000,300000,2.0,7.9,21.0,km,"Kongchak Pictures, Westec Media Limited",0.602,0,0,0,0,0,0,0,0,0,0,0,0,0,0,0,0,0,0,0,1,0,0,0,0,0,2.859644644918009,,
tt11529348,5Gang,2019,100.0,"Action,Comedy",1500000,1489573,-0.0069513333333333,2.0,3450.0,ro,,4.106,1,1,0,1,0,0,0,1,0,0,0,0,0,0,0,0,0,0,0,0,0,0,0,0,0,3.283983629382685,,
tt1158939,Never Grow Old,2019,100.0,"Drama,Thriller,Western",12000000,106796,-0.9911003333333334,6.0,5506.0,en,"Ripple World Pictures, Iris Productions, Iris Films, Rezo Productions, Metro International Entertainment, Quickfire Films, Fís Éireann/Screen Ireland, Canal+, Ciné+, RTÉ, VOO & Be tv",9.596,1,1,1,0,0,0,0,0,0,0,1,0,0,0,0,0,0,0,0,0,0,0,1,0,1,3.206204538732283,,
tt1206885,Rambo: Last Blood,2019,89.0,"Action,Crime,Thriller",50000000,91490353,0.82980706,6.1,120952.0,en,"Millennium Media, Templeton Media, Campbell Grobman Films, Dadi Film Group, Balboa Productions",46.016,1,1,1,1,0,0,0,0,1,0,0,0,0,0,0,0,0,0,0,0,0,0,1,0,0,3.335594288388595,,2.079222247117117
tt12098452,The Doors Between Us,2019,110.0,"Comedy,Horror,Mystery",1000,1080,0.08,7.7,44.0,en,Janky Jank Productions,0.6,1,0,1,0,0,0,0,1,0,0,0,0,0,0,1,0,0,1,0,0,0,0,0,0,0,8.039258850321145,,
tt1298644,The Hustle,2019,93.0,"Comedy,Crime",21000000,97409779,3.638560904761905,5.5,74314.0,en,"Pin High Productions, Metro-Goldwyn-Mayer",19.232,1,1,1,0,0,0,0,1,1,0,0,0,0,0,0,0,0,0,0,0,0,0,0,0,0,2.7408721848514457,,
tt1302006,The Irishman,2019,209.0,"Biography,Crime,Drama",159000000,968853,-0.9939065849056604,7.8,478346.0,en,"Tribeca Productions, Sikelia Productions, Winkler Films",23.095,1,1,1,0,0,0,1,0,1,0,1,0,0,0,0,0,0,0,0,0,0,0,0,0,0,2.3385554233685473,-0.48396689130434767,0.9145130571428572
tt14239016,Ouch! Needle,2019,80.0,Comedy,60000,60000,0.0,2.7,58.0,en,karestoonegoli,0.6,1,1,1,0,0,0,0,1,0,0,0,0,0,0,0,0,0,0,0,0,0,0,0,0,0,4.058769556807478,,
tt14391292,Mr. Local Man,2019,82.0,Adventure,100000,1000,-0.99,9.4,19.0,en,JQ Pictures,0.615,0,0,1,0,1,0,0,0,0,0,0,0,0,0,0,0,0,0,0,0,0,0,0,0,0,2.59429308578169,,
tt1478839,The Art of Racing in the Rain,2019,109.0,"Comedy,Drama,Romance",18000000,33766787,0.8759326111111111,7.6,49601.0,en,"Original Film, 20th Century Fox, Shifting Gears Productions, Fox 2000 Pictures, Starbucks Entertainment",30.413,1,1,1,0,0,0,0,1,0,0,1,0,0,0,0,0,0,0,0,1,0,0,0,0,0,3.471148264006983,4.601797545454546,2.383916737445039
tt1489887,Booksmart,2019,102.0,Comedy,6000000,24849029,3.1415048333333333,7.1,141670.0,en,"Annapurna Pictures, Gloria Sanchez Productions",16.898,1,1,1,0,0,0,0,1,0,0,0,0,0,0,0,0,0,0,0,0,0,0,0,0,0,4.058769556807478,,-0.16094827499999997
tt1560220,Zombieland: Double Tap,2019,99.0,"Action,Comedy,Horror",42000000,122801777,1.9238518333333328,6.6,228997.0,en,"Pariah, Columbia Pictures, 2.0 Entertainment",33.951,1,1,1,1,0,0,0,1,0,0,0,0,0,0,1,0,0,0,0,0,0,0,0,0,0,6.376320930809027,6.380044405172414,4.901058278318748
tt1620981,The Addams Family,2019,86.0,"Animation,Comedy,Family",40000000,204394183,4.109854575,5.9,50259.0,en,"Cinesite Animation, Nitrogen Studios Canada, Bron Studios, Metro-Goldwyn-Mayer",32.867,1,1,1,0,0,1,0,1,0,0,0,1,0,0,0,0,0,0,0,0,0,0,0,0,0,3.2405008230015278,6.405543263157895,4.081579453263158
tt1667354,The Painted Bird,2019,169.0,"Drama,Horror,Thriller",7838798,659535,-0.9158627381391892,7.3,8726.0,cs,"Silver Screen, Česká televize, innogy Česká republika, Directory Films, PubRes, RTVS, CertiCon, Monte Rosso Production",12.592,1,1,0,0,0,0,0,0,0,0,1,0,0,0,1,0,0,0,0,0,0,0,1,0,0,7.37687882475655,,
tt1780967,Seberg,2019,102.0,"Biography,Drama,History",8000000,592565,-0.925929375,6.0,11327.0,en,"Automatik Entertainment, Ingenious Media, Bradley Pilz Productions",12.425,1,1,1,0,0,0,1,0,0,0,1,0,0,1,0,0,0,0,0,0,0,0,0,0,0,2.253757920011702,,3.9608258
tt1833116,The Informer,2019,113.0,"Action,Crime,Drama",60000000,2927708,-0.9512048666666668,6.6,46697.0,en,"Thunder Road, The Fyzz, Maddem Films",13.219,1,1,1,1,0,0,0,0,1,0,1,0,0,0,0,0,0,0,0,0,0,0,0,0,0,2.475734368382922,-0.7789218823529411,-0.49718093772034067
tt1946502,UglyDolls,2019,87.0,"Adventure,Animation,Comedy",45000000,32450241,-0.2788835333333333,5.2,8644.0,en,"STX Films, Original Force Animation, Reel FX Creative Studios, Alibaba Pictures Group, Huaxia Film Distribution",13.811,1,1,1,0,1,1,0,1,0,0,0,0,0,0,0,0,0,0,0,0,0,0,0,0,0,3.5051818582434984,2.2863924333333334,
tt1950186,Ford v Ferrari,2019,152.0,"Action,Biography,Drama",97600000,225508210,1.31053493852459,8.1,584154.0,en,"20th Century Fox, TSG Entertainment, Chernin Entertainment, Turnpike Films",78.353,1,1,1,1,0,0,1,0,0,0,1,0,0,0,0,0,0,0,0,0,0,0,0,0,0,2.700629719722707,5.381664288659794,0.8811787748206119
tt1979376,Toy Story 4,2019,100.0,"Adventure,Animation,Comedy",175000000,1073394593,5.133683388571429,7.6,328058.0,en,"Walt Disney Pictures, Pixar",61.083,1,1,1,0,1,1,0,1,0,0,0,0,0,0,0,0,0,0,0,0,0,0,0,0,0,3.5051818582434984,,4.021744862499999
tt2066051,Rocketman,2019,121.0,"Biography,Drama,Music",40000000,167323950,3.18309875,7.3,211626.0,en,"Paramount, New Republic Pictures, Marv Films, Rocket Pictures, Lawrence Bender Productions",13.912,1,1,1,0,0,0,1,0,0,0,1,0,0,0,0,1,0,0,0,0,0,0,0,0,0,6.508941817191427,1.006626565217391,
tt2076298,Ip Man 4: The Finale,2019,107.0,"Action,Biography,Drama",52000000,176345966,2.391268576923077,7.0,41508.0,cn,"Mandarin Motion Pictures Limited, Golden Harvest Company, Bullet Films, Shanghai Bona Cultural Media",11.457,1,1,1,1,0,0,1,0,0,0,1,0,0,0,0,0,0,0,0,0,0,0,0,0,0,2.700629719722707,3.361933833333333,3.361933833333333
tt2274648,Hellboy,2019,120.0,"Action,Adventure,Fantasy",50000000,55065289,0.10130578,5.3,108283.0,en,"Campbell Grobman Films, Dark Horse Entertainment, Millennium Media, Summit Entertainment, Boyana Film Studios, Lawrence Gordon Productions, Davis Films, Lionsgate",30.834,1,1,1,1,1,0,0,0,0,0,0,0,1,0,0,0,0,0,0,0,0,0,0,0,0,2.3815374043915507,,
tt2283336,Men in Black: International,2019,114.0,"Action,Adventure,Comedy",110000000,253890701,1.3080972818181815,5.6,162360.0,en,"Amblin Entertainment, Parkes+MacDonald Image Nation, Columbia Pictures, Tencent Pictures",24.845,1,1,1,1,1,0,0,1,0,0,0,0,0,0,0,0,0,0,0,0,0,0,0,0,0,3.054086781515687,5.072635075285715,1.7899776820276496
tt2386490,How to Train Your Dragon: The Hidden World,2019,104.0,"Action,Adventure,Animation",129000000,524580592,3.0665162170542635,7.4,182568.0,en,"DreamWorks Animation, Mad Hatter Entertainment",61.84,1,1,1,1,1,1,0,0,0,0,0,0,0,0,0,0,0,0,0,0,0,0,0,0,0,2.9886579066269703,3.286465648275862,3.286465648275862
tt2395469,Gully Boy,2019,154.0,"Drama,Music,Romance",5782853,33974264,4.875000453928191,7.9,47854.0,hi,"Excel Entertainment, Tiger Baby",5.765,1,1,1,0,0,0,0,0,0,0,1,0,0,0,0,1,0,0,0,1,0,0,0,0,0,6.762936409859173,0.6923076923076925,0.6923076923076925
tt2398149,An Officer and a Spy,2019,132.0,"Drama,History,Thriller",25300000,18878646,-0.2538084584980237,7.2,23480.0,fr,"ToMmY K. PICTURES, Les Films Alain Sarde, R.P. Productions, Èliseo Entertainment, Gaumont, France 3 Cinéma, Canal+, France 2, RAI",15.354,1,1,1,0,0,0,0,0,0,0,1,0,0,1,0,0,0,0,0,0,0,0,1,0,0,3.5794077478109387,,
tt2452244,Isn't It Romantic,2019,89.0,"Comedy,Fantasy,Musical",31000000,48800000,0.5741935483870968,5.9,77575.0,en,"New Line Cinema, Bron Studios, Broken Road Productions, Camp Sugar, Creative Wealth Media Finance",13.625,1,1,1,0,0,0,0,1,0,0,0,0,1,0,0,0,1,0,0,0,0,0,0,0,0,2.623836079751669,,1.9564082368421047
tt2527338,Star Wars: Episode IX - The Rise of Skywalker,2019,141.0,"Action,Adventure,Fantasy",250000000,1074144248,3.296576992,6.3,549651.0,en,"Lucasfilm Ltd., Bad Robot",89.699,1,1,1,1,1,0,0,0,0,0,0,0,1,0,0,0,0,0,0,0,0,0,0,0,0,2.3815374043915507,7.44172907755102,5.579860039517193
tt2584384,Jojo Rabbit,2019,108.0,"Comedy,Drama,War",14000000,82468705,4.890621785714286,7.9,493228.0,en,"Fox Searchlight Pictures, Defender Films, Piki Films, TSG Entertainment, Czech Anglo Productions",22.567,1,1,1,0,0,0,0,1,0,0,1,0,0,0,0,0,0,0,0,0,0,0,0,1,0,2.84613403047477,5.077518566666667,5.7404395
tt2935510,Ad Astra,2019,123.0,"Adventure,Drama,Mystery",87500000,127461872,0.4567071085714285,6.5,283704.0,en,"New Regency Productions, MadRiver Pictures, Plan B Entertainment, RT Features, Bona Film Group, TSG Entertainment, Keep Your Head Productions, 20th Century Fox",11.084,1,1,1,0,1,0,0,0,0,0,1,0,0,0,0,0,0,1,0,0,0,0,0,0,0,4.529111712190466,-0.7141887,-0.7141887
tt3038708,Iron Sky: The Coming Race,2019,93.0,"Action,Adventure,Comedy",21000000,400900,-0.9809095238095238,5.0,12909.0,en,"Potemkino, Iron sky universe, 27 Films Production",12.85,1,1,1,1,1,0,0,1,0,0,0,0,0,0,0,0,0,0,0,0,0,0,0,0,0,3.054086781515687,,
tt3224458,A Beautiful Day in the Neighborhood,2019,109.0,"Biography,Drama,Family",25000000,67925733,1.71702932,7.2,95461.0,en,"TriStar Pictures, Tencent Pictures, Big Beach",18.327,1,1,1,0,0,0,1,0,0,0,1,1,0,0,0,0,0,0,0,0,0,0,0,0,0,2.4643138124220023,-0.2614989999999999,
tt3281548,Little Women,2019,135.0,"Drama,Romance",40000000,216601214,4.41503035,7.7,287852.0,en,"Columbia Pictures, Pascal Pictures, Regency Enterprises, Sony Pictures",25.76,1,1,1,0,0,0,0,0,0,0,1,0,0,0,0,0,0,0,0,1,0,0,0,0,0,3.177337617606735,6.896648600000001,6.896648600000001
tt3361792,Tolkien,2019,112.0,"Biography,Drama,Romance",20000000,8654322,-0.5672839,6.8,51834.0,en,"Fox Searchlight Pictures, TSG Entertainment, Chernin Entertainment",11.457,1,1,1,0,0,0,1,0,0,0,1,0,0,0,0,0,0,0,0,1,0,0,0,0,0,2.817445367376079,-0.5732347619047619,
tt3387520,Scary Stories to Tell in the Dark,2019,108.0,"Adventure,Horror,Mystery",25000000,104545505,3.1818202,6.2,92948.0,en,"1212 Entertainment, Double Dare You Productions, Entertainment One, CBS Films, Rolling Hills, Hivemind, Starlight Culture Entertainment Group",20.778,1,1,0,0,1,0,0,0,0,0,0,0,0,0,1,0,0,1,0,0,0,0,0,0,0,7.551100026645883,,5.901672913392385
tt3486080,Lancaster Skies,2019,98.0,"Action,Drama,War",80000,67522,-0.155975,4.2,1831.0,en,Tin Hat Productions,6.537,1,1,1,1,0,0,0,0,0,0,1,0,0,0,0,0,0,0,0,0,0,0,0,1,0,2.329610078858241,,
tt3513498,The Lego Movie 2: The Second Part,2019,107.0,"Adventure,Animation,Comedy",99000000,199603202,1.0161939595959597,6.5,86670.0,en,"Vertigo Entertainment, Animal Logic, Warner Bros. Pictures Animation, Lord Miller, Rideback, LEGO, Warner Bros. Pictures",20.581,1,1,1,0,1,1,0,1,0,0,0,0,0,0,0,0,0,0,0,0,0,0,0,0,0,3.5051818582434984,2.4928229290810813,4.447934690925926
tt3513548,Richard Jewell,2019,131.0,"Biography,Crime,Drama",45000000,33904605,-0.2465643333333333,7.5,108194.0,en,"Warner Bros. Pictures, Malpaso Productions, Appian Way, Misher Films, 75 Year Plan Productions",16.924,1,1,1,0,0,0,1,0,1,0,1,0,0,0,0,0,0,0,0,0,0,0,0,0,0,2.3385554233685473,3.0637030810952384,0.44184721862348175
tt3612126,The Grudge,2019,94.0,"Fantasy,Horror",10000000,42800000,3.28,4.4,32654.0,en,"Ghost House Pictures, Good Universe, Stage 6 Films, Screen Gems",19.851,1,1,1,0,0,0,0,0,0,0,0,0,1,0,1,0,0,0,0,0,0,0,0,0,0,7.3010584795483915,,
tt3741700,Godzilla: King of the Monsters,2019,132.0,"Action,Adventure,Fantasy",170000000,386600138,1.2741184588235297,6.0,231848.0,en,"Legendary Pictures, Huahua Media, TOHO",53.983,1,1,1,1,1,0,0,0,0,0,0,0,1,0,0,0,0,0,0,0,0,0,0,0,0,2.3815374043915507,3.1192262,2.630534269055889
tt3833480,The Outpost,2019,123.0,"Action,Drama,History",18000000,2133452,-0.8814748888888889,6.9,48599.0,en,"Millennium Media, York Films, Perfection Hunter Productions",22.097,1,1,1,1,0,0,0,0,0,0,1,0,0,1,0,0,0,0,0,0,0,0,0,0,0,2.390936865026077,,-0.23074796458333333
tt3861390,Dumbo,2019,112.0,"Adventure,Family,Fantasy",170000000,353284621,1.0781448294117648,6.2,89122.0,en,"Tim Burton Productions, Walt Disney Pictures, Moving Picture Company, Infinite Detective, Secret Machine Entertainment, British Film Commission, South Australian Film Corporation",42.707,1,1,1,0,1,0,0,0,0,0,0,1,1,0,0,0,0,0,0,0,0,0,0,0,0,2.1452214970908465,1.7918230318181818,2.4005270850649354
tt4126476,After,2019,105.0,"Drama,Romance",14000000,69497587,3.964113357142857,5.3,77280.0,en,"CalMaple Films, Wattpad, Offspring Entertainment, Diamond Film Productions, Voltage Pictures, Frayed Pages Entertainment",155.287,1,1,1,0,0,0,0,0,0,0,1,0,0,0,0,0,0,0,0,1,0,0,0,0,0,3.177337617606735,,
tt4154664,Captain Marvel,2019,123.0,"Action,Adventure,Sci-Fi",152000000,1131416446,6.44352925,6.7,670254.0,en,Marvel Studios,50.399,1,1,1,1,1,0,0,0,0,0,0,0,0,0,0,0,0,0,0,0,1,0,0,0,0,2.6398657873126505,,2.733780879536921
tt4154796,Avengers: Endgame,2019,181.0,"Action,Adventure,Sci-Fi",356000000,2800000000,6.865168539325842,8.4,1480251.0,en,Marvel Studios,91.756,1,1,1,1,1,0,0,0,0,0,0,0,0,0,0,0,0,0,0,0,1,0,0,0,0,2.6398657873126505,4.222026124797385,4.063919015656035
tt4463894,Shaft,2019,111.0,"Action,Comedy,Crime",30000000,21360215,-0.2879928333333333,6.4,62749.0,en,"Davis Entertainment, New Line Cinema",13.675,1,1,1,1,0,0,0,1,1,0,0,0,0,0,0,0,0,0,0,0,0,0,0,0,0,2.663647357220261,2.647165052626263,4.069872880263158
tt4504044,The Prodigy,2019,92.0,"Fantasy,Horror,Mystery",6000000,21150265,2.5250441666666665,5.9,31618.0,en,"Vinson Films, XYZ Films, Orion Pictures, Metro-Goldwyn-Mayer",13.448,1,1,1,0,0,0,0,0,0,0,0,0,1,0,1,0,0,1,0,0,0,0,0,0,0,7.36670947319701,,
tt4516162,Martin Eden,2019,129.0,"Drama,Romance",3800000,1681545,-0.5574881578947368,7.0,8790.0,it,"Avventurosa, IBC MOvie, The Match Factory, Shellac Sud, ARTE, BR, RAI Cinema",7.892,1,1,1,0,0,0,0,0,0,0,1,0,0,0,0,0,0,0,0,1,0,0,0,0,0,3.177337617606735,,
tt4520988,Frozen II,2019,103.0,"Adventure,Animation,Comedy",150000000,1450026933,8.66684622,6.8,222947.0,en,"Walt Disney Pictures, Walt Disney Animation Studios",70.221,1,1,1,0,1,1,0,1,0,0,0,0,0,0,0,0,0,0,0,0,0,0,0,0,0,3.5051818582434984,,0.2881151844660188
tt4549796,Bully,2019,102.0,Drama,1000,14000,13.0,7.9,40.0,en,,0.6,1,1,1,0,0,0,0,0,0,0,1,0,0,0,0,0,0,0,0,0,0,0,0,0,0,3.495030590295461,,
tt4777008,Maleficent: Mistress of Evil,2019,119.0,"Adventure,Drama,Family",185000000,491730089,1.6580004810810811,6.6,133906.0,en,"Walt Disney Pictures, Roth Films",40.547,1,1,1,0,1,0,0,0,0,0,1,1,0,0,0,0,0,0,0,0,0,0,0,0,0,2.629857885377643,2.4605317304347825,3.798636174372205
tt4913966,The Curse of La Llorona,2019,93.0,"Horror,Mystery,Thriller",9000000,122033739,12.559304333333332,5.3,66933.0,en,"Atomic Monster, New Line Cinema",43.044,1,1,1,0,0,0,0,0,0,0,0,0,0,0,1,0,0,1,0,0,0,0,1,0,0,8.711205781489479,,
tt4916630,Just Mercy,2019,137.0,"Biography,Crime,Drama",25000000,50401502,1.01606008,7.6,85725.0,en,"Netter Productions, Outlier Society Productions, Endeavor Content, MACRO, One Community, Participant, Warner Bros. Pictures",14.476,1,1,1,0,0,0,1,0,1,0,1,0,0,0,0,0,0,0,0,0,0,0,0,0,0,2.3385554233685473,1.4542814444444443,2.6506935972222223
tt4924656,The Debt of Maximillian,2019,83.0,"Drama,Thriller",10000,2000,-0.8,6.1,14.0,en,,0.701,1,1,1,0,0,0,0,0,0,0,1,0,0,0,0,0,0,0,0,0,0,0,1,0,0,4.78482047030397,,
tt4975920,The Kid,2019,100.0,"Biography,Drama,Western",8000000,1561698,-0.80478775,5.9,10601.0,en,"Suretone Pictures, Mimran Schur Pictures",12.471,1,1,1,0,0,0,1,0,0,0,1,0,0,0,0,0,0,0,0,0,0,0,0,0,1,1.8805547109330458,,2.6506935972222223
tt5033998,Charlie's Angels,2019,118.0,"Action,Adventure,Comedy",48000000,73279888,0.5266643333333333,5.0,85612.0,en,"Columbia Pictures, Brownstone Productions, 2.0 Entertainment, The Cantillon Company",21.139,1,1,1,1,1,0,0,1,0,0,0,0,0,0,0,0,0,0,0,0,0,0,0,0,0,3.054086781515687,8.914006689655173,2.9320377635507247
tt5073642,Color Out of Space,2019,111.0,"Horror,Mystery,Sci-Fi",6000000,1023510,-0.829415,6.1,65899.0,en,"SpectreVision, BRO Cinema, ACE Pictures Entertainment, XYZ Films",13.622,1,1,1,0,0,0,0,0,0,0,0,0,0,0,1,0,0,1,0,0,1,0,0,0,0,7.625037856118109,,
tt5113040,The Secret Life of Pets 2,2019,86.0,"Adventure,Animation,Comedy",80000000,155152550,0.939406875,6.4,79732.0,en,"Universal Pictures, Illumination",36.117,1,1,1,0,1,1,0,1,0,0,0,0,0,0,0,0,0,0,0,0,0,0,0,0,0,3.5051818582434984,10.672772493333332,12.65213598990991
tt5503686,Hustlers,2019,110.0,"Comedy,Crime,Drama",20000000,157600000,6.88,6.3,113696.0,en,"Annapurna Pictures, Annapurna Pictures, Gloria Sanchez Productions, STX Films, Nuyorican Productions",19.563,1,1,1,0,0,0,0,1,1,0,1,0,0,0,0,0,0,0,0,0,0,0,0,0,0,2.9922583199994506,0.3335056249999999,0.3335056249999999
tt5563334,The Good Liar,2019,109.0,"Crime,Drama,Mystery",10000000,33856058,2.3856058,6.7,54779.0,en,1000 Eyes,12.392,1,1,1,0,0,0,0,0,1,0,1,0,0,0,0,0,0,1,0,0,0,0,0,0,0,4.13867228789504,4.290939796590909,1.668654818181818
tt5606664,Doctor Sleep,2019,152.0,"Drama,Fantasy,Horror",45000000,72381712,0.6084824888888889,7.3,247580.0,en,"Vertigo Entertainment, Intrepid Pictures",26.029,1,1,1,0,0,0,0,0,0,0,1,0,1,0,1,0,0,0,0,0,0,0,0,0,0,6.032382516464081,8.078416222222222,12.311708111111113
tt5668770,Mardaani 2,2019,103.0,"Action,Crime,Drama",2800000,8680109,2.1000389285714287,7.3,12303.0,hi,Yash Raj Films,5.385,0,1,1,1,0,0,0,0,1,0,1,0,0,0,0,0,0,0,0,0,0,0,0,0,0,2.475734368382922,,2.562501296267316
tt5697572,Cats,2019,110.0,"Comedy,Drama,Family",95000000,73515024,-0.2261576421052631,2.8,59541.0,en,"Working Title Films, Amblin Entertainment, Monumental Pictures, Universal Pictures, The Really Useful Group, 3dot Productions",19.589,1,1,1,0,0,0,0,1,0,0,1,1,0,0,0,0,0,0,0,0,0,0,0,0,0,3.118016709052906,3.2794348666666666,
tt5719748,Cold Pursuit,2019,119.0,"Action,Comedy,Crime",60000000,76419755,0.2736625833333333,6.2,85072.0,en,"StudioCanal, Paradox Produksjon, Mas Production, Summit Entertainment, Canal+, Ciné+",22.811,1,1,1,1,0,0,0,1,1,0,0,0,0,0,0,0,0,0,0,0,0,0,0,0,0,2.663647357220261,0.1324376199616123,
tt5727208,Uncut Gems,2019,135.0,"Crime,Drama,Thriller",19000000,50020902,1.6326790526315789,7.4,361000.0,en,"A24, Sikelia Productions, Scott Rudin Productions, IAC Films, Elara Pictures",22.206,1,1,1,0,0,0,0,0,1,0,1,0,0,0,0,0,0,0,0,0,0,0,1,0,0,3.6642052511677843,,
tt5814534,Spies in Disguise,2019,102.0,"Action,Adventure,Animation",100000000,171616764,0.71616764,6.8,63722.0,en,"Chernin Entertainment, Blue Sky Studios, 20th Century Fox Animation, 20th Century Fox",20.917,1,1,1,1,1,1,0,0,0,0,0,0,0,0,0,0,0,0,0,0,0,0,0,0,0,2.9886579066269703,,1.6580045765765763
tt5827916,A Hidden Life,2019,174.0,"Biography,Drama,Romance",9000000,4612788,-0.487468,7.4,32640.0,en,"Studio Babelsberg, Iris Productions, Fox Searchlight Pictures, Medienboard Berlin-Brandenburg, TSG Entertainment",12.659,1,1,1,0,0,0,1,0,0,0,1,0,0,0,0,0,0,0,0,1,0,0,0,0,0,2.817445367376079,-0.8289472,-0.8289472
tt5852314,Zombie Bro,2019,83.0,"Comedy,Family,Fantasy",20140,10000,-0.5034756703078451,3.1,74.0,en,Jackson Speed,0.654,0,0,1,0,0,0,0,1,0,0,0,1,1,0,0,0,0,0,0,0,0,0,0,0,0,2.633380320766109,,
tt5884052,Pokémon: Detective Pikachu,2019,104.0,"Adventure,Comedy,Family",150000000,449762638,1.9984175866666667,6.5,199334.0,en,"Legendary Pictures, The Pokémon Company, TOHO",33.679,1,1,1,0,1,0,0,1,0,0,0,1,0,0,0,0,0,0,0,0,0,0,0,0,0,2.817770874214982,1.7269446206896553,4.607786930890302
tt5886046,Escape Room,2019,99.0,"Action,Adventure,Horror",9000000,155712077,16.30134188888889,6.4,161868.0,en,"Original Film, Columbia Pictures, Sony Pictures",25.429,1,1,1,1,1,0,0,0,0,0,0,0,0,0,1,0,0,0,0,0,0,0,0,0,0,5.888162107133765,15.7885588,
tt5932728,The Professor and the Madman,2019,124.0,"Biography,Drama,History",25000000,4957273,-0.80170908,7.2,55514.0,en,"Fastnet Films, 22h22, Caviar Antwerp NV, Definition Films, Zik Zak Filmworks",12.293,1,1,1,0,0,0,1,0,0,0,1,0,0,1,0,0,0,0,0,0,0,0,0,0,0,2.253757920011702,,3.0132937166666665
tt5941692,Miss Bala,2019,104.0,"Action,Crime,Drama",15000000,15200000,0.0133333333333333,5.8,14492.0,en,"Misher Films, Canana, Columbia Pictures",18.009,1,1,1,1,0,0,0,0,1,0,1,0,0,0,0,0,0,0,0,0,0,0,0,0,0,2.475734368382922,,
tt5951188,The Balkan Line,2019,130.0,"Action,War",3500000,4944386,0.4126817142857142,6.6,11100.0,ru,"Archangel Studios, Upgrade Vision, Bless Film",24.684,1,1,1,1,0,0,0,0,0,0,0,0,0,0,0,0,0,0,0,0,0,0,0,1,0,1.746899823139631,,
tt5968394,Captive State,2019,109.0,"Sci-Fi,Thriller",25000000,8808611,-0.64765556,6.0,60739.0,en,"Amblin Entertainment, Participant, DreamWorks Pictures, Lightfuse & Gettaway",13.342,1,1,1,0,0,0,0,0,0,0,0,0,0,0,0,0,0,0,0,0,1,0,1,0,0,4.445358462255424,0.5668452,
tt5974030,The Jesus Rolls,2019,85.0,"Comedy,Crime,Drama",4500000,64648,-0.9856337777777778,4.4,6094.0,en,"Sidney Kimmel Entertainment, New Element Media, Tribus P Film",9.137,1,1,1,0,0,0,0,1,1,0,1,0,0,0,0,0,0,0,0,0,0,0,0,0,0,2.9922583199994506,,
tt6062774,Monos,2019,102.0,"Adventure,Drama,Thriller",1800000,1929915,0.072175,6.8,19987.0,es,"Mutante Cine, Campo Cine, Snowglobe, Stela Cine, Le Pacte, Bord Cadre Films, CounterNarrative Films, Dynamo, Film i Väst, Lemming Film, Pando Producciones, Pandora Filmproduktion, Dago García Producciones",8.91,1,1,0,0,1,0,0,0,0,0,1,0,0,0,0,0,0,0,0,0,0,0,1,0,0,4.0546446754632095,,
tt6087226,Coma,2019,111.0,"Action,Adventure,Mystery",4000000,2363584,-0.409104,6.3,13175.0,ru,"Fresh Film, Cinema Fund, Mars Media Entertainment, Big Cinema House, Fond kino, Argunov Studio, Central Partnership",17.056,0,1,1,1,1,0,0,0,0,0,0,0,0,0,0,0,0,1,0,0,0,0,0,0,0,4.200500749411276,,
tt6095472,The Angry Birds Movie 2,2019,97.0,"Action,Adventure,Animation",65000000,147792047,1.2737238,6.4,44075.0,en,"Rovio Animation, Columbia Pictures, Sony Pictures Animation, Rovio Entertainment",29.899,1,1,1,1,1,1,0,0,0,0,0,0,0,0,0,0,0,0,0,0,0,0,0,0,0,2.9886579066269703,,1.1938587199999997
tt6105098,The Lion King,2019,118.0,"Adventure,Animation,Drama",260000000,1663075401,5.39644385,6.8,295029.0,en,"Walt Disney Pictures, Fairview Entertainment",63.351,1,1,1,0,1,1,0,0,0,0,1,0,0,0,0,0,0,0,0,0,0,0,0,0,0,3.31726886940616,3.8510247337662338,3.045073631475561
tt6107548,Late Night,2019,102.0,"Comedy,Drama",4000000,22384741,4.59618525,6.5,43802.0,en,"FilmNation Entertainment, 30WEST, Imperative Entertainment, Scott Rudin Productions, 3 Arts Entertainment, Stage 6 Films",9.15,1,1,1,0,0,0,0,1,0,0,1,0,0,0,0,0,0,0,0,0,0,0,0,0,0,3.7769000735514693,,
tt6139732,Aladdin,2019,128.0,"Adventure,Comedy,Family",183000000,1054304000,4.761224043715847,6.9,318597.0,en,"Walt Disney Pictures, Rideback",69.615,1,1,1,0,1,0,0,1,0,0,0,1,0,0,0,0,0,0,0,0,0,0,0,0,0,2.817770874214982,0.1457532961904766,0.1457532961904766
tt6141246,The Aeronauts,2019,100.0,"Action,Adventure,Drama",40000000,3485251,-0.912868725,6.6,40407.0,en,"Amazon Studios, Mandeville Films, FilmNation Entertainment, Popcorn Storm, One Shoe Films",12.15,1,1,1,1,1,0,0,0,0,0,1,0,0,0,0,0,0,0,0,0,0,0,0,0,0,2.8661737926783477,2.2569536666666665,14.2968859
tt6146586,John Wick: Chapter 3 - Parabellum,2019,130.0,"Action,Crime,Thriller",55000000,326709727,4.940176854545455,7.4,486943.0,en,"Thunder Road, Lionsgate, 87Eleven",80.825,1,1,1,1,0,0,0,0,1,0,0,0,0,0,0,0,0,0,0,0,0,0,1,0,0,3.335594288388595,3.3632901125,3.3632901125
tt6189022,Angel Has Fallen,2019,121.0,"Action,Thriller",40000000,146661977,2.666549425,6.4,124128.0,en,"Campbell Grobman Films, Eclectic Pictures, G-BASE, Millennium Media",41.248,1,1,1,1,0,0,0,0,0,0,0,0,0,0,0,0,0,0,0,0,0,0,1,0,0,4.291904026135185,,1.7586339435185188
tt6218010,Iron Mask,2019,120.0,"Action,Adventure,Fantasy",49000000,8685794,-0.8227388979591836,4.8,10460.0,ru,"CTB Film Company, Russian Film Group, China Film Group Corporation, Buffalo 8 Productions, China International Picture, Fetisoff Illusion, GFA Entertainment, Gap Financing, Lime Studios, Sparkle Roll Media",21.565,1,1,1,1,1,0,0,0,0,0,0,0,1,0,0,0,0,0,0,0,0,0,0,0,0,2.3815374043915507,0.3304660769230769,0.3304660769230769
tt6320628,Spider-Man: Far from Home,2019,129.0,"Action,Adventure,Comedy",160000000,1131927996,6.074549975,7.3,670698.0,en,"Marvel Studios, Pascal Pictures, Columbia Pictures",49.913,1,1,1,1,1,0,0,1,0,0,0,0,0,0,0,0,0,0,0,0,0,0,0,0,0,3.054086781515687,1.52912844,4.831993889453686
tt6324278,Abominable,2019,97.0,"Adventure,Animation,Comedy",75000000,190304772,1.53739696,7.0,47303.0,en,"DreamWorks Animation, Pearl Studio, Universal Pictures, dentsu",27.909,1,1,1,0,1,1,0,1,0,0,0,0,0,0,0,0,0,0,0,0,0,0,0,0,0,3.5051818582434984,,
tt6329716,The Invincible Dragon,2019,85.0,"Action,Adventure,Crime",2869666,12000000,3.181671316452856,4.3,1661.0,zh,Pegasus Motion Pictures,6.81,1,1,1,1,1,0,0,0,1,0,0,0,0,0,0,0,0,0,0,0,0,0,0,0,0,2.1754885335449985,,
tt6348138,Missing Link,2019,94.0,"Adventure,Animation,Comedy",100000000,26565710,-0.7343429,6.7,31181.0,en,"Laika Entertainment, Annapurna Pictures",14.75,1,1,1,0,1,1,0,1,0,0,0,0,0,0,0,0,0,0,0,0,0,0,0,0,0,3.5051818582434984,,0.2708239666666667
tt6394270,Bombshell,2019,109.0,"Biography,Drama",32000000,61404394,0.9188873125,6.8,137259.0,en,"Lighthouse Management + Media, Denver and Delilah Productions, Bron Studios, Annapurna Pictures, Creative Wealth Media Finance, Lionsgate, Endeavor Content",16.037,1,1,1,0,0,0,1,0,0,0,1,0,0,0,0,0,0,0,0,0,0,0,0,0,0,2.7963457286051145,-0.4509559333333333,3.762375214285714
tt6398184,Downton Abbey,2019,122.0,"Drama,Romance",20000000,192199131,8.60995655,7.4,72028.0,en,"Focus Features, Perfect World Pictures, Carnival Films",14.074,1,1,1,0,0,0,0,0,0,0,1,0,0,0,0,0,0,0,0,1,0,0,0,0,0,3.177337617606735,,
tt6423362,The Sun Is Also a Star,2019,100.0,"Drama,Music,Romance",9000000,6800000,-0.2444444444444444,5.9,9017.0,en,Alloy Entertainment,8.372,1,1,1,0,0,0,0,0,0,0,1,0,0,0,0,1,0,0,0,1,0,0,0,0,0,6.762936409859173,2.78,4.615993440131579
tt6428676,Wonder Park,2019,85.0,"Adventure,Animation,Comedy",100000000,119559110,0.1955911,5.9,13849.0,en,"Nickelodeon Movies, Paramount Animation, Ilion Animation Studios, Paramount",18.736,0,1,1,0,1,1,0,1,0,0,0,0,0,0,0,0,0,0,0,0,0,0,0,0,0,3.5051818582434984,,1.8497369715555554
tt6439020,The Personal History of David Copperfield,2019,119.0,"Comedy,Drama",15600000,11620337,-0.2551066025641025,6.4,24149.0,en,"FilmNation Entertainment, Film4 Productions, Wishmore",8.994,1,1,1,0,0,0,0,1,0,0,1,0,0,0,0,0,0,0,0,0,0,0,0,0,0,3.7769000735514693,0.8953866923076923,0.8953866923076923
tt6450804,Terminator: Dark Fate,2019,128.0,"Action,Adventure,Sci-Fi",185000000,261119292,0.4114556324324324,6.2,214463.0,en,"Lightstorm Entertainment, Skydance, 20th Century Fox, Paramount, Tencent Pictures, TSG Entertainment, Ministry of Finance of Spain, Ministerio de Cultura, Hungarian National Film Fund, Mid Atlantic Films",39.447,1,1,1,1,1,0,0,0,0,0,0,0,0,0,0,0,0,0,0,0,1,0,0,0,0,2.6398657873126505,12.501724137931037,1.593000265046537
tt6458228,Sin,2019,134.0,"Biography,Drama,History",15000000,243043,-0.9837971333333332,6.8,1545.0,it,"Jean Vigo Italia, Production Center of Andrei Konchalovsky, RAI, RAI Cinema, Ministry of Culture of the Russian Federation, Perviy Kanal, Regione Lazio, MiC, Eagle Pictures",3.9,1,1,1,0,0,0,1,0,0,0,1,0,0,1,0,0,0,0,0,0,0,0,0,0,0,2.253757920011702,-0.8980606600698213,-0.8980606600698213
tt6472976,Five Feet Apart,2019,116.0,"Drama,Romance",7000000,92600000,12.228571428571428,7.2,98715.0,en,"Wayfarer Entertainment, CBS Films",29.178,1,1,1,0,0,0,0,0,0,0,1,0,0,0,0,0,0,0,0,1,0,0,0,0,0,3.177337617606735,,
tt6476140,Serenity,2019,106.0,"Drama,Mystery,Thriller",25000000,14454622,-0.42181512,5.4,49980.0,en,"Nebulastar, Shoebox Films",13.057,1,1,1,0,0,0,0,0,0,0,1,0,0,0,0,0,0,1,0,0,0,0,1,0,0,5.689217467034062,,0.7601560480748664
tt6511932,The Beach Bum,2019,95.0,"Comedy,Drama",5000000,4554065,-0.089187,5.5,26863.0,en,"Anonymous Content, Iconoclast, Riverstone Pictures, Vice Studios, Le Grisbi Productions",11.235,1,1,1,0,0,0,0,1,0,0,1,0,0,0,0,0,0,0,0,0,0,0,0,0,0,3.7769000735514693,,
tt6513120,Fighting with My Family,2019,108.0,"Biography,Comedy,Drama",11000000,39055536,2.5505032727272727,7.0,93947.0,en,"WWE Studios, Misher Films, Seven Bucks Productions, Film4 Productions, The Ink Factory, Metro-Goldwyn-Mayer",23.287,1,1,1,0,0,0,1,1,0,0,1,0,0,0,0,0,0,0,0,0,0,0,0,0,0,3.217153671339236,,
tt6521876,Jay and Silent Bob Reboot,2019,105.0,"Action,Adventure,Comedy",10000000,1011305,-0.8988695,5.6,30897.0,en,"SModcast Pictures, View Askew Productions, Miramax, Saban Films, Destro Films, Hideout Pictures, Intercut Capital, Lions Gate Films",13.76,1,1,1,1,1,0,0,1,0,0,0,0,0,0,0,0,0,0,0,0,0,0,0,0,0,3.054086781515687,-0.3726419999999999,-0.3726419999999999
tt6556670,Serial (Bad) Weddings 2,2019,99.0,Comedy,18500000,87761857,3.7438841621621615,6.1,11110.0,fr,"Les Films du 24, TF1 Films Production, Les Films du Premier",8.486,1,1,1,0,0,0,0,1,0,0,0,0,0,0,0,0,0,0,0,0,0,0,0,0,0,4.058769556807478,12.569576384615385,5.8852909585594215
tt6565702,X-Men: Dark Phoenix,2019,113.0,"Action,Adventure,Sci-Fi",200000000,252442974,0.26221487,5.7,232119.0,en,"The Donners' Company, Genre Films, Hutch Parker Entertainment, 20th Century Fox",42.341,0,1,1,1,1,0,0,0,0,0,0,0,0,0,0,0,0,0,0,0,1,0,0,0,0,2.6398657873126505,,1.4823592700374533
tt6659936,Every Time I Die,2019,98.0,Thriller,1000000,27913,-0.972087,5.2,1469.0,en,"MiLa Media, Invisible Films, Latent Images, Giant Hunter Media, Ars Veritas",3.781,1,1,1,0,0,0,0,0,0,0,0,0,0,0,0,0,0,0,0,0,0,0,1,0,0,6.074610350312479,,
tt6722030,The Intruder,2019,102.0,"Horror,Thriller",8000000,40600000,4.075,5.6,22074.0,en,"Hidden Empire Film Group, Screen Gems",14.762,1,1,1,0,0,0,0,0,0,0,0,0,0,0,1,0,0,0,0,0,0,0,1,0,0,9.317802941987097,4.695463138888888,
tt6751668,Parasite,2019,132.0,"Drama,Thriller",11363000,257591776,21.6693457713632,8.5,1189980.0,ko,Barunson E&A,64.627,1,1,1,0,0,0,0,0,0,0,1,0,0,0,0,0,0,0,0,0,0,0,1,0,0,4.78482047030397,,
tt6803212,Don't Let Go,2019,103.0,"Drama,Horror,Mystery",5000000,5300000,0.06,6.4,15708.0,en,Blumhouse Productions,11.921,1,1,1,0,0,0,0,0,0,0,1,0,0,0,1,0,0,1,0,0,0,0,0,0,0,7.851345861483806,,2.3232356
tt6806448,Fast & Furious Presents: Hobbs & Shaw,2019,137.0,"Action,Adventure,Thriller",200000000,760098996,2.80049498,6.4,260457.0,en,"Chris Morgan Productions, Seven Bucks Productions, Universal Pictures",70.691,1,1,1,1,1,0,0,0,0,0,0,0,0,0,0,0,0,0,0,0,0,0,1,0,0,3.726033712684021,4.23915773030303,3.5000358688843902
tt6811018,The Kid Who Would Be King,2019,120.0,"Action,Adventure,Family",59000000,32140970,-0.4552377966101695,6.1,20764.0,en,"Working Title Films, Big Talk Productions, TSG Entertainment, 20th Century Fox",15.841,1,1,1,1,1,0,0,0,0,0,0,1,0,0,0,0,0,0,0,0,0,0,0,0,0,2.3012469225984535,,2.9947074230769237
tt6817944,About Endlessness,2019,78.0,"Comedy,Drama,Fantasy",4700000,434977,-0.9074517021276596,6.8,8865.0,sv,"Roy Andersson Filmproduktion AB, 4½, Essential Filmproduktion, Société Parisienne de Production, ARTE France Cinéma",7.796,1,1,1,0,0,0,0,1,0,0,1,0,1,0,0,0,0,0,0,0,0,0,0,0,0,3.1983071908460032,,
tt6823368,Glass,2019,129.0,"Drama,Fantasy,Horror",20000000,246999039,11.34995195,6.6,306861.0,en,"Universal Pictures, Blumhouse Productions, Blinding Edge Pictures, Buena Vista International, Perfect World Pictures",31.843,1,1,1,0,0,0,0,0,0,0,1,0,1,0,1,0,0,0,0,0,0,0,0,0,0,6.032382516464081,24.314692755555555,24.314692755555555
tt6836936,Saaho,2019,170.0,"Action,Thriller",51000000,55000000,0.0784313725490196,5.1,27121.0,te,UV Creations,7.418,1,1,1,1,0,0,0,0,0,0,0,0,0,0,0,0,0,0,0,0,0,0,1,0,0,4.291904026135185,,0.9813447778592385
tt6857112,Us,2019,116.0,"Horror,Mystery,Thriller",20000000,256067149,11.80335745,6.8,398946.0,en,"Monkeypaw Productions, Universal Pictures, QC Entertainment, Blumhouse Productions",25.853,1,1,1,0,0,0,0,0,0,0,0,0,0,0,1,0,0,1,0,0,0,0,1,0,0,8.711205781489479,55.75732644444445,28.065662455555557
tt6918220,The Shiny Shrimps,2019,103.0,"Comedy,Drama,Sport",3500000,4645750,0.3273571428571428,6.5,3371.0,fr,"Les improductibles, Kaly Productions, Charades",9.996,0,1,1,0,0,0,0,1,0,0,1,0,0,0,0,0,0,0,0,0,0,1,0,0,0,3.0235955857520445,,
tt6924204,The Dog Walker,2019,75.0,Thriller,50000,140000,1.8,4.8,65.0,en,,0.6,1,1,1,0,0,0,0,0,0,0,0,0,0,0,0,0,0,0,0,0,0,0,1,0,0,6.074610350312479,,
tt6924650,Midway,2019,138.0,"Action,Drama,History",100000000,127420861,0.27420861,6.7,106619.0,en,"AGC Studios, Centropolis Entertainment, Street Entertainment, Entertainment One, Starlight Culture Entertainment Group, Shanghai RuYi Entertainment",33.577,1,1,1,1,0,0,0,0,0,0,1,0,0,1,0,0,0,0,0,0,0,0,0,0,0,2.390936865026077,0.18780523737373736,
tt6977338,Good Boys,2019,90.0,"Adventure,Comedy",20000000,111037232,4.5518616,6.7,90799.0,en,"Good Universe, Point Grey Pictures",18.855,1,1,1,0,1,0,0,1,0,0,0,0,0,0,0,0,0,0,0,0,0,0,0,0,0,3.326531321294584,,
tt7016254,Synonyms,2019,123.0,"Comedy,Drama",2500000,242483,-0.9030068,6.3,6614.0,fr,"Pie Films, Komplizen Film, ARTE France Cinéma, SBS Productions",8.387,1,1,1,0,0,0,0,1,0,0,1,0,0,0,0,0,0,0,0,0,0,0,0,0,0,3.7769000735514693,,
tt7025388,Abigail,2019,110.0,"Action,Adventure,Family",7000000,1940234,-0.7228237142857142,4.8,5005.0,en,Kinodanz,10.39,1,1,1,1,1,0,0,0,0,0,0,1,0,0,0,0,0,0,0,0,0,0,0,0,0,2.3012469225984535,,
tt7054636,A Madea Family Funeral,2019,109.0,"Comedy,Drama",20000000,74747725,2.73738625,4.8,5707.0,en,Tyler Perry Studios,12.264,1,1,1,0,0,0,0,1,0,0,1,0,0,0,0,0,0,0,0,0,0,0,0,0,0,3.7769000735514693,3.7894551091578945,3.7894551091578945
tt7083526,Breakthrough,2019,116.0,"Biography,Drama",14000000,49231674,2.516548142857143,6.3,12042.0,en,"Fox 2000 Pictures, 20th Century Fox",29.215,1,1,1,0,0,0,1,0,0,0,1,0,0,0,0,0,0,0,0,0,0,0,0,0,0,2.7963457286051145,,
tt7131622,Once Upon a Time in... Hollywood,2019,161.0,"Comedy,Drama",95000000,374251247,2.939486810526316,7.6,975429.0,en,"Heyday Films, Columbia Pictures, Bona Film Group",47.706,1,1,1,0,0,0,0,1,0,0,1,0,0,0,0,0,0,0,0,0,0,0,0,0,0,3.7769000735514693,2.5400026590909093,2.5400026590909093
tt7139936,A Rainy Day in New York,2019,92.0,"Comedy,Romance",25000000,23800000,-0.048,6.4,58984.0,en,"Gravier Productions, Perdido Productions, FilmNation Entertainment",1.473,1,1,1,0,0,0,0,1,0,0,0,0,0,0,0,0,0,0,0,1,0,0,0,0,0,3.4592071008627436,0.900248512435065,0.900248512435065
tt7278824,The First King,2019,123.0,"Action,Adventure,Drama",8000000,2440478,-0.69494025,6.5,6531.0,la,"Groenlandia, GapBusters, Roman Citizen Entertainment, RAI Cinema, VOO, Casa Kafka Pictures, Belfius",12.69,1,1,1,1,1,0,0,0,0,0,1,0,0,0,0,0,0,0,0,0,0,0,0,0,0,2.8661737926783477,,
tt7286456,Joker,2019,122.0,Drama,55000000,1074458282,18.535605127272728,8.3,1720355.0,en,"Warner Bros. Pictures, Joint Effort, Village Roadshow Pictures, Bron Studios, DC Films",54.522,1,1,1,0,0,0,0,0,0,0,1,0,0,0,0,0,0,0,0,0,0,0,0,0,0,3.495030590295461,1.1558630749999992,0.46582382461904803
tt7329656,47 Meters Down: Uncaged,2019,90.0,"Adventure,Drama,Horror",12000000,47582563,2.965213583333333,5.0,34272.0,en,"The Fyzz, Lionsgate",19.705,1,1,1,0,1,0,0,0,0,0,1,0,0,0,1,0,0,0,0,0,0,0,0,0,0,6.216773069912954,5.895970585454545,10.308811090909089
tt7349950,It: Chapter Two,2019,169.0,"Drama,Fantasy,Horror",79000000,473122525,4.988892721518988,6.5,361525.0,en,"New Line Cinema, Vertigo Entertainment, Double Dream, Rideback",72.553,1,1,1,0,0,0,0,0,0,0,1,0,1,0,1,0,0,0,0,0,0,0,0,0,0,6.032382516464081,16.545,19.540323266287878
tt7390646,Black and Blue,2019,108.0,"Action,Thriller",12000000,22741061,0.8950884166666667,6.4,30309.0,en,"Hidden Empire Film Group, Royal Viking Entertainment, Screen Gems",15.379,1,1,1,1,0,0,0,0,0,0,0,0,0,0,0,0,0,0,0,0,0,0,1,0,0,4.291904026135185,4.695463138888888,
tt7394816,Primal,2019,97.0,"Action,Thriller",9000000,146863,-0.9836818888888887,4.9,12606.0,en,"Daniel Grodnik Productions, Wonderfilm Media, Imprint Entertainment, Artem Entertainment, Pimienta, Lionsgate",12.869,1,1,1,1,0,0,0,0,0,0,0,0,0,0,0,0,0,0,0,0,0,0,1,0,0,4.291904026135185,-0.79405988,
tt7430722,War,2019,151.0,"Action,Adventure,Thriller",27941858,66293455,1.3725499929174358,6.6,40686.0,hi,"Yash Raj Films, Reverie Entertainment",13.168,1,1,1,1,1,0,0,0,0,0,0,0,0,0,0,0,0,0,0,0,0,0,1,0,0,3.726033712684021,,1.2447836827370715
tt7439064,The Rising Hawk,2019,125.0,"Action,Drama,History",2900000,1560697,-0.4618286206896552,5.8,5142.0,en,"Kinorob, Cinema Day, Ukrainian State Film Agency",13.621,1,1,1,1,0,0,0,0,0,0,1,0,0,1,0,0,0,0,0,0,0,0,0,0,0,2.390936865026077,,0.372983
tt7444626,Child of Nature,2019,90.0,Documentary,1000000,1000000,0.0,8.6,28.0,en,"Child of Nature Films, Enigma Filmes, Interesting Human Media",2.362,1,0,0,0,0,0,0,0,0,1,0,0,0,0,0,0,0,0,0,0,0,0,0,0,0,1.129993403968253,,
tt7456310,Anna,2019,118.0,"Action,Adventure,Thriller",34000000,31626978,-0.0697947647058823,6.7,109408.0,fr,"EuropaCorp, TF1 Films Production, Summit Entertainment, Work in Progress, Fetish Film, Skyprod, Ondamax Films",32.6,1,1,1,1,1,0,0,0,0,0,0,0,0,0,0,0,0,0,0,0,0,0,1,0,0,3.726033712684021,5.373417291196389,2.5623125795148836
tt7458762,The Wolf's Call,2019,115.0,"Action,Thriller",22400000,12652790,-0.4351433035714285,6.9,24495.0,fr,"Pathé, Trésor Films, Chi-Fou-Mi Productions, Jouror Productions",16.72,0,1,1,1,0,0,0,0,0,0,0,0,0,0,0,0,0,0,0,0,0,0,1,0,0,4.291904026135185,,
tt7524414,Beats,2019,101.0,"Comedy,Crime,Drama",25000,310827,11.43308,7.1,5163.0,en,Rosetta Productions,5.382,1,0,1,0,0,0,0,1,1,0,1,0,0,0,0,0,0,0,0,0,0,0,0,0,0,2.9922583199994506,,
tt7531096,StarDog and TurboCat,2019,90.0,"Action,Adventure,Animation",2100000,585443,-0.721217619047619,5.2,2600.0,en,"Head Gear Films, Metrol Technology, Red Star 3D",11.829,1,1,1,1,1,1,0,0,0,0,0,0,0,0,0,0,0,0,0,0,0,0,0,0,0,2.9886579066269703,,
tt7547410,Dora and the Lost City of Gold,2019,102.0,"Action,Adventure,Comedy",49000000,120597108,1.4611654693877552,6.1,39742.0,en,"Nickelodeon Movies, Paramount Players, Walden Media, Screen Queensland, Paramount",24.131,1,1,1,1,1,0,0,1,0,0,0,0,0,0,0,0,0,0,0,0,0,0,0,0,0,3.054086781515687,0.6845888529411766,0.5862747719569756
tt7549996,Judy,2019,118.0,"Biography,Drama,Music",10000000,38981322,2.8981322,6.8,58868.0,en,"BBC Film, Calamity Films, Pathé, LD Entertainment, Roadside Attractions",11.491,1,1,1,0,0,0,1,0,0,0,1,0,0,0,0,1,0,0,0,0,0,0,0,0,0,6.508941817191427,,
tt7616798,A Dog's Way Home,2019,96.0,"Adventure,Drama,Family",18000000,17643857,-0.0197857222222222,6.7,23016.0,en,"Bona Film Group, Pariah, Columbia Pictures",25.165,1,1,1,0,1,0,0,0,0,0,1,1,0,0,0,0,0,0,0,0,0,0,0,0,0,2.629857885377643,0.4562370277777778,8.319809954545455
tt7634968,What Men Want,2019,117.0,"Comedy,Fantasy,Romance",20000000,69766483,2.48832415,5.4,35184.0,en,"Will Packer Productions, BET Films, Paramount Players",20.88,1,1,1,0,0,0,0,1,0,0,0,0,1,0,0,0,0,0,0,1,0,0,0,0,0,2.986511875720186,,
tt7653254,Marriage Story,2019,137.0,"Drama,Romance",18000000,2300000,-0.8722222222222222,7.9,374732.0,en,Heyday Films,16.594,1,1,1,0,0,0,0,0,0,0,1,0,0,0,0,0,0,0,0,1,0,0,0,0,0,3.177337617606735,0.7287309,0.7287309
tt7662118,Short Circuit,2019,126.0,"Comedy,Drama,Sci-Fi",210000,350000,0.6666666666666666,7.8,114.0,gu,Twilight Productions,0.6,1,1,1,0,0,0,0,1,0,0,1,0,0,0,0,0,0,0,0,0,1,0,0,0,0,3.456635573767103,,
tt7718114,FOMO: Fear of Missing Out,2019,93.0,Drama,208000,78254,-0.6237788461538462,6.6,1455.0,hu,"Filmteam, Vertigo Média",0.82,1,1,0,0,0,0,0,0,0,0,1,0,0,0,0,0,0,0,0,0,0,0,0,0,0,3.495030590295461,,
tt7734218,Stuber,2019,93.0,"Action,Comedy,Crime",16000000,32400000,1.025,6.2,54894.0,en,GoldDay,12.751,1,1,1,1,0,0,0,1,1,0,0,0,0,0,0,0,0,0,0,0,0,0,0,0,0,2.663647357220261,,
tt7752126,Brightburn,2019,90.0,"Drama,Fantasy,Horror",6000000,33224654,4.537442333333333,6.1,122574.0,en,"Troll Court Entertainment, Screen Gems, Stage 6 Films, The H Collective",29.142,1,1,1,0,0,0,0,0,0,0,1,0,1,0,1,0,0,0,0,0,0,0,0,0,0,6.032382516464081,,
tt7798634,Ready or Not,2019,95.0,"Comedy,Horror,Mystery",6000000,57615777,8.6026295,6.9,263230.0,en,"Mythology Entertainment, Vinson Films, Fox Searchlight Pictures, Radio Silence",26.743,1,1,1,0,0,0,0,1,0,0,0,0,0,0,1,0,0,1,0,0,0,0,0,0,0,8.039258850321145,4.20485357142857,
tt7818580,While at War,2019,107.0,"Drama,History,War",4735684,12277353,1.5925194755393308,6.9,7775.0,es,"Mod Producciones, Himenóptero, K & S Films, Movistar+",7.418,1,1,1,0,0,0,0,0,0,0,1,0,0,1,0,0,0,0,0,0,0,0,0,1,0,1.882738279147236,-0.11644494999999999,-0.11644494999999999
tt7858472,Sisters in Arms,2019,112.0,"Action,Drama,War",5600000,540482,-0.9034853571428572,6.1,1615.0,fr,"Kador, Place du Marché Productions, Davis Films, France 2 Cinéma, Eagle Pictures, Happy Moon Productions",10.079,1,1,1,1,0,0,0,0,0,0,1,0,0,0,0,0,0,0,0,0,0,0,0,1,0,2.329610078858241,,
tt7858496,The Japon,2019,91.0,Comedy,8250378,3262957,-0.6045081813221164,3.6,1091.0,es,"Atresmedia, DLO Producciones, Movistar+, Producciones Sol Naciente, Suroeste Films, 13 TV",3.721,1,1,1,0,0,0,0,1,0,0,0,0,0,0,0,0,0,0,0,0,0,0,0,0,0,4.058769556807478,0.5902260869565218,0.5902260869565218
tt7869070,The Fanatic,2019,88.0,"Crime,Drama,Mystery",18000000,3153,-0.9998248333333334,4.2,13439.0,en,"Daniel Grodnik Productions, Fig Production Group, Media Finance Capital, Pretzel Fang Productions, Wonderfilm Media, Oscar Generale Productions",11.053,1,1,1,0,0,0,0,0,1,0,1,0,0,0,0,0,0,1,0,0,0,0,0,0,0,4.13867228789504,,
tt7876510,My Thoughts Are Silent,2019,104.0,"Comedy,Drama",344000,351500,0.0218023255813953,7.8,4810.0,uk,Toy Cinema,2.494,1,1,1,0,0,0,0,1,0,0,1,0,0,0,0,0,0,0,0,0,0,0,0,0,0,3.7769000735514693,,
tt7903530,We Die Young,2019,92.0,"Action,Crime,Drama",4000000,143837,-0.96404075,5.2,5561.0,en,"Dream Team Films, Premiere Picture, Signature Pictures, Dog with a Bone Productions, Zone Vision",14.05,1,1,1,1,0,0,0,0,1,0,1,0,0,0,0,0,0,0,0,0,0,0,0,0,0,2.475734368382922,,
tt7958736,Ma,2019,99.0,"Horror,Mystery,Thriller",5000000,51749995,9.349999,5.6,71469.0,en,"Universal Pictures, Blumhouse Productions, Wyolah Films",15.987,1,1,1,0,0,0,0,0,0,0,0,0,0,0,1,0,0,1,0,0,0,0,1,0,0,8.711205781489479,1.4817701722222223,
tt7967412,Eye for an Eye,2019,107.0,"Crime,Drama,Thriller",3328289,2407571,-0.2766340302780197,6.6,9534.0,es,"Atresmedia, Vaca Films, Quien a hierro mata, Sony Pictures International Productions, Film Constellation, Ministerio de Educación, Cultura y Deporte, Xunta de Galicia, Canal+, ICAA, MEDIA Programme of the European Union, Playtime",7.788,1,1,1,0,0,0,0,0,1,0,1,0,0,0,0,0,0,0,0,0,0,0,1,0,0,3.6642052511677843,,-0.019860560156666124
tt7975244,Jumanji: The Next Level,2019,123.0,"Action,Adventure,Comedy",125000000,801693929,5.413551432,6.6,324299.0,en,"Columbia Pictures, Seven Bucks Productions, Matt Tolmach Productions, The Detective Agency",38.772,1,1,1,1,1,0,0,1,0,0,0,0,0,0,0,0,0,0,0,0,0,0,0,0,0,3.054086781515687,6.105530623611112,6.286205694158298
tt7984734,The Lighthouse,2019,109.0,"Drama,Fantasy,Horror",11000000,18129854,0.6481685454545455,7.4,308333.0,en,"A24, RT Features, New Regency Pictures, Parts and Labor, Maiden Voyage Pictures",21.971,1,1,1,0,0,0,0,0,0,0,1,0,1,0,1,0,0,0,0,0,0,0,0,0,0,6.032382516464081,10.549698571428571,10.549698571428571
tt8071360,Monster,2019,81.0,"Crime,Drama",3200,10000,2.125,8.0,15.0,en,Sodhi Productions Inc.,1.4,1,1,1,0,0,0,0,0,1,0,1,0,0,0,0,0,0,0,0,0,0,0,0,0,0,2.4590027015954368,,
tt8079248,Yesterday,2019,116.0,"Comedy,Fantasy,Music",26000000,88092097,2.388157576923077,6.8,186836.0,en,Working Title Films,12.82,1,1,1,0,0,0,0,1,0,0,0,0,1,0,0,1,0,0,0,0,0,0,0,0,0,6.678008325535533,0.742570938888889,4.267262746666667
tt8080196,Happy Birthday,2019,101.0,"Comedy,Drama,Family",5350000,2536386,-0.5259091588785046,6.0,1441.0,fr,Les films du Worso,6.193,1,1,1,0,0,0,0,1,0,0,1,1,0,0,0,0,0,0,0,0,0,0,0,0,0,3.118016709052906,,
tt8085790,Little,2019,109.0,"Comedy,Fantasy,Romance",20000000,17399000,-0.13005,5.6,16251.0,en,"Will Packer Productions, Universal Pictures, Legendary Pictures, Khalabo Ink Society",13.972,1,1,1,0,0,0,0,1,0,0,0,0,1,0,0,0,0,0,0,1,0,0,0,0,0,2.986511875720186,,4.069872880263158
tt8109800,Palau the Movie,2019,120.0,"Biography,Drama,History",2000000,134696,-0.932652,6.3,112.0,es,Bird House Productions,2.343,1,1,1,0,0,0,1,0,0,0,1,0,0,1,0,0,0,0,0,0,0,0,0,0,0,2.253757920011702,,
tt8134742,3 from Hell,2019,115.0,"Action,Horror,Western",3000000,2295825,-0.234725,5.4,20460.0,en,"Lionsgate, Capital Arts Entertainment, Spookshow International",14.711,1,1,1,1,0,0,0,0,0,0,0,0,0,0,1,0,0,0,0,0,0,0,0,0,1,5.039721970402837,-0.43305400000000005,-0.43305400000000005
tt8151874,Honey Boy,2019,94.0,Drama,3500000,3400977,-0.0282922857142857,7.2,43260.0,en,"Amazon Studios, Stay Gold Features, Delirio Films, Automatik Entertainment, Kindred Spirit, Red Crown Productions",11.294,1,1,1,0,0,0,0,0,0,0,1,0,0,0,0,0,0,0,0,0,0,0,0,0,0,3.495030590295461,,
tt8155288,Happy Death Day 2U,2019,100.0,"Comedy,Horror,Mystery",9000000,25327500,1.8141666666666667,6.2,97192.0,en,"Digital Riot Media, Blumhouse Productions",18.181,1,1,1,0,0,0,0,1,0,0,0,0,0,0,1,0,0,1,0,0,0,0,0,0,0,8.039258850321145,14.103741294444445,16.863184408333332
tt8228288,The Platform,2019,94.0,"Horror,Mystery,Sci-Fi",1203235,1090116,-0.0940123915943269,7.0,329049.0,es,"Basque Films, Mr. Miyagi, EiTB, TVE",29.398,1,1,1,0,0,0,0,0,0,0,0,0,0,0,1,0,0,1,0,0,1,0,0,0,0,7.625037856118109,,
tt8266310,Blinded by the Light,2019,118.0,"Comedy,Drama,Music",15000000,18144644,0.2096429333333333,6.9,28761.0,en,"New Line Cinema, Bend It Films, Ingenious Media, Levantine Films, Rakija Films, Warner Bros. Pictures, Cornerstone Films",12.343,1,1,1,0,0,0,0,1,0,0,1,0,0,0,0,1,0,0,0,0,0,0,0,0,0,7.162644713822329,,
tt8291806,Pain and Glory,2019,113.0,Drama,10769016,37359689,2.4691831639956705,7.5,67641.0,es,"El Deseo, TVE",12.452,1,1,1,0,0,0,0,0,0,0,1,0,0,0,0,0,0,0,0,0,0,0,0,0,0,3.495030590295461,14.079224161073828,14.079224161073828
tt8329148,Terra Willy,2019,89.0,"Adventure,Animation,Comedy",5100000,3123088,-0.3876298039215686,6.6,2785.0,fr,"Logical Pictures, TAT Productions, Bac Films, France 3 Cinéma, Master Films",10.861,1,1,1,0,1,1,0,1,0,0,0,0,0,0,0,0,0,0,0,0,0,0,0,0,0,3.5051818582434984,,
tt8333746,Pinocchio,2019,125.0,"Drama,Family,Fantasy",12400000,17133446,0.3817295161290323,6.3,16053.0,it,"Archimede, Recorded Picture Company, Le Pacte, HanWay Films, RAI Cinema, Leone Film Group, Eurimages, MEDIA Programme of the European Union, CNC, Canal+, Ciné+",18.328,1,1,1,0,0,0,0,0,0,0,1,1,1,0,0,0,0,0,0,0,0,0,0,0,0,2.44546733192877,-0.5416435833333333,-0.5416435833333333
tt8333978,Maharshi,2019,176.0,"Action,Drama",12000000,34000000,1.8333333333333333,7.1,11417.0,te,"Vyjayanthi Movies, Sri Venkateswara Creations, PVP Cinema",8.557,1,1,1,1,0,0,0,0,0,0,1,0,0,0,0,0,0,0,0,0,0,0,0,0,0,3.0021141461266767,,
tt8350360,Annabelle Comes Home,2019,106.0,"Horror,Mystery,Thriller",30000000,231252591,6.7084197,5.9,103779.0,en,"Atomic Monster, The Safran Company, New Line Cinema",51.386,0,1,1,0,0,0,0,0,0,0,0,0,0,0,1,0,0,1,0,0,0,0,1,0,0,8.711205781489479,,16.074750115435606
tt8363914,No Safe Spaces,2019,100.0,"Documentary,News,War",686599,1291514,0.8810309948019149,7.1,2983.0,en,"MJM Entertainment Group, Madison McQueen, Dangerous Documentaries",2.695,1,1,0,0,0,0,0,0,0,1,0,0,0,0,0,0,0,0,1,0,0,0,0,1,0,1.0572976741448117,,1.8889003999999998
tt8364368,Crawl,2019,87.0,"Action,Horror,Thriller",13500000,91542097,5.780896074074074,6.1,104049.0,en,"Raimi Productions, Fire Axe Pictures, Serbia Creates Film, Ontario Creates",32.163,1,1,1,1,0,0,0,0,0,0,0,0,0,0,1,0,0,0,0,0,0,0,1,0,0,7.048267861977361,,
tt8367814,The Gentlemen,2019,113.0,"Action,Comedy,Crime",22000000,115171795,4.235081590909091,7.8,463925.0,en,"Miramax, Toff Guy Films, STX Films",31.06,1,1,1,1,0,0,0,1,1,0,0,0,0,0,0,0,0,0,0,0,0,0,0,0,0,2.663647357220261,0.1457532961904766,0.1457532961904766
tt8368406,Vivarium,2019,97.0,"Horror,Mystery,Sci-Fi",3947600,487625,-0.8764755800993008,5.8,95066.0,en,"Fantastic Films, Frakas Productions, Lovely Productions, XYZ Films, PingPongFilm, Saban Films",16.99,1,1,1,0,0,0,0,0,0,0,0,0,0,0,1,0,0,1,0,0,1,0,0,0,0,7.625037856118109,,
tt8385474,A Dog's Journey,2019,109.0,"Adventure,Comedy,Drama",16000000,78871079,3.9294424375,7.5,33570.0,en,"Walden Media, Alibaba Pictures Group, Amblin Entertainment, Universal Pictures, DreamWorks Pictures, Amblin Partners, Pariah Entertainment Group, Reliance Entertainment",32.243,1,1,1,0,1,0,0,1,0,0,1,0,0,0,0,0,0,0,0,0,0,0,0,0,0,3.3826977442948762,,6.802096728290366
tt8561690,4x4,2019,90.0,"Crime,Thriller",3000000,1292773,-0.5690756666666666,5.7,3341.0,es,"Mediapro, Televisión Abierta",11.176,1,1,1,0,0,0,0,0,1,0,0,0,0,0,0,0,0,0,0,0,0,0,1,0,0,3.7487925816039462,-0.7911072045585427,
tt8579674,1917,2019,119.0,"Drama,War",100000000,394638258,2.94638258,8.2,783621.0,en,"DreamWorks Pictures, Reliance Entertainment, New Republic Pictures, Neal Street Productions, Mogambo Films, Amblin Partners",44.356,1,1,1,0,0,0,0,0,0,0,1,0,0,0,0,0,0,0,0,0,0,0,0,1,0,2.2398162673084157,2.594590240816327,
tt8594376,Into the Labyrinth,2019,130.0,"Crime,Drama,Horror",4000000,2514679,-0.37133025,5.8,5793.0,it,"Gavila, Medusa Film, Colorado Film Production, Banca Sella Patrimoni",7.362,1,1,1,0,0,0,0,0,1,0,1,0,0,0,1,0,0,0,0,0,0,0,0,0,0,5.826333645617528,,
tt8613070,Portrait of a Lady on Fire,2019,122.0,"Drama,Romance",5740000,9923127,0.7287677700348432,8.0,129689.0,fr,"Lilies Films, ARTE France Cinéma, Hold Up Films",22.175,1,1,1,0,0,0,0,0,0,0,1,0,0,0,0,0,0,0,0,1,0,0,0,0,0,3.177337617606735,,-0.265843
tt8615732,Leaving Afghanistan,2019,113.0,"Action,Drama,War",4302540,731827,-0.8299081472804436,6.1,1454.0,ru,"Germes Film, Cinema Fund, Pavel Lungin Studios",7.931,1,1,1,1,0,0,0,0,0,0,1,0,0,0,0,0,0,0,0,0,0,0,0,1,0,2.329610078858241,,
tt8623904,Last Christmas,2019,103.0,"Comedy,Drama,Fantasy",30000000,121550750,3.0516916666666667,6.5,107006.0,en,"Universal Pictures, Feigco Entertainment",13.789,1,1,1,0,0,0,0,1,0,0,1,0,1,0,0,0,0,0,0,0,0,0,0,0,0,3.1983071908460032,2.3663890447649574,5.055783428571429
tt8637428,The Farewell,2019,100.0,"Comedy,Drama",250300,23076657,91.19599280862964,7.5,76053.0,en,"Big Beach, Depth of Field, Kindred Spirit, Seesaw Productions",11.136,1,1,1,0,0,0,0,1,0,0,1,0,0,0,0,0,0,0,0,0,0,0,0,0,0,3.7769000735514693,,
tt8652728,Waves,2019,135.0,"Drama,Romance,Sport",6000000,2576990,-0.5705016666666667,7.5,39068.0,en,"Bron Studios, JW Films",13.519,1,1,1,0,0,0,0,0,0,0,1,0,0,0,0,0,0,0,0,1,0,1,0,0,0,2.623887281788888,2.8561862,2.8561862
tt8663516,Child's Play,2019,90.0,"Drama,Horror,Sci-Fi",10000000,44902237,3.4902237,5.7,60994.0,en,"KatzSmith Productions, Metro-Goldwyn-Mayer, Oddfellows Entertainment, Orion Pictures, Bron Studios, Creative Wealth Media Finance",15.623,1,1,1,0,0,0,0,0,0,0,1,0,0,0,1,0,0,0,0,0,1,0,0,0,0,6.290710899385181,,-0.6615384615384614
tt8688634,21 Bridges,2019,99.0,"Action,Adventure,Crime",33000000,49939757,0.5133259696969696,6.7,81649.0,en,"AGBO, MWM Studios, Huayi Brothers Pictures, Universal Pictures",16.605,1,1,1,1,1,0,0,0,1,0,0,0,0,0,0,0,0,0,0,0,0,0,0,0,0,2.1754885335449985,,0.107185209090909
tt8722346,Queen & Slim,2019,132.0,"Crime,Drama,Romance",20000000,47803176,1.3901588,7.1,37570.0,en,"Hillman Grad Productions, De La Revolución Films, 3BlackDot, Creative Wealth Media Finance, Entertainment One, Makeready, Bron Studios",12.575,1,1,1,0,0,0,0,0,1,0,1,0,0,0,0,0,0,0,0,1,0,0,0,0,0,2.5925500160362946,,
tt8753438,The Ash Lad: In Search of the Golden Castle,2019,99.0,"Adventure,Family,Fantasy",7300000,2996763,-0.5894845205479452,6.3,1973.0,no,"Maipo Film, uMedia",10.198,1,1,1,0,1,0,0,0,0,0,0,1,1,0,0,0,0,0,0,0,0,0,0,0,0,2.1452214970908465,,
tt8772262,Midsommar,2019,148.0,"Drama,Horror,Mystery",9000000,47969371,4.329930111111112,7.1,495508.0,en,"B-Reel Films, Square Peg",32.581,1,1,1,0,0,0,0,0,0,0,1,0,0,0,1,0,0,1,0,0,0,0,0,0,0,7.851345861483806,7.2530552,7.2530552
tt8785134,Natasaarvabhowma,2019,157.0,Action,2170217,5063840,1.3333334869278048,6.4,1381.0,kn,Rockline Entertainments,2.944,1,1,1,1,0,0,0,0,0,0,0,0,0,0,0,0,0,0,0,0,0,0,0,0,0,2.509197701957892,0.8000003038200818,0.8000003038200818
tt8806768,I Can Quit Whenever I Want,2019,98.0,Comedy,4833490,11788968,1.439017769768842,5.6,2143.0,es,"Mod Producciones, Telecinco Cinema",7.242,1,1,1,0,0,0,0,1,0,0,0,0,0,0,0,0,0,0,0,0,0,0,0,0,0,4.058769556807478,,-0.972697
tt8876008,Keep Safe Distance,2019,128.0,"Action,Thriller",350000,3000000,7.571428571428571,,,en,Rama Dhanraj Production,0.811,0,0,1,1,0,0,0,0,0,0,0,0,0,0,0,0,0,0,0,0,0,0,1,0,0,4.291904026135185,,
tt8881326,Jatrai Jatra,2019,137.0,Comedy,84600,920000,9.874704491725767,7.5,982.0,ne,Shatkon Arts,0.6,1,1,1,0,0,0,0,1,0,0,0,0,0,0,0,0,0,0,0,0,0,0,0,0,0,4.058769556807478,,
tt8946378,Knives Out,2019,130.0,"Comedy,Crime,Drama",40000000,312897920,6.822448,7.9,888480.0,en,"Lionsgate, MRC, T-Street Productions",39.064,1,1,1,0,0,0,0,1,1,0,1,0,0,0,0,0,0,0,0,0,0,0,0,0,0,2.9922583199994506,5.66349415,5.66349415
tt8956872,Valhalla: The Legend of Thor,2019,105.0,"Adventure,Fantasy,Thriller",5256817,70821,-0.9865277790723932,5.2,3956.0,da,"Profile Pictures, Nordisk Film, Bacon, Bulldozer Film, Netop Films, Chinema Film Sweden, Nordisk Film & TV Fond, Det Danske Filminstitut, DR, Copenhagen Film Fund, Film i Skåne",10.481,1,1,1,0,1,0,0,0,0,0,0,0,1,0,0,0,0,0,0,0,0,0,1,0,0,3.5700082871764134,,
tt8974368,Promise of Pisa,2019,105.0,"Drama,Music,Romance",220000,297388,0.3517636363636364,6.7,1064.0,nl,"All Yours Film, Minds Meet, Willy Waltz International",2.967,1,1,1,0,0,0,0,0,0,0,1,0,0,0,0,1,0,0,0,1,0,0,0,0,0,6.762936409859173,,
tt8983202,Kabir Singh,2019,173.0,"Drama,Romance",8751000,55478164,5.339637070049137,7.0,46189.0,hi,"Cine1 Studios, T-Series",8.157,1,1,1,0,0,0,0,0,0,0,1,0,0,0,0,0,0,0,0,1,0,0,0,0,0,3.177337617606735,9.256410256410255,4.112750887398775
tt9015746,Kölcsönlakás,2019,95.0,"Comedy,Romance",1645266,757123,-0.5398172696694638,3.9,1230.0,hu,,0.628,0,1,1,0,0,0,0,1,0,0,0,0,0,0,0,0,0,0,0,1,0,0,0,0,0,3.4592071008627436,,
tt9034290,Turkish Ice-Cream,2019,123.0,"Drama,History,War",3000000,1289283,-0.570239,6.4,5791.0,tr,Dijital Sanatlar,3.123,1,1,1,0,0,0,0,0,0,0,1,0,0,1,0,0,0,0,0,0,0,0,0,1,0,1.882738279147236,2.341345,
tt9052870,Chhichhore,2019,143.0,"Comedy,Drama,Romance",6825000,29353057,3.3008142124542124,8.3,74097.0,hi,"Star Studios, Nadiadwala Grandson Entertainment",8.206,1,1,1,0,0,0,0,1,0,0,1,0,0,0,0,0,0,0,0,1,0,0,0,0,0,3.471148264006983,28.90384615384616,15.230332137426315
tt9063902,"Live Twice, Love Once",2019,101.0,"Comedy,Drama",1450000,368430,-0.7459103448275862,7.2,7722.0,es,"Alamar Cinema 161, Convoy Films, Film Factory",9.275,1,1,1,0,0,0,0,1,0,0,1,0,0,0,0,0,0,0,0,0,0,0,0,0,0,3.7769000735514693,,
tt9071322,Dark Waters,2019,126.0,"Biography,Drama,History",20000000,13601384,-0.3199308,7.6,123132.0,en,"Participant, Killer Films, Focus Features, Amblin Partners, DreamWorks Pictures",18.382,1,1,1,0,0,0,1,0,0,0,1,0,0,1,0,0,0,0,0,0,0,0,0,0,0,2.253757920011702,2.4128927966101696,0.107185209090909
tt9133370,Golden Men,2019,110.0,"Crime,Drama",929868,929868,0.0,6.1,1110.0,it,"Italian International Film, RAI Cinema",5.946,1,1,1,0,0,0,0,0,1,0,1,0,0,0,0,0,0,0,0,0,0,0,0,0,0,2.4590027015954368,,
tt9134216,Playing with Fire,2019,96.0,"Comedy,Family",29900000,69412425,1.3214857859531772,5.2,18042.0,en,"Broken Road Productions, Nickelodeon Movies, Paramount Players, Walden Media",15.929,1,1,1,0,0,0,0,1,0,0,0,1,0,0,0,0,0,0,0,0,0,0,0,0,0,2.9295097684316285,1.8315063684210529,
tt9165806,Ittymaani: Made in China,2019,158.0,"Comedy,Drama",1300000,4400000,2.3846153846153846,4.2,1614.0,ml,Aashirvad Cinemas,3.019,0,0,1,0,0,0,0,1,0,0,1,0,0,0,0,0,0,0,0,0,0,0,0,0,0,3.7769000735514693,,
tt9172422,La belle époque,2019,115.0,"Comedy,Drama,Fantasy",11000000,13935410,0.2668554545454545,7.4,22082.0,fr,"Les Films du Kiosque, Pathé, Orange Studio, France 2 Cinéma, uMedia, Hugar Prod",9.625,1,1,1,0,0,0,0,1,0,0,1,0,1,0,0,0,0,0,0,0,0,0,0,0,0,3.1983071908460032,,
tt9173002,The Goya Murders,2019,95.0,"Action,Adventure,Crime",2700000,443038,-0.8359118518518519,4.8,1209.0,es,"Movistar+, Entre Chien et Loup, Tornasol Films, TVE",7.044,1,1,1,1,1,0,0,0,1,0,0,0,0,0,0,0,0,0,0,0,0,0,0,0,0,2.1754885335449985,,
tt9260446,Don't Stop Me Now,2019,100.0,"Action,Comedy",8000000,5000000,-0.375,5.9,1682.0,it,"Wildside, Vision Distribution",9.297,1,1,1,1,0,0,0,1,0,0,0,0,0,0,0,0,0,0,0,0,0,0,0,0,0,3.283983629382685,,
tt9264336,Driving Licence,2019,135.0,"Action,Comedy,Drama",704334,3803406,4.400003407474295,7.2,4932.0,ml,,3.205,1,1,1,1,0,0,0,1,0,0,1,0,0,0,0,0,0,0,0,0,0,0,0,0,0,3.3543326163536107,-0.07246376811594235,
tt9284430,The Best Is Yet to Come,2019,117.0,"Comedy,Drama",13000000,7201952,-0.4460036923076923,6.7,2708.0,fr,"Chapter 2, Pathé, M6 Films, CN8 Productions, Belga Productions, Onyx Films, Fargo Films",9.194,1,1,1,0,0,0,0,1,0,0,1,0,0,0,0,0,0,0,0,0,0,0,0,0,0,3.7769000735514693,,-0.22528385714285715
tt9285882,Blue Story,2019,91.0,"Crime,Drama,Musical",1600000,5750000,2.59375,6.3,9729.0,en,"Paramount, BBC Film, Joi Productions",15.362,1,1,0,0,0,0,0,0,1,0,1,0,0,0,0,0,1,0,0,0,0,0,0,0,0,2.2298742200677775,,
tt9288776,White Snake,2019,99.0,"Action,Adventure,Animation",11936735,61631776,4.163202165416255,7.0,6511.0,zh,"Light Chaser Animation Studios, Beijing Joy Pictures, Tianjin Maoyan Weying Media, Zhejiang Hengdian Film Production, Beijing Jinyi Jiayi Film Distribution, Beijing Dadi Century, Warner Bros. Pictures",22.89,0,1,0,1,1,1,0,0,0,0,0,0,0,0,0,0,0,0,0,0,0,0,0,0,0,2.9886579066269703,,
tt9354944,Jexi,2019,84.0,"Comedy,Romance,Sci-Fi",5000000,9341824,0.8683648,6.0,33949.0,en,"CBS Films, Team Todd, Sierra/Affinity, Lionsgate, Jexi Studios, Entertainment One",15.411,1,1,1,0,0,0,0,1,0,0,0,0,0,0,0,0,0,0,0,1,1,0,0,0,0,3.2448402586412857,5.929838064285715,4.4680498132275135
tt9412268,Furie,2019,98.0,"Action,Drama,Thriller",1000000,6890000,5.89,6.3,6264.0,vi,"Premiere Picture, Studio68",9.753,1,1,1,1,0,0,0,0,0,0,1,0,0,0,0,0,0,0,0,0,0,0,1,0,0,4.026279547521944,,
tt9427166,Father There Is Only One,2019,98.0,"Comedy,Family",3400000,15894372,3.674815294117647,6.0,3862.0,es,"Bowfinger, MAMA SE FUE DE VIAJE LA PELICULA, A.I.E., Sony Pictures International Productions",23.985,1,1,1,0,0,0,0,1,0,0,0,1,0,0,0,0,0,0,0,0,0,0,0,0,0,2.9295097684316285,0.16787336406898112,0.16787336406898135
tt9537346,Ardaas Karaan,2019,140.0,Drama,1066375,4165528,2.9062506154026493,7.3,3042.0,pa,Humble Motion Pictures,1.105,1,1,1,0,0,0,0,0,0,0,1,0,0,0,0,0,0,0,0,0,0,0,0,0,0,3.495030590295461,,6.142857142857142
tt9541602,Extreme Job,2019,111.0,"Action,Comedy,Crime",8120000,124652206,14.351256896551725,7.1,15882.0,ko,"CJ Entertainment, about Film, Haegrimm Pictures",12.303,1,1,1,1,0,0,0,1,1,0,0,0,0,0,0,0,0,0,0,0,0,0,0,0,0,2.663647357220261,,
tt9564774,Venky Mama,2019,149.0,Drama,3500000,10000000,1.8571428571428568,5.5,1739.0,te,Suresh Productions,3.498,1,1,1,0,0,0,0,0,0,0,1,0,0,0,0,0,0,0,0,0,0,0,0,0,0,3.495030590295461,,
tt9720440,The Rise of Kibwetere,2019,,Thriller,25000,2000,-0.92,,,lg,"devoss media, MN Films Africa",0.6,0,0,0,0,0,0,0,0,0,0,0,0,0,0,0,0,0,0,0,0,0,0,1,0,0,6.074610350312479,,
tt9764654,Race to Freedom: Um Bok Dong,2019,118.0,"Biography,Drama,History",12547000,1091477,-0.9130089264365984,5.8,205.0,ko,Celltrion Entertainment,5.093,0,1,1,0,0,0,1,0,0,0,1,0,0,1,0,0,0,0,0,0,0,0,0,0,0,2.253757920011702,,
tt9877340,Nalpathiyonnu,2019,134.0,"Drama,Romance",632040,42200,-0.9332320739193722,5.3,278.0,ml,Signature Studios,0.907,1,0,1,0,0,0,0,0,0,0,1,0,0,0,0,0,0,0,0,1,0,0,0,0,0,3.177337617606735,,
tt9894470,VFW,2019,92.0,"Action,Crime,Horror",1000000,23101,-0.976899,6.1,10448.0,en,"Fangoria Films, Channel 83 Films, Media Finance Capital, Good Wizard, Voltage Pictures",9.077,1,0,1,1,0,0,0,0,1,0,0,0,0,0,1,0,0,0,0,0,0,0,0,0,0,5.497722682838339,,
tt0983946,Fantasy Island,2020,109.0,"Fantasy,Horror,Mystery",7000000,49447308,6.063901142857143,4.9,64431.0,en,"Blumhouse Productions, Columbia Pictures, Tower of Babble",15.29,1,1,1,0,0,0,0,0,0,0,0,0,1,0,1,0,0,1,0,0,0,0,0,0,0,6.551024005437263,26.23728371428572,22.440435095238097
tt10023150,My Cousin,2020,104.0,Comedy,10854516,2982559,-0.7252241371241241,5.4,774.0,fr,"Eskwad, TF1 Films Production, uMedia, uFund",5.141,1,1,1,0,0,0,0,1,0,0,0,0,0,0,0,0,0,0,0,0,0,0,0,0,0,3.983747520779271,,
tt10044182,Block Z,2020,101.0,"Action,Horror,Thriller",646955,709452,0.0966017729208368,5.4,514.0,tl,"Star Cinema – ABS-CBN Film Productions, Keep Filming, PelikulaRED",2.889,1,1,1,1,0,0,0,0,0,0,0,0,0,0,1,0,0,0,0,0,0,0,1,0,0,6.288314307461309,,
tt10059518,Unhinged,2020,90.0,"Action,Thriller",33000000,39238300,0.1890393939393939,6.0,87945.0,en,"Solstice Productions, Burek Films, Ingenious Media, Altitude Film Entertainment",48.514,1,1,1,1,0,0,0,0,0,0,0,0,0,0,0,0,0,0,0,0,0,0,1,0,0,4.013589729214862,,
tt10065694,Antebellum,2020,105.0,"Drama,Horror,Mystery",15000000,7060384,-0.5293077333333334,5.8,32073.0,en,"Lionsgate, QC Entertainment",15.438,1,0,1,0,0,0,0,0,0,0,1,0,0,0,1,0,0,1,0,0,0,0,0,0,0,7.017885541524378,,
tt10122618,Gondi,2020,112.0,Drama,20000,11400,-0.43,6.7,120.0,bn,Gorai Films,0.854,1,1,1,0,0,0,0,0,0,0,1,0,0,0,0,0,0,0,0,0,0,0,0,0,0,3.359410015524464,,
tt10196398,Bye Bye Morons,2020,87.0,"Comedy,Drama",9700000,16955173,0.7479559793814433,6.7,8022.0,fr,"Gaumont, Manchester Films, France 2, Canal+, Entourage Pictures, ADCB Films, CNC, Ciné+, France Télévisions, Mikros Image, La Région Île-de-France",9.631,1,1,1,0,0,0,0,1,0,0,1,0,0,0,0,0,0,0,0,0,0,0,0,0,0,3.6715787681518677,-0.3434782608695652,-0.5782381849030621
tt10233406,Les blagues de Toto,2020,84.0,"Comedy,Family",6438600,8859185,0.37594896406051,4.1,236.0,fr,"Superprod, SND, Bidibul Productions",2.147,1,1,1,0,0,0,0,1,0,0,0,1,0,0,0,0,0,0,0,0,0,0,0,0,0,2.832073091956369,,
tt10272386,The Father,2020,97.0,"Drama,Mystery",6000000,21029340,2.50489,8.2,248879.0,en,"Trademark Films, F Comme Film, Ciné-@, Embankment Films, Film4 Productions, Canal+, Ciné+, Orange Studio, Les Films du Cru, AG Studios NYC, Simon Friend Entertainment, Viewfinder, CAA Media Finance, Sony Pictures Classics",51.482,1,1,1,0,0,0,0,0,0,0,1,0,0,0,0,0,0,1,0,0,0,0,0,0,0,5.107946580309466,,
tt10288566,Another Round,2020,117.0,"Comedy,Drama",5150000,21700000,3.2135922330097086,7.7,229981.0,da,"Zentropa Entertainments, Film i Väst, Topkapi Films, Zentropa International Sweden, Zentropa International Netherlands",19.314,1,1,1,0,0,0,0,1,0,0,1,0,0,0,0,0,0,0,0,0,0,0,0,0,0,3.6715787681518677,,
tt10308928,Force of Nature,2020,91.0,"Action,Adventure,Crime",15000000,638221,-0.9574519333333332,4.6,14575.0,en,"Ingenious Media, Blue Box International, FON Film Production, Force of Nature Film, Grindstone Entertainment Group, Pimienta, River Bay Films, SSS Entertainment, Way Down East Entertainment, EFO Films",19.02,1,1,1,1,1,0,0,0,1,0,0,0,0,0,0,0,0,0,0,0,0,0,0,0,0,2.1542174877488574,-0.03146020000000005,
tt10375106,Mandibles,2020,77.0,"Comedy,Fantasy",4900000,2044087,-0.582839387755102,6.6,7883.0,fr,"Chi-Fou-Mi Productions, Artémis Productions, Memento Films Production, VOO, BeTV, Shelter Prod",8.92,1,1,1,0,0,0,0,1,0,0,0,0,1,0,0,0,0,0,0,0,0,0,0,0,0,2.9712864640211967,,
tt10413566,Tolo Tolo,2020,90.0,"Comedy,Family",20000000,52186426,1.6093213,5.7,5223.0,it,"Taodue Film, Medusa Film, Sky Cinema",7.049,1,1,1,0,0,0,0,1,0,0,0,1,0,0,0,0,0,0,0,0,0,0,0,0,0,2.832073091956369,,5.779060330056813
tt10420532,Ask Tesadüfleri Sever 2,2020,124.0,"Drama,Romance",2100000,1033730,-0.507747619047619,7.1,3634.0,tr,"Böcek Film, Hüzzam Film",1.974,1,1,1,0,0,0,0,0,0,0,1,0,0,0,0,0,0,0,0,1,0,0,0,0,0,3.0617449247847937,-0.6832370410367169,-0.6832370410367169
tt10451852,Nine Days,2020,124.0,"Drama,Fantasy",10000000,969204,-0.9030796,6.8,13883.0,en,"30WEST, Juniper Productions, MACRO, Sony Pictures Classics, Baked Studios",8.511,1,1,1,0,0,0,0,0,0,0,1,0,1,0,0,0,0,0,0,0,0,0,0,0,0,2.6591177113937934,,
tt10457128,Summer of 85,2020,101.0,"Drama,Romance",6900000,3600000,-0.4782608695652174,6.9,16561.0,fr,"Mandarin Production, SCOPE Pictures",12.932,1,1,1,0,0,0,0,0,0,0,1,0,0,0,0,0,0,0,0,1,0,0,0,0,0,3.0617449247847937,-0.4024509142053445,-0.4024509142053445
tt1051906,The Invisible Man,2020,124.0,"Drama,Horror,Mystery",7000000,144492724,19.641817714285715,7.1,289461.0,en,"Blumhouse Productions, Universal Pictures, Goalpost Pictures, Nervous Tick, Screen Australia",22.738,1,1,1,0,0,0,0,0,0,0,1,0,0,0,1,0,0,1,0,0,0,0,0,0,0,7.017885541524378,6.319862449999999,9.476094566666667
tt10618286,Mank,2020,131.0,"Biography,Drama",25000000,122252,-0.99510992,6.8,105642.0,en,Netflix International Pictures,10.68,1,0,1,0,0,0,1,0,0,0,1,0,0,0,0,0,0,0,0,0,0,0,0,0,0,2.6343616954480233,5.054596114754099,
tt10620868,#Alive,2020,98.0,"Action,Drama,Horror",6300000,13416285,1.1295690476190476,6.3,56118.0,ko,"Lotte Entertainment, Zip Cinema, Perspective Pictures",24.119,1,1,1,1,0,0,0,0,0,0,1,0,0,0,1,0,0,0,0,0,0,0,0,0,0,5.548384673018358,,
tt10633456,Minari,2020,115.0,Drama,2000000,12886100,5.44305,7.4,127158.0,en,Plan B Entertainment,16.285,1,1,1,0,0,0,0,0,0,0,1,0,0,0,0,0,0,0,0,0,0,0,0,0,0,3.359410015524464,,
tt1070874,The Trial of the Chicago 7,2020,129.0,"Drama,History,Thriller",35000000,107423,-0.9969307714285714,7.7,206876.0,en,"DreamWorks Pictures, Marc Platt Productions",13.69,1,1,1,0,0,0,0,0,0,0,1,0,0,1,0,0,0,0,0,0,0,0,1,0,0,3.3081093399208683,0.9761338333333334,0.5620981333333334
tt10816484,18 Presents,2020,115.0,"Drama,Family,Fantasy",2500000,3486375,0.39455,6.9,4632.0,it,"Lucky Red, 3 Marys Entertainment, RAI Cinema, Vision Distribution, Sky Italia",9.32,1,1,1,0,0,0,0,0,0,0,1,1,1,0,0,0,0,0,0,0,0,0,0,0,0,2.3328780286403514,,-0.5416435833333333
tt10818092,The (UN)perfect Guy,2020,92.0,"Comedy,Romance,Sci-Fi",1839363,8613317,3.682771698680467,3.2,971.0,ru,"Non-Stop Productions, KIT Film Studio, Central Partnership",2.121,1,1,1,0,0,0,0,1,0,0,0,0,0,0,0,0,0,0,0,1,1,0,0,0,0,3.1353740429748034,7.949776372721843,
tt1086064,Bill & Ted Face the Music,2020,91.0,"Adventure,Comedy,Music",25000000,6274027,-0.74903892,5.9,57234.0,en,"Endeavor Content, Hammerstone Studios, Lakeview Entertainment, TinRes Entertainment, Many Rivers Productions, Cittadino/Dugan Entertainment, Dial 9, Orion Pictures, Metro-Goldwyn-Mayer, Bloom",20.525,1,1,1,0,1,0,0,1,0,0,0,0,0,0,0,1,0,0,0,0,0,0,0,0,0,6.232457062396148,,2.7211259666666665
tt10919132,Love Mocktail,2020,153.0,"Drama,Romance",266103,665258,1.5000018789716765,8.1,5002.0,kn,,2.435,0,0,1,0,0,0,0,0,0,0,1,0,0,0,0,0,0,0,0,1,0,0,0,0,0,3.0617449247847937,,
tt10919380,Freaky,2020,102.0,"Comedy,Horror,Thriller",5000000,15104310,2.020862,6.3,82911.0,en,"Universal Pictures, Blumhouse Productions, Divide / Conquer",20.475,1,1,1,0,0,0,0,1,0,0,0,0,0,0,1,0,0,0,0,0,0,0,1,0,0,6.800236634528929,11.0313476375,6.327958933333332
tt10965792,Belle fille,2020,96.0,Comedy,4327440,2513010,-0.4192848427707836,5.8,615.0,fr,My Family,6.271,0,1,1,0,0,0,0,1,0,0,0,0,0,0,0,0,0,0,0,0,0,0,0,0,0,3.983747520779271,,
tt11032374,Demon Slayer: Kimetsu no Yaiba - The Movie: Mugen Train,2020,117.0,"Action,Adventure,Animation",15800000,503063688,30.83947392405064,8.2,102909.0,ja,"ufotable, Aniplex, Shueisha, TOHO",96.797,1,1,1,1,1,1,0,0,0,0,0,0,0,0,0,0,0,0,0,0,0,0,0,0,0,2.969786438597423,,
tt11140488,The Wolf of Snow Hollow,2020,85.0,"Comedy,Horror,Mystery",2000000,239828,-0.880086,6.2,29797.0,en,"Vanishing Angle, New Form Digital, XYZ Films",11.189,1,1,1,0,0,0,0,1,0,0,0,0,0,0,1,0,0,1,0,0,0,0,0,0,0,7.22599804327598,,
tt11206302,30 jours max,2020,87.0,"Action,Comedy,Crime",13000000,11208529,-0.1378054615384615,5.5,2671.0,fr,"Axel Films, StudioCanal, M6 Films, Canal+, Ciné+, M6",11.16,1,1,1,1,0,0,0,1,1,0,0,0,0,0,0,0,0,0,0,0,0,0,0,0,0,2.627426934813115,,3.925206963118188
tt11252440,Psycho Goreman,2020,95.0,"Comedy,Horror,Sci-Fi",1700000,95384,-0.9438917647058824,6.3,17216.0,en,"Dystopia Films, Raven Banner Entertainment, PurpleDOG",12.88,1,1,1,0,0,0,0,1,0,0,0,0,0,0,1,0,0,0,0,0,1,0,0,0,0,5.826601919611162,,
tt11317142,Shiva Baby,2020,77.0,"Comedy,Drama",250000,31014,-0.875944,7.1,42936.0,en,"Neon Heart Productions, Dimbo Pictures, It Doesn't Suck Productions, Bad Mensch Productions, Thick Media, Irving Harvey",13.201,1,1,1,0,0,0,0,1,0,0,1,0,0,0,0,0,0,0,0,0,0,0,0,0,0,3.6715787681518677,,
tt11456054,Run Hide Fight,2020,109.0,"Action,Crime,Drama",2000000,34561,-0.9827195,6.3,30600.0,en,"Cinestate, Rebeller, Bonfire Legend",19.13,1,1,1,1,0,0,0,0,1,0,1,0,0,0,0,0,0,0,0,0,0,0,0,0,0,2.4193144330615133,,
tt11502802,Tobulas Pasimatymas,2020,106.0,"Comedy,Romance",216000,947455,3.386365740740741,6.3,419.0,lt,,0.6,0,1,1,0,0,0,0,1,0,0,0,0,0,0,0,0,0,0,0,1,0,0,0,0,0,3.3739136774121974,,
tt11506284,Father There is Only One 2,2020,96.0,"Comedy,Family",4000000,14871307,2.71782675,5.6,2291.0,es,"Atresmedia, Bowfinger, Sony Pictures International Productions",25.913,1,1,1,0,0,0,0,1,0,0,0,1,0,0,0,0,0,0,0,0,0,0,0,0,0,2.832073091956369,1.3368540074185364,2.7980798116054806
tt11531530,Varane Avashyamund,2020,145.0,"Comedy,Drama,Romance",587640,4139731,6.044671907970867,6.9,4027.0,ml,"Wayfarer Films, M Star Entertainments, Playhouse Release",4.258,1,1,1,0,0,0,0,1,0,0,1,0,0,0,0,0,0,0,0,1,0,0,0,0,0,3.3690791234496196,,
tt11547520,Kalashnikov,2020,110.0,"Action,Biography,Drama",3500000,1593464,-0.5447245714285714,6.6,6381.0,ru,"R.B. Productions, Etalon-Film",14.824,1,1,1,1,0,0,1,0,0,0,1,0,0,0,0,0,0,0,0,0,0,0,0,0,0,2.5722346434908183,,-0.8233392476291803
tt11559652,Me contro Te - Il film: La vendetta del Signor S,2020,64.0,"Comedy,Family",75000,9500000,125.66666666666669,1.7,507.0,it,"Warner Bros Pictures Italia, Me contro Te, Colorado Film",6.037,1,1,1,0,0,0,0,1,0,0,0,1,0,0,0,0,0,0,0,0,0,0,0,0,0,2.832073091956369,,
tt11566164,Secret Zoo,2020,118.0,Comedy,8100000,8300000,0.0246913580246913,6.2,2456.0,ko,"about Film, Acemaker Movieworks, DCG Plus, Central Films, Finecut",8.537,1,1,1,0,0,0,0,1,0,0,0,0,0,0,0,0,0,0,0,0,0,0,0,0,0,3.983747520779271,,
tt11618536,Shithouse,2020,100.0,"Comedy,Drama,Romance",80000,18370,-0.770375,6.9,7959.0,en,CMR Productions,8.492,1,1,1,0,0,0,0,1,0,0,1,0,0,0,0,0,0,0,0,1,0,0,0,0,0,3.3690791234496196,,
tt11655202,Riders of Justice,2020,116.0,"Action,Comedy,Drama",5300000,679505,-0.8717915094339622,7.5,77316.0,da,"Zentropa International Sweden, Film i Väst, Zentropa Entertainments",18.586,1,1,1,1,0,0,0,1,0,0,1,0,0,0,0,0,0,0,0,0,0,0,0,0,0,3.263712691960048,,0.259177054990403
tt11664368,My Friend Karl,2020,50.0,Documentary,2000,5000,1.5,8.7,8.0,en,Blue Creek Productions,0.6,1,1,0,0,0,0,0,0,0,1,0,0,0,0,0,0,0,0,0,0,0,0,0,0,0,1.1712166402004551,,
tt11734696,"Sí, Mi Amor",2020,107.0,Comedy,5000,5000,0.0,3.9,236.0,es,Wallaz Producciones,3.729,0,0,1,0,0,0,0,1,0,0,0,0,0,0,0,0,0,0,0,0,0,0,0,0,0,3.983747520779271,,
tt12200256,No Escapes,2020,131.0,"Action,Drama",7000000,12916151,0.8451644285714286,6.5,2137.0,ru,"Studio Trite, Cinema Fund, Russia-1, Central Partnership, VGTRK",10.726,1,1,1,1,0,0,0,0,0,0,1,0,0,0,0,0,0,0,0,0,0,0,0,0,0,2.9036952775504363,,0.9895766211441801
tt12269174,DeMarcus Cousins Presents Boogie's Comedy Slam,2020,69.0,Comedy,409000,1500000,2.667481662591687,6.7,70.0,en,Indie Rights,1.625,1,0,0,0,0,0,0,1,0,0,0,0,0,0,0,0,0,0,0,0,0,0,0,0,0,3.983747520779271,,
tt12443946,Sweat,2020,106.0,Drama,1619835,11546,-0.9928721135177347,6.5,4812.0,pl,"Lava Films, Zentropa International Sweden, Film i Väst, Di Factory, ITI Neovision, EC1 Lódz, Opus Film, PISF, Svenska Filminstitutet, Canal+, Canal+ Polska",6.758,1,1,1,0,0,0,0,0,0,0,1,0,0,0,0,0,0,0,0,0,0,0,0,0,0,3.359410015524464,,
tt12649538,One Life at a Time,2020,73.0,Drama,100000,100000,0.0,5.2,97.0,en,JCFilms,1.757,1,1,1,0,0,0,0,0,0,0,1,0,0,0,0,0,0,0,0,0,0,0,0,0,0,3.359410015524464,,
tt12763920,Deliver Us from Evil,2020,114.0,"Action,Crime,Thriller",12000000,34662454,1.8885378333333327,6.8,7686.0,ko,"Hive Media Corp, CJ Entertainment",14.329,1,0,1,1,0,0,0,0,1,0,0,0,0,0,0,0,0,0,0,0,0,0,1,0,0,3.159244067504464,,
tt13017046,Thang Máy,2020,80.0,Horror,250000,247351,-0.010596,3.3,117.0,vi,,1.428,0,0,1,0,0,0,0,0,0,0,0,0,0,0,1,0,0,0,0,0,0,0,0,0,0,10.8377634639542,,
tt13333850,Tattness: The Other Side of Hell: The Documentary,2020,90.0,Documentary,5000,1000000,199.0,,,en,"Empire Productions, Tattness Co. Studios",0.6,0,0,0,0,0,0,0,0,0,1,0,0,0,0,0,0,0,0,0,0,0,0,0,0,0,1.1712166402004551,,
tt13463474,Unerhört!,2020,61.0,Documentary,20000,20000,0.0,,,de,,0.6,0,0,0,0,0,0,0,0,0,1,0,0,0,0,0,0,0,0,0,0,0,0,0,0,0,1.1712166402004551,,
tt13502066,Fukrey Boyzzz: Space Mein Fukrapanti,2020,74.0,"Animation,Comedy,Family",10000,10000,0.0,8.0,34.0,hi,,0.926,1,1,1,0,0,1,0,1,0,0,0,1,0,0,0,0,0,0,0,0,0,0,0,0,0,3.187135260180701,,
tt14642304,The Extravaganza,2020,72.0,Music,100000,1000000,9.0,9.2,32.0,en,88 Rising,1.4,1,1,1,0,0,0,0,0,0,0,0,0,0,0,0,1,0,0,0,0,0,0,0,0,0,12.149504486822675,,
tt1502397,Bad Boys for Life,2020,124.0,"Action,Comedy,Crime",90000000,426505244,3.738947155555556,6.5,199161.0,en,"Columbia Pictures, 2.0 Entertainment, Don Simpson/Jerry Bruckheimer Films, Overbrook Entertainment",46.619,1,1,1,1,0,0,0,1,1,0,0,0,0,0,0,0,0,0,0,0,0,0,0,0,0,2.627426934813115,,1.140069091737752
tt1634106,Bloodshot,2020,109.0,"Action,Adventure,Drama",42000000,39861118,-0.0509257619047619,5.7,91983.0,en,"Cross Creek Pictures, Mimran Schur Pictures, Original Film, The Hideaway Entertainment, Valiant Entertainment, Columbia Pictures, One Race, Bona Film Group, Mid Atlantic Films",29.852,1,1,1,1,1,0,0,0,0,0,1,0,0,0,0,0,0,0,0,0,0,0,0,0,0,2.79050324489579,,21.295842634824144
tt2222042,Love and Monsters,2020,109.0,"Action,Adventure,Comedy",30000000,1122066,-0.9625978,6.9,161738.0,en,21 Laps Entertainment,23.156,1,1,1,1,1,0,0,1,0,0,0,0,0,0,0,0,0,0,0,0,0,0,0,0,0,2.998615746647392,,0.43325778052875696
tt2850386,The Croods: A New Age,2020,95.0,"Adventure,Animation,Comedy",65000000,215905815,2.3216279230769232,6.9,62657.0,en,"Universal Pictures, DreamWorks Animation",63.456,1,1,1,0,1,1,0,1,0,0,0,0,0,0,0,0,0,0,0,0,0,0,0,0,0,3.481708765665044,,2.8794452309523813
tt2948372,Soul,2020,100.0,"Adventure,Animation,Comedy",150000000,136384442,-0.0907703866666666,8.0,456484.0,en,"Walt Disney Pictures, Pixar",48.876,1,1,1,0,1,1,0,1,0,0,0,0,0,0,0,0,0,0,0,0,0,0,0,0,0,3.481708765665044,3.90063528,3.90063528
tt3152592,Scoob!,2020,94.0,"Adventure,Animation,Comedy",90000000,28588425,-0.6823508333333334,5.6,33565.0,en,"Warner Bros. Pictures Animation, Warner Bros. Pictures",21.788,1,1,1,0,1,1,0,1,0,0,0,0,0,0,0,0,0,0,0,0,0,0,0,0,0,3.481708765665044,,2.398881556210516
tt3794354,Sonic the Hedgehog,2020,99.0,"Action,Adventure,Comedy",85000000,319715683,2.761360976470588,6.5,195936.0,en,"Original Film, Blur Studio, Marza Animation Planet, Paramount, SEGA",53.708,1,1,1,1,1,0,0,1,0,0,0,0,0,0,0,0,0,0,0,0,0,0,0,0,0,2.998615746647392,,
tt4411584,The Secret: Dare to Dream,2020,107.0,"Drama,Romance",21000000,3215636,-0.8468744761904762,6.6,20407.0,en,"Savvy Media Holdings, Covert Media, Roadside Attractions, Illumination Productions, Robert Cort Productions, Shine Box Media Group, Tri G",13.015,1,1,1,0,0,0,0,0,0,0,1,0,0,0,0,0,0,0,0,1,0,0,0,0,0,3.0617449247847937,,
tt4532038,The War with Grandpa,2020,94.0,"Comedy,Drama,Family",18000000,43387445,1.4104136111111112,5.7,28548.0,en,"Marro Films, EFO Films, Tri G, West Madison Entertainment",30.701,1,1,1,0,0,0,0,1,0,0,1,1,0,0,0,0,0,0,0,0,0,0,0,0,0,3.0078520664790673,,1.7323778296296295
tt4566758,Mulan,2020,115.0,"Action,Adventure,Drama",200000000,66800000,-0.666,5.8,168468.0,en,"Walt Disney Pictures, China Film Group Corporation, Good Fear, Jason T. Reed Productions",43.222,1,1,1,1,1,0,0,0,0,0,1,0,0,0,0,0,0,0,0,0,0,0,0,0,0,2.79050324489579,0.30764175,3.883629444901961
tt4682266,The New Mutants,2020,94.0,"Action,Horror,Mystery",67000000,49169594,-0.2661254626865671,5.3,103245.0,en,"20th Century Studios, Genre Films, Sunswept Entertainment",26.231,1,1,1,1,0,0,0,0,0,0,0,0,0,0,1,0,0,1,0,0,0,0,0,0,0,6.7140757162083595,20.94048814285714,0.462767
tt4685762,The Craft: Legacy,2020,97.0,"Comedy,Drama,Fantasy",18000000,2300000,-0.8722222222222222,4.6,19137.0,en,"Blumhouse Productions, Red Wagon Entertainment, Columbia Pictures",23.708,1,1,0,0,0,0,0,1,0,0,1,0,1,0,0,0,0,0,0,0,0,0,0,0,0,3.1006609811889523,-0.975163,0.20079360526315804
tt4823776,The SpongeBob Movie: Sponge on the Run,2020,91.0,"Adventure,Animation,Comedy",60000000,4700000,-0.9216666666666666,5.9,26140.0,en,"United Plankton Pictures, Nickelodeon Movies, Paramount Animation, Paramount, MRC, Mikros Image",50.823,1,1,1,0,1,1,0,1,0,0,0,0,0,0,0,0,0,0,0,0,0,0,0,0,0,3.481708765665044,,2.252889842368438
tt5198068,Wolfwalkers,2020,103.0,"Action,Adventure,Animation",12000000,1266570,-0.8944525,8.0,45959.0,en,"Cartoon Saloon, Melusine Productions, Value&Power Culture Communications, Film Fund Luxembourg, Fís Éireann/Screen Ireland, Broadcasting Authority of Ireland, Haut et Court, Canal+, RTÉ, OCS, Pôle Image Magelis, Folivari, GKIDS",18.931,1,1,1,1,1,1,0,0,0,0,0,0,0,0,0,0,0,0,0,0,0,0,0,0,0,2.969786438597423,,
tt5259822,Tesla,2020,102.0,"Biography,Drama",5000000,459051,-0.9081898,5.1,11574.0,en,"Campbell Grobman Films, Intrinsic Value Films, Jeff Rice Films, Passage Pictures, Millennium Media, Under the Influence Productions",15.759,1,1,1,0,0,0,1,0,0,0,1,0,0,0,0,0,0,0,0,0,0,0,0,0,0,2.6343616954480233,,
tt5439812,Zola,2020,86.0,"Comedy,Crime,Drama",5000000,3500000,-0.3,6.4,20802.0,en,"Killer Films, Ramona Films, Gigi Films",15.705,1,1,1,0,0,0,0,1,1,0,1,0,0,0,0,0,0,0,0,0,0,0,0,0,0,2.9312367601291336,,
tt5747714,Unbound,2020,97.0,"Action,Crime,Drama",80000,21000000,261.5,3.4,1157.0,en,Rahaman Studios,0.796,1,1,1,1,0,0,0,0,1,0,1,0,0,0,0,0,0,0,0,0,0,0,0,0,0,2.4193144330615133,,
tt5774060,Underwater,2020,95.0,"Action,Adventure,Horror",50000000,40882928,-0.18234144,5.9,109960.0,en,"Chernin Entertainment, 20th Century Fox, TSG Entertainment",20.152,1,1,1,1,1,0,0,0,0,0,0,0,0,0,1,0,0,0,0,0,0,0,0,0,0,5.283287727705702,-0.33366950000000006,0.7490843484595959
tt5867314,The Empty Man,2020,137.0,"Drama,Horror,Mystery",16000000,4796993,-0.7001879375,6.2,51183.0,en,"BOOM! Studios, Out of Africa Entertainment, 20th Century Fox",28.287,1,1,1,0,0,0,0,0,0,0,1,0,0,0,1,0,0,1,0,0,0,0,0,0,0,7.017885541524378,,
tt5939404,The Wife's Letter,2020,143.0,Drama,1000,1000,0.0,7.1,11.0,en,,0.6,0,0,0,0,0,0,0,0,0,0,1,0,0,0,0,0,0,0,0,0,0,0,0,0,0,3.359410015524464,,
tt6199572,Capone,2020,103.0,"Biography,Crime,Drama",20600000,858281,-0.9583358737864076,4.7,25509.0,en,"Bron Studios, A Band Apart, Addictive Pictures, Creative Wealth Media Finance, Lawrence Bender Productions, Endeavor Content, AI Film Entertainment",10.141,1,1,1,0,0,0,1,0,1,0,1,0,0,0,0,0,0,0,0,0,0,0,0,0,0,2.2397587116599045,0.3998132999999999,0.3998132999999999
tt6475714,Monster Hunter,2020,103.0,"Action,Adventure,Fantasy",60000000,42145959,-0.29756735,5.2,75982.0,en,"CAPCOM, Constantin Film, Impact Pictures, Tencent Pictures, TOHO",40.804,1,1,1,1,1,0,0,0,0,0,0,0,1,0,0,0,0,0,0,0,0,0,0,0,0,2.323641708808676,3.4921909799999993,6.806065649999999
tt6587640,Trolls World Tour,2020,91.0,"Adventure,Animation,Comedy",90000000,49276818,-0.4524798,6.1,33494.0,en,"DreamWorks Animation, Universal Pictures, dentsu",33.796,1,1,1,0,1,1,0,1,0,0,0,0,0,0,0,0,0,0,0,0,0,0,0,0,0,3.481708765665044,,2.824577366365819
tt6673612,Dolittle,2020,101.0,"Adventure,Comedy,Family",175000000,251410631,0.4366321771428571,5.6,80218.0,en,"Universal Pictures, Team Downey, Perfect World Pictures, Roth-Kirschenbaum Films, dentsu",23.387,1,1,1,0,1,0,0,1,0,0,0,1,0,0,0,0,0,0,0,0,0,0,0,0,0,2.7427551211664123,-0.25595305,
tt6723592,Tenet,2020,150.0,"Action,Sci-Fi,Thriller",205000000,365304105,0.781971243902439,7.3,707732.0,en,"Warner Bros. Pictures, Syncopy",44.025,1,1,1,1,0,0,0,0,0,0,0,0,0,0,0,0,0,0,0,0,1,0,1,0,0,3.56182474417658,2.883118806060606,2.883118806060606
tt6834916,Legacy of Lies,2020,101.0,"Action,Thriller",4500000,94583,-0.9789815555555555,5.1,4927.0,en,"Film Polska Production, Sarke Studio, Legacy Films, Eager Films B.V., 13 Films, Ukrainian State Film Agency, Toy Cinema",10.33,1,1,1,1,0,0,0,0,0,0,0,0,0,0,0,0,0,0,0,0,0,0,1,0,0,4.013589729214862,,
tt6878306,News of the World,2020,118.0,"Action,Adventure,Drama",38000000,12668325,-0.6666230263157895,6.8,101939.0,en,"Playtone, Pretty Pictures, Universal Pictures, Perfect World Pictures",12.601,1,1,1,1,1,0,0,0,0,0,1,0,0,0,0,0,0,0,0,0,0,0,0,0,0,2.79050324489579,2.4623742833333333,3.7308728716666666
tt7080422,Dragon Rider,2020,91.0,"Adventure,Animation,Comedy",17830000,3175644,-0.821893213684801,5.7,2459.0,en,"Able & Baker, Constantin Film, Cyborn, Lumatic, RISE PICTURES",13.954,1,1,1,0,1,1,0,1,0,0,0,0,0,0,0,0,0,0,0,0,0,0,0,0,0,3.481708765665044,,
tt7126948,Wonder Woman 1984,2020,151.0,"Action,Adventure,Fantasy",200000000,169601036,-0.15199482,5.3,314070.0,en,"Warner Bros. Pictures, The Stone Quarry, DC Films, Atlas Entertainment",48.128,1,1,1,1,1,0,0,0,0,0,0,0,1,0,0,0,0,0,0,0,0,0,0,0,0,2.323641708808676,4.5225119865771815,4.177002288118319
tt7134096,The Rhythm Section,2020,109.0,"Action,Drama,Mystery",50000000,5989583,-0.88020834,5.4,21533.0,en,"Eon Productions, Global Road Entertainment, Babieka Films, Ingenious Media, Whitebeard Films, AGC Studios, Paramount",14.002,1,0,1,1,0,0,0,0,0,0,1,0,0,0,0,0,0,1,0,0,0,0,0,0,0,4.221291233398447,,
tt7146812,Onward,2020,102.0,"Adventure,Animation,Comedy",200000000,141940042,-0.29029979,7.3,188783.0,en,"Walt Disney Pictures, Pixar",25.372,1,1,1,0,1,1,0,1,0,0,0,0,0,0,0,0,0,0,0,0,0,0,0,0,0,3.481708765665044,,
tt7294150,The Eight Hundred,2020,149.0,"Action,Drama,History",80000000,461421559,4.7677694875,6.7,8556.0,zh,"Beijing Diqi Yinxiang Entertainment, Huayi Brothers Pictures, Beijing Enlight Pictures, Tencent Pictures, South Australian Film Corporation, Huaxia Film Distribution",17.387,1,1,1,1,0,0,0,0,0,0,1,0,0,1,0,0,0,0,0,0,0,0,0,0,0,2.2643698801618988,,
tt7504726,The Call of the Wild,2020,100.0,"Adventure,Drama,Family",109000000,111202881,0.0202099174311926,6.7,64945.0,en,"3 Arts Entertainment, 20th Century Studios, TSG Entertainment, Halon Entertainment",36.824,1,1,1,0,1,0,0,0,0,0,1,1,0,0,0,0,0,0,0,0,0,0,0,0,0,2.5346426194148095,,1.3472292646530688
tt7510346,The Turning,2020,94.0,"Drama,Horror,Mystery",14000000,19428166,0.3877261428571428,3.9,17755.0,en,"Amblin Entertainment, DreamWorks Pictures, Universal Pictures, Vertigo Entertainment",11.319,1,1,1,0,0,0,0,0,0,0,1,0,0,0,1,0,0,1,0,0,0,0,0,0,0,7.017885541524378,,7.045858775
tt7545266,Like a Boss,2020,83.0,Comedy,29000000,26925979,-0.0715179655172413,4.7,16338.0,en,"Artists First, Paramount",10.745,1,1,1,0,0,0,0,1,0,0,0,0,0,0,0,0,0,0,0,0,0,0,0,0,0,3.983747520779271,2.5947910357142856,
tt7638348,Boss Level,2020,100.0,"Action,Adventure,Comedy",45000000,2000000,-0.9555555555555556,6.8,91543.0,en,"WarParty Films, Highland Film Group, Ingenious Media, Paradox Film Group, EFO Films, Big Red Films, Diamond Film Productions, Edver Films, Orca Entertainment Group, River Bay Films, The Fyzz, Scott Free Productions",30.218,1,1,1,1,1,0,0,1,0,0,0,0,0,0,0,0,0,0,0,0,0,0,0,0,0,2.998615746647392,,0.13390093333333342
tt7713068,Birds of Prey and the Fantabulous Emancipation of One Harley Quinn,2020,109.0,"Action,Comedy,Crime",75000000,205372791,1.73830388,6.1,285008.0,en,"Warner Bros. Pictures, DC Films, LuckyChap Entertainment, Clubhouse Pictures, Kroll & Co Entertainment",49.33,1,1,1,1,0,0,0,1,1,0,0,0,0,0,0,0,0,0,0,0,0,0,0,0,0,2.627426934813115,,0.04816188350970019
tt7737786,Greenland,2020,119.0,"Action,Adventure,Thriller",34000000,52300000,0.538235294117647,6.4,175625.0,en,"STX Films, Thunder Road, Anton, G-BASE, Riverstone Pictures, Truenorth Productions",35.287,1,1,1,1,1,0,0,0,0,0,0,0,0,0,0,0,0,0,0,0,0,0,1,0,0,3.530432879338741,2.666549425,
tt7798646,The Photograph,2020,106.0,"Drama,Romance",16000000,20690779,0.2931736875,6.1,6748.0,en,"Will Packer Productions, Universal Pictures, Perfect World Pictures",9.85,1,1,1,0,0,0,0,0,0,0,1,0,0,0,0,0,0,0,0,1,0,0,0,0,0,3.0617449247847937,5.162114,
tt8004664,Come Play,2020,96.0,"Drama,Horror,Mystery",9000000,8119285,-0.0978572222222222,5.8,20482.0,en,"Focus Features, Amblin Partners, Reliance Entertainment, The Picture Company, DreamWorks Pictures",19.343,1,1,1,0,0,0,0,0,0,0,1,0,0,0,1,0,0,1,0,0,0,0,0,0,0,7.017885541524378,,
tt8060328,Attraction 2: Invasion,2020,134.0,"Action,Sci-Fi",8819200,32104054,2.640245600507982,5.6,7088.0,ru,"Cinema Fund, Art Pictures Studio, Vodorod Film Company",41.596,1,1,1,1,0,0,0,0,0,0,0,0,0,0,0,0,0,0,0,0,1,0,0,0,0,2.553137656838212,2.869865847560086,2.869865847560086
tt8244784,The Hunt,2020,90.0,"Action,Horror,Thriller",14000000,10550350,-0.2464035714285714,6.6,157892.0,en,"Blumhouse Productions, dentsu, White Rabbit Productions, Universal Pictures",26.615,1,1,1,1,0,0,0,0,0,0,0,0,0,0,1,0,0,0,0,0,0,0,1,0,0,6.288314307461309,,0.10081222105263149
tt8305852,All My Life,2020,91.0,"Drama,Romance",25000000,2000000,-0.92,6.3,7127.0,en,"Broken Road Productions, Perfect World Pictures",12.716,1,0,1,0,0,0,0,0,0,0,1,0,0,0,0,0,0,0,0,1,0,0,0,0,0,3.0617449247847937,,
tt8332922,A Quiet Place Part II,2020,97.0,"Drama,Horror,Sci-Fi",61000000,297400000,3.875409836065574,7.2,328091.0,en,"Paramount, Platinum Dunes, Sunday Night, Buffalo FilmWorks",46.269,1,1,1,0,0,0,0,0,0,0,1,0,0,0,1,0,0,0,0,0,1,0,0,0,0,5.61848941785956,9.163225580495356,19.058823529411764
tt8366590,Baaghi 3,2020,143.0,"Action,Thriller",7952450,18473570,1.32300360266333,2.3,18206.0,hi,"Nadiadwala Grandson Entertainment, Star Studios",16.677,1,1,1,1,0,0,0,0,0,0,0,0,0,0,0,0,0,0,0,0,0,0,1,0,0,4.013589729214862,,1.6990384615384615
tt8461224,The Tax Collector,2020,95.0,"Action,Crime,Drama",30000000,942666,-0.9685778,4.9,17467.0,en,"Cross Creek Pictures, Cedar Park Entertainment, Faster Horse Pictures, Kodiak Pictures, RLJE Films",20.516,1,1,1,1,0,0,0,0,1,0,1,0,0,0,0,0,0,0,0,0,0,0,0,0,0,2.4193144330615133,1.671620409579832,1.671620409579832
tt8544498,The Way Back,2020,108.0,"Drama,Sport",23000000,14590514,-0.3656298260869565,6.7,57294.0,en,"Warner Bros. Pictures, Pearl Street Films, Mayhem Pictures, Bron Studios",9.852,1,1,1,0,0,0,0,0,0,0,1,0,0,0,0,0,0,0,0,0,0,1,0,0,0,2.3796783531224737,0.7911280095454545,0.43123288
tt8615822,Occupation: Rainfall,2020,128.0,"Action,Sci-Fi",25000000,331091,-0.98675636,4.7,16057.0,en,"Sparke Films, Saban Films, Film Mode Entertainment, Monster Pictures",10.673,1,1,1,1,0,0,0,0,0,0,0,0,0,0,0,0,0,0,0,0,1,0,0,0,0,2.553137656838212,,
tt8633478,Run,2020,90.0,"Drama,Horror,Mystery",1700000,5184368,2.0496282352941178,6.7,114984.0,en,Search Party,15.27,1,1,1,0,0,0,0,0,0,0,1,0,0,0,1,0,0,1,0,0,0,0,0,0,0,7.017885541524378,74.462037,74.462037
tt8850222,Peninsula,2020,116.0,"Action,Drama,Horror",17000000,42698327,1.511666294117647,5.5,44585.0,ko,"Next Entertainment World, RedPeter Film, Vantage Holdings, Contents Panda",30.117,1,1,1,1,0,0,0,0,0,0,1,0,0,0,1,0,0,0,0,0,0,0,0,0,0,5.548384673018358,9.299708,9.299708
tt8959680,One Second,2020,104.0,"Comedy,Drama,History",1250000,10791301,7.6330408,7.1,3477.0,zh,"Huanxi Media Group, Edko Films",9.849,1,1,1,0,0,0,0,1,0,0,1,0,0,1,0,0,0,0,0,0,0,0,0,0,0,2.776292207229519,1.1485458853558308,1.0840444040449952
tt8960138,Shortcut,2020,80.0,"Adventure,Fantasy,Horror",1400000,769563,-0.4503121428571429,4.1,2214.0,en,"Sternenberg Films, Mad Rocket Entertainment, Regione Lazio, Camaleo Film, Play Entertainment",8.286,1,1,1,0,1,0,0,0,0,0,0,0,1,0,1,0,0,0,0,0,0,0,0,0,0,5.120236016934606,,
tt9086228,Gretel & Hansel,2020,87.0,"Fantasy,Horror,Mystery",5000000,22304357,3.4608714,5.6,39893.0,en,"Automatik Entertainment, Bron Studios, Creative Wealth Media Finance, Orion Pictures, Wild Atlantic Pictures",16.122,1,1,1,0,0,0,0,0,0,0,0,0,1,0,1,0,0,1,0,0,0,0,0,0,0,6.551024005437263,,
tt9173418,Brahms: The Boy II,2020,86.0,"Drama,Horror,Mystery",10000000,20311536,1.0311536,4.7,22878.0,en,"STX Films, Lakeshore Entertainment",14.342,1,1,1,0,0,0,0,0,0,0,1,0,0,0,1,0,0,1,0,0,0,0,0,0,0,7.017885541524378,6.3929392,6.3929392
tt9199374,Uriyadi,2020,136.0,"Comedy,Mystery",3997866,11327287,1.8333333333333333,5.1,172.0,ml,Friends Film Factory,2.174,1,0,1,0,0,0,0,1,0,0,0,0,0,0,0,0,0,1,0,0,0,0,0,0,0,5.42011533293687,,
tt9204164,Bigfoot Family,2020,89.0,"Adventure,Animation,Family",17520000,10855626,-0.3803866438356164,5.8,4283.0,en,"nWave Pictures, Octopolis, Belga Productions",11.764,1,1,1,0,1,1,0,0,0,0,0,1,0,0,0,0,0,0,0,0,0,0,0,0,0,2.713925813116443,0.5457506333333333,0.5872005666666666
tt9208444,Impractical Jokers: The Movie,2020,92.0,Comedy,3000000,10700000,2.566666666666667,5.7,7827.0,en,"Funny or Die, truTV",7.97,0,1,1,0,0,0,0,1,0,0,0,0,0,0,0,0,0,0,0,0,0,0,0,0,0,3.983747520779271,,
tt9214832,Emma.,2020,124.0,"Comedy,Drama,Romance",10000000,25155355,1.5155355,6.7,72968.0,en,"Working Title Films, Focus Features, Perfect World Pictures, Blueprint Pictures",19.834,1,1,1,0,0,0,0,1,0,0,1,0,0,0,0,0,0,0,0,1,0,0,0,0,0,3.3690791234496196,,2.860875321428571
tt9252488,The Secrets We Keep,2020,97.0,"Drama,Thriller",7200000,615233,-0.9145509722222224,5.9,8340.0,en,"AGC Studios, di Bonaventura Pictures, Echo Lake Entertainment, Fibonacci Films, Kirkhaus Films",12.629,1,1,1,0,0,0,0,0,0,0,1,0,0,0,0,0,0,0,0,0,0,0,1,0,0,4.46930446718889,,
tt9288726,Mama Weed,2020,104.0,"Comedy,Crime,Drama",5080800,5460628,0.0747575185010234,6.3,4011.0,fr,"Les Films du Lendemain, SCOPE Pictures, La Boétie Films",9.411,1,1,1,0,0,0,0,1,1,0,1,0,0,0,0,0,0,0,0,0,0,0,0,0,0,2.9312367601291336,,
tt9303772,Divorce Club,2020,108.0,Comedy,9466480,5127426,-0.4583598127287017,5.4,1556.0,fr,"Radar Films, SND",7.925,1,1,1,0,0,0,0,1,0,0,0,0,0,0,0,0,0,0,0,0,0,0,0,0,0,3.983747520779271,,
tt9340860,Let Him Go,2020,113.0,"Crime,Drama,Thriller",21000000,7997460,-0.6191685714285714,6.7,41468.0,en,"Mazur / Kaplan Company, Focus Features",14.235,1,1,1,0,0,0,0,0,1,0,1,0,0,0,0,0,0,0,0,0,0,0,1,0,0,3.463053892820483,,
tt9484998,Palm Springs,2020,90.0,"Comedy,Fantasy,Mystery",5000000,164000,-0.9672,7.4,218112.0,en,"Limelight, The Lonely Island",14.8,1,1,1,0,0,0,0,1,0,0,0,0,1,0,0,0,0,1,0,0,0,0,0,0,0,4.266352024378954,,
tt9534948,Fate/Grand Order the Movie: Divine Realm of the Round Table: Camelot,2020,90.0,"Action,Animation,Drama",2000000,3607899,0.8039495,6.3,677.0,ja,"Signal.MD, Production I.G, DELiGHTWORKS, TYPE-MOON, Aniplex",16.116,1,1,1,1,0,1,0,0,0,0,1,0,0,0,0,0,0,0,0,0,0,0,0,0,0,3.234883383910079,,
tt9537292,Ala Vaikunthapurramuloo,2020,163.0,"Action,Comedy,Drama",14000000,28859072,1.0613622857142857,7.3,27008.0,te,"Geetha Arts, Haarika & Hassine Creations",8.167,1,1,1,1,0,0,0,1,0,0,1,0,0,0,0,0,0,0,0,0,0,0,0,0,0,3.263712691960048,1.154285712011257,1.154285712011257
tt9537888,Ella Bella Bingo,2020,75.0,"Animation,Family,Musical",6000000,1339784,-0.7767026666666667,5.0,393.0,no,"Gimpville AS, Kool Produktion",7.174,1,1,1,0,0,1,0,0,0,0,0,1,0,0,0,0,1,0,0,0,0,0,0,0,0,2.359938973500505,,0.370165
tt9624766,Jiu Jitsu,2020,102.0,"Action,Sci-Fi,Thriller",23000000,99924,-0.9956554782608696,2.9,11480.0,en,"Acme Rocket Fuel, Green Olive Films, Double Tree Entertainment",15.758,1,1,1,1,0,0,0,0,0,0,0,0,0,0,0,0,0,0,0,0,1,0,1,0,0,3.56182474417658,-0.999651,-0.999651
tt9648672,Street Dancer 3D,2020,146.0,"Drama,Music",9204790,12589965,0.3677623280922215,3.8,8577.0,hi,"T-Series, UTV Motion Pictures, Dance Film Company, Remo D'Souza Entertainment",4.498,1,1,1,0,0,0,0,0,0,0,1,0,0,0,0,1,0,0,0,0,0,0,0,0,0,7.754457251173569,,1.8980769230769234
tt9735462,Aline,2020,126.0,"Biography,Comedy,Drama",25900000,11131254,-0.5702218532818533,6.3,3814.0,fr,"Caramel Films, Rectangle Productions, TF1 Studio, Gaumont, Belga Productions, Téléfilm Canada, Entourage Pictures",9.544,1,1,1,0,0,0,1,1,0,0,1,0,0,0,0,0,0,0,0,0,0,0,0,0,0,3.084156970558439,,
tt9770150,Nomadland,2020,107.0,Drama,5000000,14784114,1.9568228,7.3,221488.0,en,"Cor Cordium Productions, Hear/Say Productions, Highwayman Films",18.152,1,1,1,0,0,0,0,0,0,0,1,0,0,0,0,0,0,0,0,0,0,0,0,0,0,3.359410015524464,,
tt9779516,I Still Believe,2020,116.0,"Biography,Drama,Music",12000000,16069730,0.3391441666666667,6.5,15542.0,en,Kevin Downes Productions,15.677,1,1,1,0,0,0,1,0,0,0,1,0,0,0,0,1,0,0,0,0,0,0,0,0,0,5.806075959239574,4.191635589682541,4.191635589682541
tt9839038,Jim Button and the Wild 13,2020,110.0,"Adventure,Family,Fantasy",20000000,6700000,-0.665,6.2,1058.0,de,"Rat Pack Filmproduktion, Warner Bros. Entertainment Germany, DFF - Deutsches Filminstitut & Filmmuseum",5.741,1,1,1,0,1,0,0,0,0,0,0,1,1,0,0,0,0,0,0,0,0,0,0,0,0,2.0677810833276955,2.143240875,
tt9877170,Malang: Unleash the Madness,2020,135.0,"Action,Crime,Drama",7907534,11136444,0.4083333691641414,6.5,13425.0,hi,"LUV Films, T-Series, Northern Lights Films",4.712,1,1,1,1,0,0,0,0,1,0,1,0,0,0,0,0,0,0,0,0,0,0,0,0,0,2.4193144330615133,0.7200000000000001,
tt9883996,Dream Horse,2020,113.0,"Biography,Comedy,Drama",20000000,6435260,-0.678237,7.0,7807.0,en,"Film4 Productions, RAW, Ffilm Cymru Wales, Ingenious Media, Topic Studios, Cornerstone Films, Stage 6 Films, Bleecker Street",10.19,1,1,1,0,0,0,1,1,0,0,1,0,0,0,0,0,0,0,0,0,0,0,0,0,0,3.084156970558439,,
tt0293429,Mortal Kombat,2021,110.0,"Action,Adventure,Fantasy",20000000,84426031,3.22130155,6.1,221904.0,en,"Atomic Monster, Broken Road Productions, New Line Cinema",49.774,1,1,1,1,1,0,0,0,0,0,0,0,1,0,0,0,0,0,0,0,0,0,0,0,0,2.3677186559796604,,3.4806615655729165
tt0870154,Jungle Cruise,2021,127.0,"Action,Adventure,Comedy",200000000,220889446,0.10444723,6.5,229505.0,en,"Walt Disney Pictures, Seven Bucks Productions, Davis Entertainment, Flynn Picture Company, TSG Entertainment, Zaftig Films",48.284,1,1,1,1,1,0,0,1,0,0,0,0,0,0,0,0,0,0,0,0,0,0,0,0,0,3.0617922211686257,3.2228578469607845,1.685351525246719
tt0993840,Army of the Dead,2021,148.0,"Action,Adventure,Crime",90000000,190700000,1.1188888888888888,5.8,202544.0,en,The Stone Quarry,32.495,1,1,1,1,1,0,0,0,1,0,0,0,0,0,0,0,0,0,0,0,0,0,0,0,0,2.4928682848206747,1.8438200343333335,2.4615286087298363
tt10016180,The Little Things,2021,128.0,"Crime,Drama,Mystery",30000000,29942746,-0.0019084666666666,6.3,144504.0,en,"Warner Bros. Pictures, Gran Via Productions",37.106,1,1,1,0,0,0,0,0,1,0,1,0,0,0,0,0,0,1,0,0,0,0,0,0,0,4.061840613441585,0.608083,
tt10077034,Twist,2021,90.0,"Action,Drama,Thriller",2000000,510466,-0.744767,4.3,3357.0,en,"Unstoppable Film and Television, Pure Grass Films, Red Bull Media House, Particular Crowd, Sky Studios",10.647,1,1,1,1,0,0,0,0,0,0,1,0,0,0,0,0,0,0,0,0,0,0,1,0,0,3.8620852128655883,,
tt10327252,The Forever Purge,2021,103.0,"Action,Crime,Drama",18000000,76994245,3.2774580555555555,5.4,49367.0,en,"Blumhouse Productions, Platinum Dunes, Universal Pictures, Perfect World Pictures, Man in A Tree",56.739,1,1,1,1,0,0,0,0,1,0,1,0,0,0,0,0,0,0,0,0,0,0,0,0,0,2.8199663984988494,,10.612687461538462
tt10341034,Black Box,2021,129.0,"Drama,Mystery,Thriller",10722240,9738741,-0.0917251432536484,7.2,20120.0,fr,"24 25 Films, WY Productions",13.465,1,1,1,0,0,0,0,0,0,0,1,0,0,0,0,0,0,1,0,0,0,0,1,0,0,5.103959427808323,,
tt10342730,Spiral,2021,93.0,"Crime,Drama,Horror",20000000,40618920,1.030946,5.2,78505.0,en,"Twisted Pictures, Lionsgate, Serendipity Productions, Dahlstar",199.136,1,1,1,0,0,0,0,0,1,0,1,0,0,0,1,0,0,0,0,0,0,0,0,0,0,5.202476883935074,,9.2952888
tt10366460,CODA,2021,111.0,"Comedy,Drama,Music",10000000,1600000,-0.84,8.0,231819.0,en,"Vendôme Pictures, Pathé, Picture Perfect Entertainment",27.109,1,1,1,0,0,0,0,1,0,0,1,0,0,0,0,1,0,0,0,0,0,0,0,0,0,6.250716593132606,,
tt10366514,Eiffel,2021,108.0,"Biography,Drama,History",26000000,13000000,-0.5,6.3,9295.0,fr,"Pathé, VVZ Production, Constantin Film, SCOPE Pictures",12.54,1,1,1,0,0,0,1,0,0,0,1,0,0,1,0,0,0,0,0,0,0,0,0,0,0,2.1101482272117544,,-0.8487146622381194
tt10370042,Rising Wolf,2021,102.0,"Fantasy,Mystery,Sci-Fi",20000000,318989,-0.98405055,3.6,1025.0,en,Daydream Films,3.71,1,1,1,0,0,0,0,0,0,0,0,0,1,0,0,0,0,1,0,0,1,0,0,0,0,3.6439439934581586,,
tt10370710,The Worst Person in the World,2021,128.0,"Comedy,Drama,Romance",5000000,11800000,1.36,7.7,131498.0,no,"Oslo Pictures, Snowglobe, MK2 Films, Film i Väst, B-Reel Films, ARTE France Cinéma, Memento Distribution, ARTE, Norsk Filminstitutt, Det Danske Filminstitut, Nordic Film and Television Fund, Svenska Filminstitutet",23.063,1,1,1,0,0,0,0,1,0,0,1,0,0,0,0,0,0,0,0,1,0,0,0,0,0,3.35853388854486,-0.8069337316962222,-0.8069337316962222
tt10505316,Lost Illusions,2021,149.0,"Drama,Romance",20800000,8600000,-0.5865384615384616,7.4,7866.0,fr,"Curiosa Films, France 3 Cinéma, Pictanovo, uMedia, Canal+, France Télévisions, Ciné+, CNC, Orange Studio, Gaumont, Gabriel Inc., uFund, Région Hauts-de-France",10.829,1,1,1,0,0,0,0,0,0,0,1,0,0,0,0,0,0,0,0,1,0,0,0,0,0,3.0742363071259753,-0.6312250178731181,-0.46134558500063316
tt10537660,Do You Do You Saint-Tropez,2021,89.0,"Comedy,Crime,Mystery",16438275,1453459,-0.9115808075969042,5.0,2228.0,fr,"StudioCanal, Curiosa Films, Ouille Productions, uMedia, France 2 Cinéma",8.752,1,1,1,0,0,0,0,1,1,0,0,0,0,0,0,0,0,1,0,0,0,0,0,0,0,4.219958933357691,3.2777131417942473,-0.2828312347842922
tt10648714,Chernobyl: Abyss,2021,136.0,"Drama,History",9100000,6459306,-0.2901861538461538,5.2,11887.0,ru,"Non-Stop Productions, DK Entertainment, Central Partnership, KIT Film Studio",43.656,1,1,1,0,0,0,0,0,0,0,1,0,0,1,0,0,0,0,0,0,0,0,0,0,0,2.2583517841573304,,4.293938070417602
tt10665338,Halloween Kills,2021,105.0,"Action,Drama,Horror",20000000,133423964,5.6711982,5.5,109320.0,en,"Blumhouse Productions, Miramax, Rough House Pictures, Trancas International Films",37.851,1,1,1,1,0,0,0,0,0,0,1,0,0,0,1,0,0,0,0,0,0,0,0,0,0,5.391280423663304,5.639667483333333,24.99
tt10696896,Stillwater,2021,139.0,"Crime,Drama,Mystery",20000000,19754272,-0.0122864,6.6,64896.0,en,"Anonymous Content, Slow Pony Pictures, DreamWorks Pictures, Participant, Amblin Partners, Focus Features, Firstep, 3dot Productions",22.616,1,1,1,0,0,0,0,0,1,0,1,0,0,0,0,0,0,1,0,0,0,0,0,0,0,4.061840613441585,3.9345127,0.4470791014619883
tt10738536,Delicious,2021,112.0,"Comedy,Drama,History",5000000,8356097,0.6712194,7.0,7387.0,fr,"Nord-Ouest Films, SND, France 3 Cinéma, Région Auvergne-Rhône-Alpes, Artémis Productions, RTBF, VOO, BeTV, Shelter Prod",10.09,1,1,1,0,0,0,0,1,0,0,1,0,0,1,0,0,0,0,0,0,0,0,0,0,0,2.81461087323243,,
tt10838180,The Matrix Resurrections,2021,148.0,"Action,Sci-Fi",190000000,156497322,-0.1763298842105263,5.6,306145.0,en,"Warner Bros. Pictures, Village Roadshow Pictures, Venus Castina Productions",52.143,1,1,1,1,0,0,0,0,0,0,0,0,0,0,0,0,0,0,0,0,1,0,0,0,0,2.680650489865269,0.04538477195366861,0.04538477195366861
tt10872600,Spider-Man: No Way Home,2021,148.0,"Action,Adventure,Fantasy",200000000,1921847111,8.609235555,8.1,1065908.0,en,"Marvel Studios, Pascal Pictures, Columbia Pictures",186.065,1,1,1,1,1,0,0,0,0,0,0,0,1,0,0,0,0,0,0,0,0,0,0,0,0,2.3677186559796604,3.0442689516666666,5.400319007015381
tt10944760,Titane,2021,108.0,"Drama,Horror,Sci-Fi",6600000,5115725,-0.2248901515151515,6.4,67427.0,fr,"Kazak Productions, ARTE France Cinéma, Frakas Productions, VOO, BeTV",64.823,1,1,1,0,0,0,0,0,0,0,1,0,0,0,1,0,0,0,0,0,1,0,0,0,0,5.320535509224508,0.1714285714285714,0.1714285714285714
tt10945254,Operation Portugal,2021,95.0,Comedy,1400000,3795575,1.711125,4.7,644.0,fr,"Moana Films, Sony Pictures Entertainment France",4.233,1,1,0,0,0,0,0,1,0,0,0,0,0,0,0,0,0,0,0,0,0,0,0,0,0,3.927129051382629,,
tt10945274,Vicky and Her Mystery,2021,84.0,"Adventure,Drama,Family",6500000,4181043,-0.3567626153846154,6.4,3165.0,fr,"Radar Films, Gaumont, Solar Entertainment, Auvergne-Rhône-Alpes Cinéma",10.11,1,1,1,0,1,0,0,0,0,0,1,1,0,0,0,0,0,0,0,0,0,0,0,0,0,2.8861371720060407,,
tt10945288,The Wolf and the Lion,2021,99.0,"Adventure,Drama,Family",11900000,15300000,0.2857142857142857,6.3,5045.0,en,"Galatée Films, Mai Juin Productions, StudioCanal, Super Écran, SODEC, Canal+, Ciné+, Transfilm International, M6 Films, Sphere Films",18.812,1,1,1,0,1,0,0,0,0,0,1,1,0,0,0,0,0,0,0,0,0,0,0,0,0,2.8861371720060407,2.696582291666666,2.696582291666666
tt10954652,Old,2021,108.0,"Drama,Mystery,Thriller",18000000,90146510,4.008139444444445,5.8,185949.0,en,"Universal Pictures, Blinding Edge Pictures, Perfect World Pictures, dentsu",39.363,1,1,1,0,0,0,0,0,0,0,1,0,0,0,0,0,0,1,0,0,0,0,1,0,0,5.103959427808323,19.993112487037035,19.993112487037035
tt10986222,C'mon C'mon,2021,109.0,Drama,8300000,4300000,-0.4819277108433735,7.3,43305.0,en,"A24, Be Funny When You Can",15.474,1,1,1,0,0,0,0,0,0,0,1,0,0,0,0,0,0,0,0,0,0,0,0,0,0,3.4527740916343106,-0.19074800000000003,-0.19074800000000003
tt11083552,Wrath of Man,2021,119.0,"Action,Crime,Thriller",40000000,103966489,1.599162225,7.1,242184.0,en,"Miramax, Metro-Goldwyn-Mayer, Toff Guy Films, Flic Films UK",56.933,1,1,1,1,0,0,0,0,1,0,0,0,0,0,0,0,0,0,0,0,0,0,1,0,0,3.451279596433743,2.321953056751473,3.2785173238302816
tt11084896,Spirit Untamed,2021,88.0,"Adventure,Animation,Comedy",30000000,17635215,-0.4121595,5.5,5575.0,en,"Universal Pictures, DreamWorks Animation",30.837,1,1,1,0,1,1,0,1,0,0,0,0,0,0,0,0,0,0,0,0,0,0,0,0,0,3.381006304375436,,
tt11214590,House of Gucci,2021,158.0,"Biography,Crime,Drama",75000000,153235995,1.0431466,6.6,176553.0,en,"Scott Free Productions, Metro-Goldwyn-Mayer, Bron Studios",26.057,1,1,1,0,0,0,1,0,1,0,1,0,0,0,0,0,0,0,0,0,0,0,0,0,0,2.495624149097896,1.8441870657862869,
tt11271038,Licorice Pizza,2021,133.0,"Comedy,Drama,Romance",40000000,27423319,-0.314417025,7.1,162980.0,en,"Ghoulardi Film Company, Bron Studios, Focus Features, Metro-Goldwyn-Mayer",21.93,1,1,0,0,0,0,0,1,0,0,1,0,0,0,0,0,0,0,0,1,0,0,0,0,0,3.35853388854486,0.050011375,0.050011375
tt11286314,Don't Look Up,2021,138.0,"Comedy,Drama,Sci-Fi",75000000,791863,-0.9894418266666668,7.1,679107.0,en,Hyperobject Industries,29.694,1,1,1,0,0,0,0,1,0,0,1,0,0,0,0,0,0,0,0,0,1,0,0,0,0,3.318145420408005,2.0151333404761904,2.2050651072573264
tt11448490,Masquerade,2021,80.0,"Horror,Mystery,Thriller",2500000,8866,-0.9964536,3.9,1393.0,en,"Rider Entertainment, XYZ Films, Shout! Studios",9.917,1,1,1,0,0,0,0,0,0,0,0,0,0,0,1,0,0,1,0,0,0,0,1,0,0,7.264467836540933,,
tt11455260,School of Magical Animals,2021,93.0,"Adventure,Family,Musical",11700000,13128530,0.1220965811965811,5.4,1208.0,de,"Kordes & Kordes Film, wega film vienna, Clever Production, Schubert International Filmproduktions, Leonine Studios",12.409,1,1,0,0,1,0,0,0,0,0,0,1,0,0,0,0,1,0,0,0,0,0,0,0,0,2.2014038264437814,,
tt11493006,Mako,2021,96.0,"Adventure,Thriller",25000000,458000,-0.98168,3.4,2062.0,ar,Synergy Films,2.45,0,1,1,0,1,0,0,0,0,0,0,0,0,0,0,0,0,0,0,0,0,0,1,0,0,3.9090967180193887,,
tt11535228,Emergency Declaration,2021,141.0,"Action,Drama,Thriller",18052672,19200000,0.063554469942178,6.8,12535.0,ko,"CJeS Studios, MAGNUM9, Cine Joo, Dexter Studios, Showbox",33.35,1,1,1,1,0,0,0,0,0,0,1,0,0,0,0,0,0,0,0,0,0,0,1,0,0,3.8620852128655883,,
tt1160419,Dune: Part One,2021,155.0,"Action,Adventure,Drama",165000000,402027830,1.436532303030303,8.0,1086014.0,en,Legendary Pictures,75.848,1,1,1,1,1,0,0,0,0,0,1,0,0,0,0,0,0,0,0,0,0,0,0,0,0,2.9036739012525197,1.9615846886997634,6.6574293935084174
tt11613746,Garcia & Garcia,2021,98.0,"Adventure,Comedy,Family",3404274,1163538,-0.658212588058423,4.4,877.0,es,Blogmedia,6.55,1,1,1,0,1,0,0,1,0,0,0,1,0,0,0,0,0,0,0,0,0,0,0,0,0,3.0442554919221467,,
tt11656220,Midnight in the Switchgrass,2021,99.0,"Crime,Mystery,Thriller",15000000,229811,-0.9846792666666668,4.6,12910.0,en,"Pimienta, BondIt Media Capital, EFO Films, Lionsgate, River Bay Films, Verdi Productions",21.731,0,0,1,0,0,0,0,0,1,0,0,0,0,0,0,0,0,1,0,0,0,0,1,0,0,4.693153811376478,,
tt11762434,Cosmic Sin,2021,88.0,"Action,Sci-Fi",20000000,349757,-0.98251215,2.5,16158.0,en,"308 Enterprises, BondIt Media Capital, Buffalo 8, The Exchange",22.248,1,1,1,1,0,0,0,0,0,0,0,0,0,0,0,0,0,0,0,0,1,0,0,0,0,2.680650489865269,,
tt11807888,The Grandmother,2021,100.0,Horror,3749231,1817696,-0.5151816465829926,5.9,6454.0,es,"Atresmedia, Les films du Worso, Canal+, Ciné+, Apaches Entertainment",29.507,1,1,1,0,0,0,0,0,0,0,0,0,0,0,1,0,0,0,0,0,0,0,0,0,0,9.934299317832139,-0.2766340302780197,
tt11832046,PAW Patrol: The Movie,2021,86.0,"Action,Adventure,Animation",26000000,144327371,4.55105273076923,6.1,9929.0,en,"Spin Master, Nickelodeon Movies, Paramount, Mikros Image, Elevation Pictures",217.613,1,1,1,1,1,1,0,0,0,0,0,0,0,0,0,0,0,0,0,0,0,0,0,0,0,3.000885907755714,0.6286505,0.26467149649923893
tt12536294,Spencer,2021,117.0,"Biography,Drama",18000000,14000000,-0.2222222222222222,6.5,82443.0,en,"FilmNation Entertainment, Komplizen Film, Shoebox Films, Fabula, Fabula",13.478,1,1,1,0,0,0,1,0,0,0,1,0,0,0,0,0,0,0,0,0,0,0,0,0,0,2.6332576024774568,0.5511548888888889,0.5631608533957219
tt12664618,Sinkhole,2021,117.0,"Comedy,Drama",11400000,17970000,0.5763157894736842,6.2,3544.0,ko,"The Tower Pictures, Showbox",15.53,1,1,1,0,0,0,0,1,0,0,1,0,0,0,0,0,0,0,0,0,0,0,0,0,0,3.6899515715084696,,10.805980105263158
tt12753120,The Burning Sea,2021,104.0,"Action,Adventure,Drama",8300000,2836382,-0.6582672289156627,6.3,9521.0,no,Fantefilm,16.626,1,1,1,1,1,0,0,0,0,0,1,0,0,0,0,0,0,0,0,0,0,0,0,0,0,2.9036739012525197,,0.21333333333333326
tt12789558,Belfast,2021,98.0,"Biography,Drama",11000000,49158343,3.4689402727272727,7.2,139247.0,en,"Northern Ireland Screen, TKBC, Focus Features",13.224,1,1,0,0,0,0,1,0,0,0,1,0,0,0,0,0,0,0,0,0,0,0,0,0,0,2.6332576024774568,3.7980529062732593,
tt12801262,Luca,2021,95.0,"Adventure,Animation,Comedy",200000000,49750471,-0.751247645,7.4,227209.0,en,"Pixar, Walt Disney Pictures",60.762,1,1,1,0,1,1,0,1,0,0,0,0,0,0,0,0,0,0,0,0,0,0,0,0,0,3.381006304375436,,0.5180685821768707
tt12838766,Space Sweepers,2021,136.0,"Action,Adventure,Drama",21000000,24571,-0.9988299523809524,6.5,31462.0,ko,"Bidangil Pictures, Merry Christmas",21.362,1,1,1,1,1,0,0,0,0,0,1,0,0,0,0,0,0,0,0,0,0,0,0,0,0,2.9036739012525197,,
tt12851324,Zombie Reddy,2021,130.0,"Action,Comedy,Horror",547127,1412957,1.5825027827177236,6.7,5428.0,te,Apple Tree Studios,23.551,1,1,1,1,0,0,0,1,0,0,0,0,0,0,1,0,0,0,0,0,0,0,0,0,0,5.54939874357941,,
tt12889404,Cyrano,2021,123.0,"Drama,Musical,Romance",20000000,3000000,-0.85,6.4,16478.0,en,"Metro-Goldwyn-Mayer, Working Title Films, Bron Studios, Creative Wealth Media Finance",11.365,1,1,1,0,0,0,0,0,0,0,1,0,0,0,0,0,1,0,0,1,0,0,0,0,0,2.515682223066494,1.9420811833333333,
tt13024674,Army of Thieves,2021,127.0,"Action,Comedy,Crime",30000000,46900000,0.5633333333333334,6.4,98945.0,en,"Pantaleon Films, The Stone Quarry, Film United",22.46,1,1,1,1,0,0,0,1,1,0,0,0,0,0,0,0,0,0,0,0,0,0,0,0,0,2.9780847184149555,,3.7675070102376114
tt13069986,After We Fell,2021,98.0,"Drama,Romance",14000000,21500000,0.5357142857142857,4.8,25459.0,en,"Voltage Pictures, Wattpad, Vertical Entertainment, Ethea Entertainment, CalMaple Films",140.224,1,1,1,0,0,0,0,0,0,0,1,0,0,0,0,0,0,0,0,1,0,0,0,0,0,3.0742363071259753,,
tt13097336,The Lady of Heaven,2021,141.0,"Action,Drama,History",15000000,74441,-0.9950372666666668,5.7,15122.0,en,"Enlightened Kingdom, Sarke Studio",5.836,0,0,1,1,0,0,0,0,0,0,1,0,0,1,0,0,0,0,0,0,0,0,0,0,0,2.4344904766127082,,
tt13150080,¡A todo tren! Destino Asturias,2021,90.0,Comedy,5308245,3468053,-0.3466667420211388,5.3,1555.0,es,"Bowfinger, Atresmedia, Movistar+, Buendía Estudios, The Glow",8.489,1,1,1,0,0,0,0,1,0,0,0,0,0,0,0,0,0,0,0,0,0,0,0,0,0,3.927129051382629,1.6820971930639024,2.1565217070135745
tt13201882,Dalì 2021,2021,75.0,"Fantasy,Sci-Fi",5000,5000,0.0,8.6,8.0,it,"FEDIC, Draculastreet Production",0.6,1,1,1,0,0,0,0,0,0,0,0,0,1,0,0,0,0,0,0,0,1,0,0,0,0,2.209720737011404,,
tt13204490,Petite Maman,2021,73.0,"Drama,Fantasy",3100000,1024575,-0.669491935483871,7.3,21167.0,fr,"Canal+, Ciné+, Lilies Films, France Télévisions, France 3 Cinéma",19.449,1,1,0,0,0,0,0,0,0,0,1,0,1,0,0,0,0,0,0,0,0,0,0,0,0,2.648841223725021,0.7287677700348432,0.23146238501742158
tt1321510,In the Heights,2021,143.0,"Drama,Musical,Romance",55000000,43000000,-0.2181818181818181,7.2,56267.0,en,"Likely Story, SGS Pictures, 5000 Broadway Productions, Barrio Grrrl!, Endeavor Content",13.347,1,1,1,0,0,0,0,0,0,0,1,0,0,0,0,0,1,0,0,1,0,0,0,0,0,2.515682223066494,3.0463897888888893,
tt13289298,At the Mountains of Madness,2021,69.0,"Horror,Thriller",2000,12000,5.0,4.9,58.0,en,,0.6,1,1,1,0,0,0,0,0,0,0,0,0,0,0,1,0,0,0,0,0,0,0,1,0,0,7.640506501635565,,-0.829415
tt13321730,The Divide,2021,99.0,"Comedy,Drama",5000000,2178083,-0.5643834,6.5,1789.0,fr,"Le Pacte, CHAZ Productions",6.974,1,1,1,0,0,0,0,1,0,0,1,0,0,0,0,0,0,0,0,0,0,0,0,0,0,3.6899515715084696,,
tt13364790,"Hi, Mom",2021,128.0,"Comedy,Drama,Fantasy",59000000,822049668,12.933045220338984,6.9,3768.0,zh,"Alibaba Pictures Group, Tianjin Maoyan Media, Beijing Big Bowl Entertainment Culture Media, Beijing Jingxi Culture and Tourism, Beijing Cheering Times Culture & Entertainment, Shanghai Ruyi Film & TV Production",8.689,0,0,1,0,0,0,0,1,0,0,1,0,1,0,0,0,0,0,0,0,0,0,0,0,0,3.0749371662775573,,
tt13432158,Terezin - Children of the Holocaust,2021,103.0,Drama,6000,20000,2.333333333333333,,,en,,0.6,0,0,0,0,0,0,0,0,0,0,1,0,0,0,0,0,0,0,0,0,0,0,0,0,0,3.4527740916343106,,
tt13445076,The Ambush,2021,102.0,"Action,Drama,War",40000000,5218666,-0.86953335,6.1,2907.0,ar,"Imagenation Abu Dhabi FZ, AGC Studios",12.891,1,1,1,1,0,0,0,0,0,0,1,0,0,0,0,0,0,0,0,0,0,0,0,1,0,2.3315404818506944,0.24892811000000004,
tt13453006,Red Rocket,2021,130.0,"Comedy,Drama,Romance",1100000,2200000,1.0,7.1,43787.0,en,"FilmNation Entertainment, Cre Film",7.197,1,1,1,0,0,0,0,1,0,0,1,0,0,0,0,0,0,0,0,1,0,0,0,0,0,3.35853388854486,6.449725,6.449725
tt13462472,The Young Lovers,2021,114.0,"Drama,Romance",5800000,2440653,-0.5791977586206897,6.4,1301.0,fr,"Artémis Productions, Agat Films & Cie / Ex Nihilo, Karé Productions",12.025,1,1,1,0,0,0,0,0,0,0,1,0,0,0,0,0,0,0,0,1,0,0,0,0,0,3.0742363071259753,,
tt13462900,The Battle at Lake Changjin,2021,176.0,"Action,Drama,History",200000000,902540935,3.512704675,5.5,4914.0,zh,"August 1st Film Studio, Bona Film Group, Shanghai Film Group, Beijing Dengfeng International Culture, Alibaba Pictures Group, China Film Group Corporation, Distribution Workshop, A Really Happy Film, Huaxia Film Distribution",10.022,1,1,1,1,0,0,0,0,0,0,1,0,0,1,0,0,0,0,0,0,0,0,0,0,0,2.4344904766127082,4.466049599565673,
tt13606158,The Last Warrior: Root of Evil,2021,121.0,"Adventure,Comedy,Family",8400000,27658331,2.292658452380953,5.9,1876.0,ru,"Yellow, Black & White, The Walt Disney Company CIS, Cinema Fund, Russia-1",36.296,1,1,1,0,1,0,0,1,0,0,0,1,0,0,0,0,0,0,0,0,0,0,0,0,0,3.0442554919221467,2.825819107597716,3.5549596854413705
tt1361336,Tom & Jerry,2021,101.0,"Adventure,Animation,Comedy",50000000,136536687,1.73073374,5.3,43757.0,en,"Warner Bros. Pictures Animation, Turner Entertainment, The Story Company, Warner Bros. Pictures",43.029,1,1,1,0,1,1,0,1,0,0,0,0,0,0,0,0,0,0,0,0,0,0,0,0,0,3.381006304375436,2.060133475434344,
tt13769630,The Last Warrior: A Messenger of Darkness,2021,108.0,"Adventure,Comedy,Family",7000000,29694624,3.242089142857143,5.5,1039.0,ru,"Cinema Fund, Yellow, Black & White, The Walt Disney Company CIS",8.657,1,1,1,0,1,0,0,1,0,0,0,1,0,0,0,0,0,0,0,0,0,0,0,0,0,3.0442554919221467,2.825819107597716,3.5549596854413705
tt13839612,Strictly for the Streets: Vol 1.,2021,,Drama,250000,100000,-0.6,7.6,266.0,en,Mommy Lounge Network,0.6,1,1,1,0,0,0,0,0,0,0,1,0,0,0,0,0,0,0,0,0,0,0,0,0,0,3.4527740916343106,,
tt14024066,The Guardian,2021,127.0,"Crime,Drama,Horror",1000000,1694828,0.694828,5.6,553.0,vi,"Lotte Entertainment (Vietnam), November Films",1.206,1,1,0,0,0,0,0,0,1,0,1,0,0,0,1,0,0,0,0,0,0,0,0,0,0,5.202476883935074,,5.89
tt14146688,Me contro te - Il mistero della scuola incantata,2021,63.0,Comedy,4180000,5606810,0.3413421052631579,2.2,174.0,it,"Warner Bros Pictures Italia, Me contro Te, Colorado Film",4.389,1,1,1,0,0,0,0,1,0,0,0,0,0,0,0,0,0,0,0,0,0,0,0,0,0,3.927129051382629,125.66666666666669,125.66666666666669
tt14387660,Ready o/r Knot,2021,103.0,"Comedy,Romance",1273890,657371,-0.4839656485253829,6.1,262.0,cn,"Emperor Entertainment Group, One Cool Film Production",1.985,0,1,1,0,0,0,0,1,0,0,0,0,0,0,0,0,0,0,0,1,0,0,0,0,0,3.3114137870001343,,
tt14391088,The Monkey King: Reborn,2021,95.0,"Action,Animation,Fantasy",20000000,13000000,-0.35,6.1,753.0,zh,星皓影业有限公司,13.473,1,1,1,1,0,1,0,0,0,0,0,0,1,0,0,0,0,0,0,0,0,0,0,0,0,2.792028776161029,,7.913908293181486
tt14453146,Beti Kyare Boj Nathi Hoti,2021,134.0,Drama,127613,1000000,6.836192237467969,5.6,11.0,en,,0.0286,0,0,1,0,0,0,0,0,0,0,1,0,0,0,0,0,0,0,0,0,0,0,0,0,0,3.4527740916343106,,
tt14513802,Pioneering Nevada's Basin and Range Trail,2021,,"Adventure,Documentary",5000,5000,0.0,9.0,10.0,en,Seeking Lost,0.6,0,0,0,0,1,0,0,0,0,1,0,0,0,0,0,0,0,0,0,0,0,0,0,0,0,4.166423791583438,,
tt14534992,Moonbound,2021,85.0,"Adventure,Animation,Comedy",2000000,6666618,2.333309,4.9,758.0,de,"Little Dream Entertainment, brave new work Filmproduktions, Coop 99 Filmproduktion",18.379,1,1,1,0,1,1,0,1,0,0,0,0,0,0,0,0,0,0,0,0,0,0,0,0,0,3.381006304375436,,
tt14577300,Fortress,2021,99.0,"Action,Thriller",20000000,52169,-0.99739155,3.3,6295.0,en,"EFO Films, Grindstone Entertainment Group, Verdi Productions",19.836,1,0,1,1,0,0,0,0,0,0,0,0,0,0,0,0,0,0,0,0,0,0,1,0,0,4.066740773481227,,
tt14598754,Honsla Rakh,2021,145.0,"Comedy,Drama,Romance",1065465,7100000,5.663757138901794,7.3,8934.0,pa,"Storytime Productions, Thind Motion Films, White Hill Production",2.239,1,1,1,0,0,0,0,1,0,0,1,0,0,0,0,0,0,0,0,1,0,0,0,0,0,3.35853388854486,,
tt14700970,Climb On,2021,77.0,Documentary,20000,10000,-0.5,1.0,17.0,en,MFSB Film,0.0143,1,1,1,0,0,0,0,0,0,1,0,0,0,0,0,0,0,0,0,0,0,0,0,0,0,5.8613678325670895,,
tt14723224,The Cost of Deception,2021,125.0,"Action,Crime,Drama",2500000,201000,-0.9196,1.5,40935.0,hu,"Megafilm, Fidesz",2.073,1,1,1,1,0,0,0,0,1,0,1,0,0,0,0,0,0,0,0,0,0,0,0,0,0,2.8199663984988494,,
tt14732672,9 81,2021,,Drama,10000,10000,0.0,,,es,,0.6,0,1,1,0,0,0,0,0,0,0,1,0,0,0,0,0,0,0,0,0,0,0,0,0,0,3.4527740916343106,,
tt14740962,Coca-Cola: The Fan Movie,2021,,"Action,Adventure,Comedy",20000,30000,0.5,,,en,Rearick Film Studios,0.0,1,1,0,1,1,0,0,1,0,0,0,0,0,0,0,0,0,0,0,0,0,0,0,0,0,3.0617922211686257,,
tt14873790,The Green Force Mission 14th March,2021,106.0,"Action,Mystery,Thriller",132925,5000,-0.962384803460598,7.4,67.0,hi,Prasannidhi film creations,0.671,1,1,1,1,0,0,0,0,0,0,0,0,0,0,0,0,0,1,0,0,0,0,1,0,0,4.881957351104707,,
tt14941222,Hostage: Missing Celebrity,2021,94.0,"Action,Crime,Drama",6144000,13000000,1.1158854166666667,6.3,1338.0,ko,"Filmmaker R&K, Next Entertainment World, The Sam Company",5.715,0,0,1,1,0,0,0,0,1,0,1,0,0,0,0,0,0,0,0,0,0,0,0,0,0,2.8199663984988494,,
tt15090124,Mad God,2021,83.0,"Animation,Fantasy,Horror",250000,322619,0.290476,6.8,21136.0,en,Tippett Studio,15.831,1,1,1,0,0,1,0,0,0,0,0,0,1,0,1,0,0,0,0,0,0,0,0,0,0,5.174539261597254,,
tt15164248,Hard to Do Good,2021,182.0,Adventure,5000,5000,0.0,,,en,Pk65 films,0.0,1,1,0,0,1,0,0,0,0,0,0,0,0,0,0,0,0,0,0,0,0,0,0,0,0,2.4714797505997868,,
tt15174116,Dashcam,2021,80.0,Horror,100000,58156,-0.41844,4.5,7858.0,en,"Blumhouse Productions, Shadowhouse Films",5.944,1,1,1,0,0,0,0,0,0,0,0,0,0,0,1,0,0,0,0,0,0,0,0,0,0,9.934299317832139,,
tt15387654,Spaced Out - Panthung Di Kadaaida,2021,65.0,Drama,10850,47467,3.3748387096774195,8.2,12.0,en,Priyakanta Productions,0.612,1,1,1,0,0,0,0,0,0,0,1,0,0,0,0,0,0,0,0,0,0,0,0,0,0,3.4527740916343106,,
tt15389924,A Crocodile Who Lived for 100 Days,2021,63.0,Animation,1831837,293094,-0.8399999563279921,5.4,44.0,ja,TIA,0.959,1,1,1,0,0,1,0,0,0,0,0,0,0,0,0,0,0,0,0,0,0,0,0,0,0,3.7444101111438925,525.4698698622295,525.4698698622295
tt15415554,Sydney Stories,2021,100.0,Drama,50000,10000,-0.8,1.1,17.0,en,MFSB Film,0.0143,1,1,1,0,0,0,0,0,0,0,1,0,0,0,0,0,0,0,0,0,0,0,0,0,0,3.4527740916343106,,
tt15465610,Olpo Holeo Sotti,2021,100.0,Drama,99000,99999,0.010090909090909,6.1,22.0,bn,Roop Production & Entertainment,0.867,1,0,1,0,0,0,0,0,0,0,1,0,0,0,0,0,0,0,0,0,0,0,0,0,0,3.4527740916343106,,
tt15599356,Zazongpari,2021,86.0,Fantasy,12000,16000,0.3333333333333333,6.9,8.0,en,,0.0071,1,1,1,0,0,0,0,0,0,0,0,0,1,0,0,0,0,0,0,0,0,0,0,0,0,1.8449083558157315,,
tt16043930,Be Somebody,2021,123.0,"Comedy,Drama,Mystery",40000000,132326332,2.3081583,6.9,2002.0,zh,"Shanghai PMF Media, 万合天宜, Maoyan Entertainment",4.024,0,1,1,0,0,0,0,1,0,0,1,0,0,0,0,0,0,1,0,0,0,0,0,0,0,4.630764549789536,,
tt16532108,DeMonD the movie,2021,105.0,Adventure,10000,3000000,299.0,8.8,40.0,en,STRNRTS PRODUCTIONS,1.234,0,0,0,0,1,0,0,0,0,0,0,0,0,0,0,0,0,0,0,0,0,0,0,0,0,2.4714797505997868,,
tt16740148,Hidden Agenda,2021,65.0,Drama,28209,2820,-0.9000319047112624,9.6,11.0,en,Shafsoft Studio [ug],0.6,0,0,0,0,0,0,0,0,0,0,1,0,0,0,0,0,0,0,0,0,0,0,0,0,0,3.4527740916343106,,
tt17071130,Buzzkill,2021,46.0,Documentary,5000,1000,-0.8,,,en,Modband Media LLC/Westside Films,0.6,0,0,0,0,0,0,0,0,0,1,0,0,0,0,0,0,0,0,0,0,0,0,0,0,0,5.8613678325670895,,
tt1924245,Cry Macho,2021,104.0,Drama,33000000,16481544,-0.5005592727272727,5.7,36963.0,en,"Malpaso Productions, Albert S. Ruddy Productions, Warner Bros. Pictures",13.513,1,1,1,0,0,0,0,0,0,0,1,0,0,0,0,0,0,0,0,0,0,0,0,0,0,3.4527740916343106,2.511991845357143,1.58523795
tt20159980,One Day a Start,2021,,Biography,3000,7890,1.63,8.0,12.0,it,,1.166,0,0,0,0,0,0,1,0,0,0,0,0,0,0,0,0,0,0,0,0,0,0,0,0,0,1.8137411133206025,,
tt2076822,Chaos Walking,2021,109.0,"Action,Adventure,Drama",125000000,26508132,-0.787934944,5.7,64977.0,en,"Quadrant Pictures, Lionsgate, Bron Studios, 3 Arts Entertainment, TIK Films, Hercules Film Fund, Allison Shearmur Productions, Creative Wealth Media Finance",23.905,1,1,1,1,1,0,0,0,0,0,1,0,0,0,0,0,0,0,0,0,0,0,0,0,0,2.9036739012525197,1.0839765164794009,0.8146725106976743
tt2382320,No Time to Die,2021,163.0,"Action,Adventure,Thriller",250000000,774153007,2.096612028,7.3,493359.0,en,"Eon Productions, Metro-Goldwyn-Mayer, Universal Pictures",51.295,1,1,1,1,1,0,0,0,0,0,0,0,0,0,0,0,0,0,0,0,0,0,1,0,0,3.5349870991874135,0.51295,4.572718493877551
tt2397461,Clifford the Big Red Dog,2021,96.0,"Adventure,Comedy,Family",64000000,107347356,0.6773024375,5.9,19257.0,en,"Paramount, Entertainment One, Kerner Entertainment Company, Scholastic Entertainment, New Republic Pictures, Walden Media",47.616,1,1,1,0,1,0,0,1,0,0,0,1,0,0,0,0,0,0,0,0,0,0,0,0,0,3.0442554919221467,1.5972839222222222,1.1809478040096617
tt2953050,Encanto,2021,102.0,"Animation,Comedy,Family",50000000,253000000,4.06,7.2,300943.0,en,"Walt Disney Animation Studios, Walt Disney Pictures",147.124,1,1,1,0,0,1,0,1,0,0,0,1,0,0,0,0,0,0,0,0,0,0,0,0,0,3.4685656121035158,5.825227966666666,5.270355094999999
tt3215824,Those Who Wish Me Dead,2021,100.0,"Action,Drama,Thriller",20000000,23384502,0.1692251,6.0,81161.0,en,"Bron Studios, Film Rites, New Line Cinema, Bosque Ranch Productions",29.947,1,1,1,1,0,0,0,0,0,0,1,0,0,0,0,0,0,0,0,0,0,0,1,0,0,3.8620852128655883,3.0907501818181817,1.3359744375878617
tt3228774,Cruella,2021,134.0,"Adventure,Comedy,Crime",200000000,233503234,0.16751617,7.3,300653.0,en,"Walt Disney Pictures, Gunn Films, Marc Platt Productions",77.792,1,1,1,0,1,0,0,1,1,0,0,0,0,0,0,0,0,0,0,0,0,0,0,0,0,2.872988681440397,1.3623720531818184,4.386569316107893
tt3272066,Reminiscence,2021,116.0,"Mystery,Romance,Sci-Fi",68000000,18717947,-0.7247360735294117,5.9,71458.0,en,"FilmNation Entertainment, Michael De Luca Productions, Kilter Films",19.501,1,1,1,0,0,0,0,0,0,0,0,0,0,0,0,0,0,1,0,1,1,0,0,0,0,3.927540715725461,,
tt3480822,Black Widow,2021,134.0,"Action,Adventure,Sci-Fi",200000000,379751131,0.898755655,6.6,487127.0,en,Marvel Studios,56.256,1,1,1,1,1,0,0,0,0,0,0,0,0,0,0,0,0,0,0,0,1,0,0,0,0,2.6109269101101087,,2.290976534920635
tt3554046,Space Jam: A New Legacy,2021,115.0,"Adventure,Animation,Comedy",150000000,163692228,0.09128152,4.5,88184.0,en,"Warner Bros. Pictures Animation, SpringHill Entertainment, Proximity Media, Warner Bros. Pictures",45.412,1,1,1,0,1,1,0,1,0,0,0,0,0,0,0,0,0,0,0,0,0,0,0,0,0,3.381006304375436,2.7610372650030244,
tt3581652,West Side Story,2021,156.0,"Crime,Drama,Musical",100000000,74530532,-0.25469468,7.1,144761.0,en,"Amblin Entertainment, 20th Century Studios",22.831,1,1,1,0,0,0,0,0,1,0,1,0,0,0,0,0,1,0,0,0,0,0,0,0,0,2.357235129640206,2.1492704353571432,
tt3811906,Malignant,2021,111.0,"Crime,Horror,Mystery",40000000,34891791,-0.127705225,6.2,122806.0,en,"New Line Cinema, Atomic Monster, Starlight Media, My Entertainment",32.356,1,1,1,0,0,0,0,0,1,0,0,0,0,0,1,0,0,1,0,0,0,0,0,0,0,6.2223490221741935,6.733214092872807,5.594741235724431
tt4244994,The Last Duel,2021,152.0,"Drama,History,Thriller",100000000,30500000,-0.695,7.3,209660.0,en,"20th Century Studios, Scott Free Productions, Pearl Street Films, TSG Entertainment",30.646,1,1,1,0,0,0,0,0,0,0,1,0,0,1,0,0,0,0,0,0,0,0,1,0,0,3.2878057512512178,1.8441870657862869,-0.7900133796296295
tt4513678,Ghostbusters: Afterlife,2021,124.0,"Adventure,Comedy,Fantasy",75000000,191000000,1.5466666666666666,7.0,243041.0,en,"Columbia Pictures, Bron Studios, The Montecito Picture Company, Ghost Corps",59.556,1,1,1,0,1,0,0,1,0,0,0,0,1,0,0,0,0,0,0,0,0,0,0,0,0,2.747839052599382,-0.8703106,0.10409789722222225
tt5034838,Godzilla vs. Kong,2021,113.0,"Action,Sci-Fi,Thriller",200000000,470116094,1.35058047,6.3,270385.0,en,Legendary Pictures,99.005,1,1,1,1,0,0,0,0,0,0,0,0,0,0,0,0,0,0,0,0,1,0,1,0,0,3.569338221723177,3.7873045,2.6396500290396276
tt5078852,Lansky,2021,119.0,"Biography,Crime,Drama",5000000,136579,-0.9726842,6.2,11397.0,en,"Above the Clouds Media Group, CaliWood Pictures, 120dB Films, Carte Blanche, LB Entertainment, Lucky 13 Productions",11.925,1,1,1,0,0,0,1,0,1,0,1,0,0,0,0,0,0,0,0,0,0,0,0,0,0,2.495624149097896,,
tt5109280,Raya and the Last Dragon,2021,107.0,"Action,Adventure,Animation",100000000,130423032,0.30423032,7.3,189671.0,en,"Walt Disney Pictures, Walt Disney Animation Studios",53.503,1,1,1,1,1,1,0,0,0,0,0,0,0,0,0,0,0,0,0,0,0,0,0,0,0,3.000885907755714,2.986835321212121,6.9513066
tt5433138,F9: The Fast Saga,2021,143.0,"Action,Crime,Thriller",200000000,726229501,2.631147505,5.2,183351.0,en,"Original Film, One Race, Perfect Storm Entertainment, Universal Pictures, Roth-Kirschenbaum Films",48.986,1,1,1,1,0,0,0,0,1,0,0,0,0,0,0,0,0,0,0,0,0,0,1,0,0,3.451279596433743,0.8566044108108106,1.9537186332280705
tt6217926,Annette,2021,141.0,"Drama,Musical,Romance",15500000,3642692,-0.7649876129032258,6.3,24480.0,en,"Eurospace, Detailfilm, ARTE France Cinéma, CG Cinéma, Garidi Films, Théo Films, Tribus P Films, UGC, SCOPE Pictures, Wrong Men, Piano",10.471,1,0,1,0,0,0,0,0,0,0,1,0,0,0,0,0,1,0,0,1,0,0,0,0,0,2.515682223066494,,
tt6246322,Don't Breathe 2,2021,98.0,"Action,Crime,Horror",10000000,53785551,4.3785551,6.0,83154.0,en,"Ghost House Pictures, Stage 6 Films, Good Universe, Bad Hombre Films, Screen Gems",38.036,0,1,1,1,0,0,0,0,1,0,0,0,0,0,1,0,0,0,0,0,0,0,0,0,0,4.980474807231459,,11.253511527484143
tt6264654,Free Guy,2021,115.0,"Action,Adventure,Comedy",110000000,331526598,2.013878163636364,7.1,496047.0,en,"Berlanti Productions, 21 Laps Entertainment, Maximum Effort, Lit Entertainment Group, 20th Century Studios",62.599,1,1,1,1,1,0,0,1,0,0,0,0,0,0,0,0,0,0,0,0,0,0,0,0,0,3.0617922211686257,1.4727758715103794,2.0265672088890216
tt6334354,The Suicide Squad,2021,132.0,"Action,Adventure,Comedy",185000000,168717425,-0.0880139189189189,7.2,464572.0,en,"DC Films, Atlas Entertainment, The Safran Company, Warner Bros. Pictures",63.194,1,1,1,1,1,0,0,1,0,0,0,0,0,0,0,0,0,0,0,0,0,0,0,0,0,3.0617922211686257,3.4322624804411763,2.632629653627451
tt6467266,Sing 2,2021,110.0,"Adventure,Animation,Comedy",85000000,406000000,3.776470588235294,7.3,103195.0,en,"Universal Pictures, Illumination",83.117,1,1,1,0,1,1,0,1,0,0,0,0,0,0,0,0,0,0,0,0,0,0,0,0,0,3.381006304375436,7.455355720000001,7.455355720000001
tt6823148,Benedetta,2021,131.0,"Biography,Drama,Romance",24350000,2652725,-0.891058521560575,6.7,30539.0,fr,"SBS Productions, Topkapi Films, Pathé, France 2 Cinéma, France 3 Cinéma, Belga Productions",19.992,1,1,1,0,0,0,1,0,0,0,1,0,0,0,0,0,0,0,0,1,0,0,0,0,0,2.6540712425241844,-0.7611822505352029,-0.7548078800720185
tt6856242,The King's Man,2021,131.0,"Action,Adventure,Thriller",100000000,125928656,0.25928656,6.3,198306.0,en,"Marv Films, Cloudy Productions, 20th Century Studios",52.773,1,1,1,1,1,0,0,0,0,0,0,0,0,0,0,0,0,0,0,0,0,0,1,0,0,3.5349870991874135,3.5332191599002853,2.81403568160019
tt6902332,The Marksman,2021,108.0,"Action,Drama,Thriller",23000000,23076711,0.0033352608695652,5.7,49620.0,en,"Sculptor Media, Zero Gravity Management, Cutting Edge Group, Stonehouse Motion Pictures, Voltage Pictures",32.218,1,0,1,1,0,0,0,0,0,0,1,0,0,0,0,0,0,0,0,0,0,0,1,0,0,3.8620852128655883,,
tt6920084,Resident Evil: Welcome to Raccoon City,2021,107.0,"Action,Horror,Sci-Fi",25000000,41914915,0.6765966,5.2,73126.0,en,"Constantin Film, Davis Films, Screen Gems, CAPCOM, Impact Pictures",58.776,1,1,1,1,0,0,0,0,0,0,0,0,0,0,1,0,0,0,0,0,1,0,0,0,0,5.098533432520893,4.919051584747474,6.637012337121212
tt6932874,The Boss Baby: Family Business,2021,107.0,"Adventure,Animation,Comedy",82000000,146745280,0.7895765853658536,5.8,27269.0,en,"DreamWorks Animation, Universal Pictures",69.144,1,1,1,0,1,1,0,1,0,0,0,0,0,0,0,0,0,0,0,0,0,0,0,0,0,3.381006304375436,3.2237274879999998,3.819670616
tt7014378,The Summit of the Gods,2021,95.0,"Adventure,Animation,Drama",9850000,1756552,-0.821669847715736,7.5,11638.0,fr,"Julianne Films, Folivari, Melusine Productions",7.981,1,1,1,0,1,1,0,0,0,0,1,0,0,0,0,0,0,0,0,0,0,0,0,0,0,3.22288798445933,5.343593333333334,
tt7069210,The Conjuring: The Devil Made Me Do It,2021,112.0,"Horror,Mystery,Thriller",39000000,206431050,4.293103846153846,6.2,172846.0,en,"New Line Cinema, The Safran Company, Atomic Monster",152.616,1,1,1,0,0,0,0,0,0,0,0,0,0,0,1,0,0,1,0,0,0,0,1,0,0,7.264467836540933,12.559304333333332,5.733290183050933
tt7097896,Venom: Let There Be Carnage,2021,97.0,"Action,Adventure,Crime",110000000,506863592,3.607850836363637,5.9,310069.0,en,"Marvel Entertainment, Columbia Pictures, Pascal Pictures, Matt Tolmach Productions, Arad Productions",89.985,1,1,1,1,1,0,0,0,1,0,0,0,0,0,0,0,0,0,0,0,0,0,0,0,0,2.4928682848206747,,9.827598802586206
tt7144666,The Black Phone,2021,103.0,"Horror,Mystery,Thriller",17000000,161440742,8.496514235294118,6.9,270773.0,en,"Universal Pictures, Blumhouse Productions, Crooked Highway",51.024,1,1,1,0,0,0,0,0,0,0,0,0,0,0,1,0,0,1,0,0,0,0,1,0,0,7.264467836540933,2.344361288888889,3.2762005324074073
tt7518786,'83,2021,162.0,"Drama,History,Sport",36786988,25452983,-0.3080982058112504,7.5,43335.0,hi,"Kabir Khan Films, Vibri Media, Reliance Entertainment, Phantom Films, Nadiadwala Grandson Entertainment, KA Productions",5.11,1,1,1,0,0,0,0,0,0,0,1,0,0,1,0,0,0,0,0,0,0,1,0,0,0,1.951922770059905,10.538461538461538,0.942859661258582
tt7541720,Music,2021,107.0,"Drama,Musical,Thriller",16000000,645949,-0.9596281875,3.2,9710.0,en,"Atlantic Films, Pineapple Lasagne Productions, Landay Entertainment, HanWay Films, Vertical Entertainment",7.873,0,1,1,0,0,0,0,0,0,0,1,0,0,0,0,0,1,0,0,0,0,0,1,0,0,3.3993539440069447,,
tt7587604,Dynasty Warriors,2021,119.0,"Action,Adventure,Fantasy",38504400,3310000,-0.9140357985061448,4.8,2862.0,cn,"HMV Digital China Group Limited, Tecmo, Sun Entertainment Culture, Guangdong Sublime Media, Khorgas New Splendid Entertainment, Er Dong Pictures (Beijing) Company, Beijing New Splendid Entertainment, Deshe Film, Film Entertainment Power, China Star Entertainment, Beijing Lajin Film",21.597,1,1,1,1,1,0,0,0,0,0,0,0,1,0,0,0,0,0,0,0,0,0,0,0,0,2.3677186559796604,,
tt7601480,Major Grom: Plague Doctor,2021,136.0,"Action,Comedy,Crime",5000000,4493306,-0.1013388,6.3,15170.0,ru,Bubble Studios,21.464,1,1,1,1,0,0,0,1,1,0,0,0,0,0,0,0,0,0,0,0,0,0,0,0,0,2.9780847184149555,,
tt7740496,Nightmare Alley,2021,150.0,"Crime,Drama,Thriller",60000000,39629195,-0.3395134166666667,7.0,184316.0,en,"Searchlight Pictures, Double Dare You Productions",27.726,1,1,1,0,0,0,0,0,1,0,1,0,0,0,0,0,0,0,0,0,0,0,1,0,0,3.673281673137359,4.687453934265735,3.8452018051328674
tt7740510,Antlers,2021,99.0,"Drama,Horror,Mystery",17000000,18867659,0.109862294117647,5.9,50120.0,en,"Searchlight Pictures, Phantom Four, Double Dare You Productions, Mirada Studio, TSG Entertainment",24.05,1,1,1,0,0,0,0,0,0,0,1,0,0,0,1,0,0,1,0,0,0,0,0,0,0,6.633154638606039,0.2685812638078902,1.2165634590909091
tt7888964,Nobody,2021,92.0,"Action,Crime,Drama",17000000,61779301,2.6340765294117645,7.4,402965.0,en,"87North Productions, Odenkirk Provissiero Entertainment, Eighty Two Films",44.03,1,1,1,1,0,0,0,0,1,0,1,0,0,0,0,0,0,0,0,0,0,0,0,0,0,2.8199663984988494,6.166895,3.888919026515152
tt7972012,OSS 117: From Africa with Love,2021,117.0,"Action,Comedy",20400000,13450000,-0.3406862745098039,5.8,7014.0,fr,"Gaumont, Mandarin Production, M6 Films, SCOPE Pictures",9.936,1,1,1,1,0,0,0,1,0,0,0,0,0,0,0,0,0,0,0,0,0,0,0,0,0,3.356948456453046,0.2668554545454545,0.2668554545454545
tt7991608,Red Notice,2021,118.0,"Action,Comedy,Thriller",160000000,178143,-0.99888660625,6.3,358998.0,en,"Flynn Picture Company, Seven Bucks Productions, Bad Version",52.476,1,1,1,1,0,0,0,1,0,0,0,0,0,0,0,0,0,0,0,0,0,0,1,0,0,4.020203532781694,2.33913053,2.33913053
tt8110232,The Many Saints of Newark,2021,120.0,"Crime,Drama",50000000,13037403,-0.73925194,6.2,69442.0,en,"Warner Bros. Pictures, HBO Films, New Line Cinema, Chase Films",19.667,1,1,1,0,0,0,0,0,1,0,1,0,0,0,0,0,0,0,0,0,0,0,0,0,0,2.8365656669865427,1.842603464516129,
tt8114980,Willy's Wonderland,2021,88.0,"Action,Comedy,Horror",5000000,431020,-0.913796,5.5,44906.0,en,"Saturn Films, JD Entertainment, Landafar Entertainment, Landmark Studio Group, Almost Never Films",23.177,1,1,1,1,0,0,0,1,0,0,0,0,0,0,1,0,0,0,0,0,0,0,0,0,0,5.54939874357941,,
tt8368408,Gunpowder Milkshake,2021,114.0,"Action,Crime,Thriller",30000000,1015760,-0.9661413333333332,6.1,56332.0,en,"Studio Babelsberg, Canal+, Ciné+, The Picture Company, STX Films, StudioCanal",22.403,1,1,1,1,0,0,0,0,1,0,0,0,0,0,0,0,0,0,0,0,0,0,1,0,0,3.451279596433743,,
tt8376234,Peter Rabbit 2: The Runaway,2021,93.0,"Adventure,Animation,Comedy",45000000,153000000,2.4,6.2,17362.0,en,"Columbia Pictures, Olive Bridge Entertainment, Animal Logic, MRC, 2.0 Entertainment",27.237,1,1,1,0,1,1,0,1,0,0,0,0,0,0,0,0,0,0,0,0,0,0,0,0,0,3.381006304375436,3.542062914615384,4.783695787307692
tt8385148,Hitman's Wife's Bodyguard,2021,100.0,"Action,Comedy,Crime",70000000,70060492,0.0008641714285714,6.1,120891.0,en,"Nu Boyana Film Studios, Summit Entertainment, Lionsgate, Millennium Media, Davis Films",23.808,1,1,1,1,0,0,0,1,1,0,0,0,0,0,0,0,0,0,0,0,0,0,0,0,0,2.9780847184149555,3.0731116833333334,4.886223366666667
tt8404256,Snake Eyes,2021,121.0,"Action,Adventure,Crime",88000000,36964325,-0.5799508522727272,5.4,49029.0,en,"Paramount, Metro-Goldwyn-Mayer, di Bonaventura Pictures, Entertainment One, Skydance, Hasbro",46.458,1,1,1,1,1,0,0,0,1,0,0,0,0,0,0,0,0,0,0,0,0,0,0,0,0,2.4928682848206747,1.1647699772727274,1.7885302769987923
tt8430054,Flee,2021,89.0,"Animation,Biography,Documentary",3400000,712229,-0.7905208823529412,7.9,21351.0,da,"Final Cut for Real, ARTE, RYOT Films, Det Danske Filminstitut, Svenska Filminstitutet, Norsk Filminstitutt, Nordisk Film & TV Fond, Den Vestdanske Filmpulje, MEDIA sub-programme of Creative Europe, Région Bretagne, Pictanovo, CNC, La Procirep-Angoa, Mer Film AS, VICE Media, Copenhagen Film Fund, DR, I Wonder Pictures, Movistar+, Cinephil, Left Handed Films, SVT, Vivement lundi !, Sun Creature, Participant, Fritt Ord",8.691,1,1,0,0,0,1,1,0,0,1,0,0,0,0,0,0,0,0,0,0,0,0,0,0,0,3.8065063523438614,,
tt8847712,The French Dispatch,2021,107.0,"Comedy,Drama,Romance",25000000,46333545,0.8533418,7.1,170249.0,en,"Searchlight Pictures, Indian Paintbrush, American Empirical Pictures",23.179,1,1,1,0,0,0,0,1,0,0,1,0,0,0,0,0,0,0,0,1,0,0,0,0,0,3.35853388854486,2.4224916872502043,1.8231119590627554
tt9032400,Eternals,2021,156.0,"Action,Adventure,Fantasy",200000000,402064899,1.010324495,6.2,434911.0,en,Marvel Studios,60.521,1,1,1,1,1,0,0,0,0,0,0,0,1,0,0,0,0,0,0,0,0,0,0,0,0,2.3677186559796604,1.9568228,1.9568228
tt9243804,The Green Knight,2021,130.0,"Adventure,Drama,Fantasy",15000000,18888418,0.2592278666666666,6.5,133829.0,en,"A24, Bron Studios, Sailor Bear, Ley Line Entertainment, Wild Atlantic Pictures, Creative Wealth Media Finance",19.04,1,1,1,0,1,0,0,0,0,0,1,0,1,0,0,0,0,0,0,0,0,0,0,0,0,2.589720732683276,6.407009759948068,6.407009759948068
tt9288692,Werewolves Within,2021,97.0,"Comedy,Horror,Mystery",6500000,937490,-0.8557707692307692,6.0,29685.0,en,"Vanishing Angle, Ubisoft Film & Television",14.105,1,0,1,0,0,0,0,1,0,0,0,0,0,0,1,0,0,1,0,0,0,0,0,0,0,6.791272958522145,,
tt9347730,Candyman,2021,91.0,"Horror,Thriller",25000000,77411570,2.0964628,5.9,84352.0,en,"Metro-Goldwyn-Mayer, Monkeypaw Productions, Bron Studios, Universal Pictures, Creative Wealth Media Finance",22.957,1,1,1,0,0,0,0,0,0,0,0,0,0,0,1,0,0,0,0,0,0,0,1,0,0,7.640506501635565,,22.64489412037037
tt9357050,Dear Evan Hansen,2021,137.0,"Drama,Musical",27500000,19200000,-0.3018181818181818,6.1,21247.0,en,"Universal Pictures, Marc Platt Productions, Perfect World Pictures, dentsu",14.564,1,1,1,0,0,0,0,0,0,0,1,0,0,0,0,0,1,0,0,0,0,0,0,0,0,2.4256740732909217,14.2968859,
tt9376612,Shang-Chi and the Legend of the Ten Rings,2021,132.0,"Action,Adventure,Fantasy",150000000,432243292,1.8816219466666664,7.3,499109.0,en,Marvel Studios,89.764,1,1,1,1,1,0,0,0,0,0,0,0,1,0,0,0,0,0,0,0,0,0,0,0,0,2.3677186559796604,1.235170762222222,2.034351626351273
tt9381682,Diabolik,2021,134.0,"Action,Crime,Mystery",11000000,3189418,-0.7100529090909091,5.9,4674.0,it,"Mompracem, RAI, Astorina S.A.C.",9.412,1,1,1,1,0,0,0,0,1,0,0,0,0,0,0,0,0,1,0,0,0,0,0,0,0,3.839838536737968,,
tt9419056,The Unholy,2021,99.0,"Drama,Horror,Mystery",10000000,30833138,2.0833138,5.1,31406.0,en,"Ghost House Pictures, Screen Gems",44.907,0,1,1,0,0,0,0,0,0,0,1,0,0,0,1,0,0,1,0,0,0,0,0,0,0,6.633154638606039,,2.3306944059963763
tt9531772,Sooryavanshi,2021,145.0,"Action,Crime,Drama",13000000,37700000,1.9,5.8,81577.0,hi,"Reliance Entertainment, Dharma Productions, Rohit Shetty Productionz",18.0,1,1,1,1,0,0,0,0,1,0,1,0,0,0,0,0,0,0,0,0,0,0,0,0,0,2.8199663984988494,1.3461538461538463,1.6349034336521364
tt9620288,King Richard,2021,144.0,"Biography,Drama,Sport",50000000,39429285,-0.2114143,7.5,193264.0,en,"Star Thrower Entertainment, Westbrook Studios, Warner Bros. Pictures, Overbrook Entertainment",28.039,1,1,1,0,0,0,1,0,0,0,1,0,0,0,0,0,0,0,0,0,0,1,0,0,0,2.2018599822733225,,
tt9639470,Last Night in Soho,2021,116.0,"Drama,Horror,Mystery",43000000,22957625,-0.4661017441860465,7.0,201881.0,en,"Film4 Productions, Working Title Films, Complete Fiction, Perfect World Pictures, Focus Features",24.18,1,1,1,0,0,0,0,0,0,0,1,0,0,0,1,0,0,1,0,0,0,0,0,0,0,6.633154638606039,5.6748555,3.640582020769231
tt9664108,Voyagers,2021,108.0,"Adventure,Mystery,Sci-Fi",20000000,4298184,-0.7850908,5.5,30226.0,en,"Nota Bene Film Group, Thunder Road",21.498,1,1,1,0,1,0,0,0,0,0,0,0,0,0,0,0,0,1,0,0,1,0,0,0,0,3.8528011250528436,2.365995007843137,
tt9742794,The Vault,2021,118.0,"Action,Thriller",15000000,8804000,-0.4130666666666667,6.4,35861.0,en,"Ciudadano Ciskul, El Tesoro de Drake AIE, Telecinco Cinema, Think Studio, Saban Films",24.754,1,1,1,1,0,0,0,0,0,0,0,0,0,0,0,0,0,0,0,0,0,0,1,0,0,4.066740773481227,0.6385856666666667,
tt9777666,The Tomorrow War,2021,138.0,"Action,Adventure,Drama",200000000,14400000,-0.928,6.6,257109.0,en,"Skydance, Phantom Four, Lit Entertainment Group",103.895,1,1,1,1,1,0,0,0,0,0,1,0,0,0,0,0,0,0,0,0,0,0,0,0,0,2.9036739012525197,2.8993798,
tt9784798,Judas and the Black Messiah,2021,126.0,"Biography,Crime,Drama",26000000,6416063,-0.7532283461538462,7.4,116045.0,en,"MACRO, Bron Studios, Participant, Proximity Media, Warner Bros. Pictures",17.74,1,1,1,0,0,0,1,0,1,0,1,0,0,0,0,0,0,0,0,0,0,0,0,0,0,2.495624149097896,,
tt9844322,Kaamelott: First Installment,2021,120.0,"Adventure,Comedy,Fantasy",17516235,19002036,0.0848242216435209,6.1,4780.0,fr,"SND, CNC, Sacem, M6 Films, Calt Production, Dies Irae, Belga Productions, Auvergne-Rhône-Alpes Cinéma, Région Auvergne-Rhône-Alpes, Regular Production",9.859,1,1,0,0,1,0,0,1,0,0,0,0,1,0,0,0,0,0,0,0,0,0,0,0,0,2.747839052599382,,0.4276859333333334
tt9844522,Escape Room: Tournament of Champions,2021,88.0,"Action,Adventure,Horror",15000000,65774490,3.384966,5.8,69590.0,en,"Original Film, Columbia Pictures, Shaken, Not Stirred Productions",28.594,1,1,1,1,1,0,0,0,0,0,0,0,0,0,1,0,0,0,0,0,0,0,0,0,0,5.064182309985129,16.044950344444445,10.964009704444443
tt10028196,Laal Singh Chaddha,2022,159.0,"Comedy,Drama,Romance",23000000,16000000,-0.3043478260869565,5.6,181567.0,hi,"Aamir Khan Productions, Viacom18 Studios, Paramount",7.085,1,1,1,0,0,0,0,1,0,0,1,0,0,0,0,0,0,0,0,1,0,0,0,0,0,3.196079801266915,479.0013587905716,6.244500401515151
tt10083340,Gangubai Kathiawadi,2022,152.0,"Biography,Crime,Drama",12000000,25300000,1.1083333333333334,7.8,67812.0,hi,"Bhansali Productions, Pen Studios",10.93,1,1,1,0,0,0,1,0,1,0,1,0,0,0,0,0,0,0,0,0,0,0,0,0,0,2.357994018850875,1.7532183552522747,1.8807233639193786
tt10168670,Bones and All,2022,131.0,"Drama,Horror,Romance",18000000,14134907,-0.2147273888888889,6.8,75450.0,it,"Frenesy Film, Per Capita Productions, MeMo Films, The Apartment Pictures, 3 Marys Entertainment, Tenderstories, Elafilm",22.262,1,1,1,0,0,0,0,0,0,0,1,0,0,0,1,0,0,0,0,1,0,0,0,0,0,4.994368836560727,4.551602975,-0.68255555
tt10223460,Marry Me,2022,112.0,"Comedy,Drama,Music",23000000,44000000,0.9130434782608696,6.1,48780.0,en,"Universal Pictures, Nuyorican Productions, Perfect World Pictures",21.375,1,1,1,0,0,0,0,1,0,0,1,0,0,0,0,1,0,0,0,0,0,0,0,0,0,6.0516332550663305,,
tt10298810,Lightyear,2022,106.0,"Action,Adventure,Animation",200000000,226425420,0.1321271,6.1,138372.0,en,"Pixar, Walt Disney Pictures",53.066,1,1,1,1,1,1,0,0,0,0,0,0,0,0,0,0,0,0,0,0,0,0,0,0,0,3.0100741162260234,4.142854445,2.640801166071429
tt10298840,Strange World,2022,102.0,"Action,Adventure,Animation",180000000,73621640,-0.5909908888888888,5.7,51240.0,en,"Walt Disney Pictures, Walt Disney Animation Studios",39.93,1,1,1,1,1,1,0,0,0,0,0,0,0,0,0,0,0,0,0,0,0,0,0,0,0,3.0100741162260234,1.6455328206060604,0.30423032
tt10304142,Amsterdam,2022,134.0,"Comedy,Drama,History",80000000,31245810,-0.609427375,6.2,108808.0,en,"DreamCrew, Keep Your Head Productions, Corazon Hayagriva, New Regency Productions, Regency Enterprises",26.845,1,1,1,0,0,0,0,1,0,0,1,0,0,1,0,0,0,0,0,0,0,0,0,0,0,2.676269417050396,-0.15674527115384623,0.68556765
tt10343028,Armageddon Time,2022,114.0,Drama,15000000,6100000,-0.5933333333333334,6.4,18291.0,en,"RT Features, Spacemaker Productions, Keep Your Head Productions, MadRiver Pictures, Focus Features",14.695,1,1,1,0,0,0,0,0,0,0,1,0,0,0,0,0,0,0,0,0,0,0,0,0,0,3.264696699860536,-0.12874079571428576,-0.12874079571428576
tt10399608,Piggy,2022,99.0,"Drama,Horror,Thriller",2400000,380512,-0.8414533333333334,6.2,16365.0,es,"Morena Films, Backup Media, Cerdita AIE",61.81,1,1,1,0,0,0,0,0,0,0,1,0,0,0,1,0,0,0,0,0,0,0,1,0,0,5.801074118885377,,
tt10403420,Terrifier 2,2022,138.0,Horror,250000,15065239,59.260956,6.0,84276.0,en,"Dark Age Cinema, Fuzz on the Lens Productions, Bloody Disgusting",84.833,1,1,1,0,0,0,0,0,0,0,0,0,0,0,1,0,0,0,0,0,0,0,0,0,0,9.147674431692488,3.1632200000000026,3.1632200000000026
tt10473036,The Amazing Maurice,2022,93.0,"Adventure,Animation,Comedy",17000000,21110363,0.2417860588235294,6.2,6763.0,en,"Ulysses Filmproduktion, Cantilever Media, Filmförderung Hamburg Schleswig-Holstein, MEDIA sub-programme of Creative Europe, FFA, Narrativia, Studio Rakete, Squeeze, Red Star 3D",34.244,1,1,1,0,1,1,0,1,0,0,0,0,0,0,0,0,0,0,0,0,0,0,0,0,0,3.3852238993629746,-0.8718286666666667,0.5168637167753622
tt10545696,Maigret,2022,89.0,"Crime,Drama,Mystery",7000000,5934907,-0.1521561428571428,5.9,3849.0,fr,"Ciné-@, F Comme Film, SND, SCOPE Pictures, M6",8.076,1,1,1,0,0,0,0,0,1,0,1,0,0,0,0,0,0,1,0,0,0,0,0,0,0,3.777190738710647,,
tt10638522,Talk to Me,2022,95.0,"Horror,Thriller",4500000,72600000,15.133333333333333,7.1,223529.0,en,"Causeway Films, Metrol Technology, Screen Australia, South Australian Film Corporation, Bankside Films, Head Gear Films, Adelaide Film Festival Investment Fund",1458.514,1,1,0,0,0,0,0,0,0,0,0,0,0,0,1,0,0,0,0,0,0,0,1,0,0,7.069262828397796,,
tt10640346,Babylon,2022,189.0,"Comedy,Drama",78000000,63363579,-0.187646423076923,7.1,209445.0,en,"Paramount, Marc Platt Productions, Material Pictures, C2 Motion Picture Group, Wild Chickens, Organism Pictures",54.971,1,1,1,0,0,0,0,1,0,0,1,0,0,0,0,0,0,0,0,0,0,0,0,0,0,3.508752012835795,5.7970171297258295,7.742887475757576
tt10648342,Thor: Love and Thunder,2022,118.0,"Action,Adventure,Comedy",250000000,760928081,2.043712324,6.1,471962.0,en,"Marvel Studios, Kevin Feige Productions",117.087,1,1,1,1,1,0,0,1,0,0,0,0,0,0,0,0,0,0,0,0,0,0,0,0,0,3.103600331792844,5.030794371428571,5.111880192335104
tt10665342,Halloween Ends,2022,111.0,"Horror,Mystery,Romance",20000000,104361355,4.21806775,5.0,83924.0,en,"Universal Pictures, Blumhouse Productions, Miramax, Rough House Pictures, Trancas International Films",45.067,1,1,1,0,0,0,0,0,0,0,0,0,0,0,1,0,0,1,0,1,0,0,0,0,0,5.901988134013567,5.645973626666666,9.898991149999999
tt10698680,K.G.F: Chapter 2,2022,166.0,"Action,Crime,Drama",13000000,90410749,5.954673,8.2,171517.0,kn,"Hombale Films, Vaaraahi Chalana Chitram, Excel Entertainment",14.352,1,1,1,1,0,0,0,0,1,0,1,0,0,0,0,0,0,0,0,0,0,0,0,0,0,2.6571252001043617,6.499999113718747,6.499999113718747
tt10731256,Don't Worry Darling,2022,123.0,"Drama,Mystery,Thriller",35000000,86669039,1.476258257142857,6.3,180056.0,en,"Vertigo Entertainment, New Line Cinema, Warner Bros. Pictures",30.556,1,1,1,0,0,0,0,0,0,0,1,0,0,0,0,0,0,1,0,0,0,0,1,0,0,4.747700839060898,3.1415048333333333,1.857849190860215
tt10737918,Shin Ultraman,2022,112.0,"Action,Adventure,Drama",5900000,33800000,4.728813559322034,6.3,5046.0,ja,"Tsuburaya Productions, TOHO, khara, Cine Bazar",29.969,1,1,1,1,1,0,0,0,0,0,1,0,0,0,0,0,0,0,0,0,0,0,0,0,0,2.9408967898093383,4.196507133333333,4.196507133333333
tt10954984,Nope,2022,130.0,"Horror,Mystery,Sci-Fi",68000000,170823080,1.5121041176470589,6.8,322042.0,en,"Monkeypaw Productions, Universal Pictures, dentsu",50.448,1,1,1,0,0,0,0,0,0,0,0,0,0,0,1,0,0,1,0,0,1,0,0,0,0,5.829626351481877,33.780341947222226,17.507786290277778
tt11075264,Thallumaala,2022,148.0,"Action,Comedy,Drama",2450634,8824658,2.600969381800791,7.0,8231.0,ml,"Ashiq Usman Productions, Plan B Motion Pictures",4.753,1,1,1,1,0,0,0,1,0,0,1,0,0,0,0,0,0,0,0,0,0,0,0,0,0,3.2149540006905966,,
tt11128440,Clerks III,2022,100.0,"Comedy,Drama",7000000,4717597,-0.3260575714285714,6.2,22389.0,en,"View Askew Productions, BondIt Media Capital",12.213,1,1,1,0,0,0,0,1,0,0,1,0,0,0,0,0,0,0,0,0,0,0,0,0,0,3.508752012835795,-0.63575575,-0.63575575
tt11138512,The Northman,2022,137.0,"Action,Adventure,Drama",70000000,69633110,-0.0052412857142857,7.0,305350.0,en,"New Regency Pictures, Focus Features, Perfect World Pictures, Square Peg",53.571,1,1,1,1,1,0,0,0,0,0,1,0,0,0,0,0,0,0,0,0,0,0,0,0,0,2.9408967898093383,5.5989335584415585,5.5989335584415585
tt11198810,She Said,2022,129.0,"Crime,Drama,History",32000000,10632378,-0.6677381875,7.3,50191.0,en,"Plan B Entertainment, Annapurna Pictures, Universal Pictures, dentsu",16.602,1,1,1,0,0,0,0,0,1,0,1,0,0,1,0,0,0,0,0,0,0,0,0,0,0,2.118440616464161,,
tt11245972,Scream,2022,114.0,"Horror,Mystery,Thriller",24000000,140041405,4.835058541666666,6.3,190742.0,en,"Paramount, Project X Entertainment, Radio Silence, Spyglass Media Group",107.038,1,1,1,0,0,0,0,0,0,0,0,0,0,0,1,0,0,1,0,0,0,0,1,0,0,6.708693416338217,6.403741535714287,4.827702471458335
tt11252248,Dog,2022,101.0,"Comedy,Drama",20000000,84774243,3.23871215,6.5,53013.0,en,"FilmNation Entertainment, Metro-Goldwyn-Mayer, Free Association",48.525,0,1,1,0,0,0,0,1,0,0,1,0,0,0,0,0,0,0,0,0,0,0,0,0,0,3.508752012835795,,6.960341689189189
tt11291274,The Unbearable Weight of Massive Talent,2022,107.0,"Action,Comedy,Crime",30000000,29116320,-0.029456,7.0,181202.0,en,"Saturn Films, Burr! Productions",34.057,1,1,1,1,0,0,0,1,1,0,0,0,0,0,0,0,0,0,0,0,0,0,0,0,0,2.819828742087868,4.705017875,4.705017875
tt11347146,Mat Kilau,2022,117.0,"Action,Adventure,Drama",1814059,5283447,1.9125000895781228,5.5,1982.0,ms,"Studio Kembara, Skop Productions Sdn. Bhd.",4.196,1,1,1,1,1,0,0,0,0,0,1,0,0,0,0,0,0,0,0,0,0,0,0,0,0,2.9408967898093383,1.687502221409821,1.687502221409821
tt11348232,The Requin,2022,89.0,"Horror,Thriller",8500000,130493,-0.9846478823529412,2.6,8560.0,en,"Film Bridge International, Paper Street Pictures, Saban Films",31.283,1,1,1,0,0,0,0,0,0,0,0,0,0,0,1,0,0,0,0,0,0,0,1,0,0,7.069262828397796,5.890000000000001,5.890000000000001
tt11466222,Jackass Forever,2022,96.0,"Comedy,Documentary",10000000,80340218,7.0340218,6.8,56088.0,en,"Paramount, MTV Entertainment Studios, Dickhouse Productions, Gorilla Flicks",23.527,1,1,0,0,0,0,0,1,0,1,0,0,0,0,0,0,0,0,0,0,0,0,0,0,0,4.529522446443188,,
tt11564570,Glass Onion,2022,139.0,"Comedy,Crime,Drama",40000000,13280000,-0.668,7.1,531817.0,en,T-Street Productions,48.932,1,1,1,0,0,0,0,1,1,0,1,0,0,0,0,0,0,0,0,0,0,0,0,0,0,3.032274983241313,6.242971075,6.242971075
tt11703244,The Blackening,2022,97.0,"Comedy,Horror,Mystery",5000000,16000000,2.2,6.0,27715.0,en,"MRC, CatchLight Studios, Artists First, Tracy Yvonne Productions, The Story Company",56.495,1,1,1,0,0,0,0,1,0,0,0,0,0,0,1,0,0,1,0,0,0,0,0,0,0,6.296012116574199,2.0052335195286197,1.941312829020468
tt11703710,Downton Abbey: A New Era,2022,124.0,"Drama,Romance",40000000,88000000,1.2,7.4,39298.0,en,"Carnival Films, Focus Features, Perfect World Pictures",16.333,1,1,1,0,0,0,0,0,0,0,1,0,0,0,0,0,0,0,0,1,0,0,0,0,0,2.917716038994846,2.7388650782828283,8.60995655
tt11813216,The Banshees of Inisherin,2022,114.0,"Comedy,Drama",20000000,49262687,1.46313435,7.6,299370.0,en,"Searchlight Pictures, Blueprint Pictures, Film4 Productions, Metropolitan Films International, TSG Entertainment",26.625,1,1,1,0,0,0,0,1,0,0,1,0,0,0,0,0,0,0,0,0,0,0,0,0,0,3.508752012835795,9.679468733333334,9.679468733333334
tt11827628,Memory,2022,114.0,"Action,Crime,Thriller",30000000,13897255,-0.5367581666666666,5.8,42736.0,en,"Black Bear Pictures, Welle Entertainment, Saville Productions, Open Road Films, Briarcliff Entertainment, STX Films",56.091,1,1,1,1,0,0,0,0,1,0,0,0,0,0,0,0,0,0,0,0,0,0,1,0,0,3.2325100418518837,3.1535456857142856,
tt11934038,The Burning Cold,2022,116.0,Drama,1200000,100772,-0.9160233333333332,5.3,153.0,ca,"Arlong Productions, Films de L'Orient, Red Nose Films, TV3",1.4,1,1,1,0,0,0,0,0,0,0,1,0,0,0,0,0,0,0,0,0,0,0,0,0,0,3.264696699860536,,
tt11952606,Easter Sunday,2022,96.0,Comedy,17000000,13071438,-0.2310918823529411,5.3,3257.0,en,"Broken Lizard Industries, DreamWorks Pictures, Rideback, Universal Pictures",9.277,1,1,0,0,0,0,0,1,0,0,0,0,0,0,0,0,0,0,0,0,0,0,0,0,0,3.7528073258110535,0.3963462222222222,2.151737725
tt11992694,Corsage,2022,114.0,"Biography,Drama,History",7580600,3092534,-0.5920462760203677,6.5,11681.0,de,"Film AG, Kazak Productions, Komplizen Film, Samsa Film, ZDF/Arte",10.192,1,1,1,0,0,0,1,0,0,0,1,0,0,1,0,0,0,0,0,0,0,0,0,0,0,2.001988452659958,,
tt12003946,Violent Night,2022,112.0,"Action,Comedy,Thriller",20000000,75734910,2.7867455,6.7,122446.0,en,"87North Productions, Universal Pictures",60.01,1,1,1,1,0,0,0,1,0,0,0,0,0,0,0,0,0,0,0,0,0,0,1,0,0,3.790338842438119,0.3987714499999999,2.7613609764705886
tt12004038,Watcher,2022,96.0,"Drama,Horror,Mystery",5000000,2543216,-0.4913568,6.3,62468.0,en,"Imagenation Abu Dhabi FZ, Lost City, Spooky Pictures, AGC Studios",31.143,1,1,1,0,0,0,0,0,0,0,1,0,0,0,1,0,0,1,0,0,0,0,0,0,0,6.133308574590693,,
tt12049484,Entropia,2022,98.0,"Crime,Drama,Mystery",3000,4000,0.3333333333333333,,,de,Cup of Pictures (DE),0.6,1,1,0,0,0,0,0,0,1,0,1,0,0,0,0,0,0,1,0,0,0,0,0,0,0,3.777190738710647,,
tt12193804,Whitney Houston: I Wanna Dance with Somebody,2022,144.0,"Biography,Drama,Music",50000000,41000000,-0.18,6.6,27360.0,en,"Compelling Pictures, Black Label Media, TriStar Pictures, West Madison Entertainment, Primary Wave Entertainment, Muse of Fire",15.865,1,1,1,0,0,0,1,0,0,0,1,0,0,0,0,1,0,0,0,0,0,0,0,0,0,5.3773522906758915,,9.220388321794871
tt12390572,The Twin,2022,109.0,"Drama,Horror,Mystery",2620000,492000,-0.8122137404580153,5.1,5031.0,en,Don Films,19.87,1,1,1,0,0,0,0,0,0,0,1,0,0,0,1,0,0,1,0,0,0,0,0,0,0,6.133308574590693,,
tt12412888,Sonic the Hedgehog 2,2022,122.0,"Action,Adventure,Comedy",110000000,405421518,2.6856501636363634,6.5,119018.0,en,"Original Film, Blur Studio, Marza Animation Planet, Paramount, SEGA",142.66,1,1,1,1,1,0,0,1,0,0,0,0,0,0,0,0,0,0,0,0,0,0,0,0,0,3.103600331792844,2.761360976470588,2.7613609764705886
tt12519030,Hatching,2022,91.0,"Drama,Fantasy,Horror",3896000,490000,-0.8742299794661191,6.2,18293.0,fi,"Silva Mysterium, uMedia, Film i Väst, HOBAB, Evil Doghouse Productions",19.478,1,1,0,0,0,0,0,0,0,0,1,0,1,0,1,0,0,0,0,0,0,0,0,0,0,4.751549106693939,,
tt12593682,Bullet Train,2022,127.0,"Action,Comedy,Thriller",90000000,239268602,1.6585400222222222,7.3,545680.0,en,"87North Productions, Columbia Pictures",79.836,1,1,1,1,0,0,0,1,0,0,0,0,0,0,0,0,0,0,0,0,0,0,1,0,0,3.790338842438119,3.75960348020202,
tt12873562,The Invitation,2022,105.0,"Horror,Thriller",10000000,33628000,2.3628,5.3,40972.0,en,"Screen Gems, Mid Atlantic Films, TSG Entertainment",29.604,1,1,1,0,0,0,0,0,0,0,0,0,0,0,1,0,0,0,0,0,0,0,1,0,0,7.069262828397796,,2.3019872727272723
tt13045058,Fatal Influence: Like. Follow. Survive.,2022,80.0,Horror,25000,1200,-0.952,3.1,88.0,en,Glasshouse Productions,1.4,0,0,1,0,0,0,0,0,0,0,0,0,0,0,1,0,0,0,0,0,0,0,0,0,0,9.147674431692488,,
tt13075730,One Way,2022,95.0,"Action,Crime,Thriller",5000000,30272,-0.9939456,4.2,2219.0,en,"Highland Film Group, Bay Point Media, 23ten, Particular Crowd, Streamline Global, Thomasville Pictures, Ignition Film Productions, Source Management + Production, Short Porch Pictures, Baird Film",18.822,1,1,1,1,0,0,0,0,1,0,0,0,0,0,0,0,0,0,0,0,0,0,1,0,0,3.2325100418518837,,
tt13086670,Vysehrad: Fylm,2022,103.0,"Comedy,Sport",1186380,4697273,2.9593325915811124,6.2,678.0,cs,Gangbang Production,1.174,1,1,1,0,0,0,0,1,0,0,0,0,0,0,0,0,0,0,0,0,0,1,0,0,0,2.4943611630389997,,
tt13145534,Incredible But True,2022,74.0,"Comedy,Drama,Fantasy",4340000,2329813,-0.463176728110599,6.4,5837.0,fr,"Diaphana Films, WTFilms, Atelier de Production, ARTE France Cinéma",11.996,1,1,1,0,0,0,0,1,0,0,1,0,1,0,0,0,0,0,0,0,0,0,0,0,0,2.9532600714001274,-0.5828393877551021,-0.5828393877551021
tt13320622,The Lost City,2022,112.0,"Action,Adventure,Comedy",74000000,192907684,1.6068605945945946,6.1,179016.0,en,"Paramount, Fortis Films, 3dot Productions, Exhibit A Film",53.326,1,1,1,1,1,0,0,1,0,0,0,0,0,0,0,0,0,0,0,0,0,0,0,0,0,3.103600331792844,,2.488510504204867
tt13429928,Operation Seawolf,2022,87.0,"Action,Adventure,History",15000,23000,0.5333333333333333,3.5,1252.0,en,Relis Pic,61.984,1,1,1,1,1,0,0,0,0,0,0,0,0,1,0,0,0,0,0,0,0,0,0,0,0,2.1897659650156927,,
tt13460398,Fixation,2022,99.0,"Drama,Thriller",80000,21000,-0.7375,7.6,102.0,en,Anchor Bay Entertainment,2.573,1,1,1,0,0,0,0,0,0,0,1,0,0,0,0,0,0,0,0,0,0,0,1,0,0,4.12777396248182,,
tt13496136,The Valley of Love,2022,88.0,"Comedy,Romance",2738900,37780,-0.9862061411515572,5.6,159.0,es,,0.67,1,0,1,0,0,0,0,1,0,0,0,0,0,0,0,0,0,0,0,1,0,0,0,0,0,3.161771351970105,,
tt13531468,Rise,2022,117.0,"Comedy,Drama",7780000,11196824,0.4391804627249357,7.0,4036.0,fr,"Ce qui me meut, France 2 Cinéma, StudioCanal, Panache Productions, La Compagnie Cinématographique",45.301,1,1,1,0,0,0,0,1,0,0,1,0,0,0,0,0,0,0,0,0,0,0,0,0,0,3.508752012835795,,
tt13560574,X,2022,105.0,"Horror,Mystery,Thriller",10000000,14779858,0.4779858,6.5,227840.0,en,"A24, Little Lamb Productions",101.313,1,1,1,0,0,0,0,0,0,0,0,0,0,0,1,0,0,1,0,0,0,0,1,0,0,6.708693416338217,,
tt13640696,See How They Run,2022,98.0,"Comedy,Crime,Mystery",40000000,21921551,-0.451961225,6.5,74814.0,en,"Searchlight Pictures, DJ Films, TSG Entertainment",14.737,1,1,1,0,0,0,0,1,1,0,0,0,0,0,0,0,0,1,0,0,0,0,0,0,0,3.9398942806941526,,
tt13680520,9 Bullets,2022,97.0,"Action,Crime,Thriller",3000000,193908,-0.935364,4.2,3059.0,en,"Foresight Entertainment, Pop Films, Screen Media Films",25.474,1,1,1,1,0,0,0,0,1,0,0,0,0,0,0,0,0,0,0,0,0,0,1,0,0,3.2325100418518837,,
tt13833688,The Whale,2022,117.0,Drama,3000000,55101305,17.367101666666667,7.6,309310.0,en,"A24, Protozoa Pictures",54.977,1,1,1,0,0,0,0,0,0,0,1,0,0,0,0,0,0,0,0,0,0,0,0,0,0,3.264696699860536,1.1924998753333327,
tt13846402,The Passengers of the Night,2022,111.0,Drama,4300000,1512938,-0.6481539534883721,6.9,3719.0,fr,"Nord-Ouest Films, ARTE France Cinéma",10.539,1,1,1,0,0,0,0,0,0,0,1,0,0,0,0,0,0,0,0,0,0,0,0,0,0,3.264696699860536,,
tt14060094,Blacklight,2022,104.0,"Action,Drama,Thriller",43000000,15902207,-0.6301812325581395,4.9,29136.0,en,"The Solution, Zero Gravity Management, Film Victoria, Lightstream Entertainment, Screen Australia, Universal Pictures, Footloose Productions, Sina Studios, Fourstar Film Partners Production, Elevate Production Finance, Monty the Dog Productions",49.396,1,1,1,1,0,0,0,0,0,0,1,0,0,0,0,0,0,0,0,0,0,0,1,0,0,3.6276353004546134,,
tt14060232,Infinite Storm,2022,97.0,"Drama,Thriller",4749917,1564696,-0.6705845596880956,5.3,12918.0,en,"Maven Screen Media, JamTart Productions, Stage 6 Films, Bleecker Street, Off Media, Studio Orka, PISF",18.138,1,0,1,0,0,0,0,0,0,0,1,0,0,0,0,0,0,0,0,0,0,0,1,0,0,4.12777396248182,,
tt14099334,Bhediya,2022,156.0,"Comedy,Horror,Thriller",7350000,10911075,0.4845,6.7,29351.0,hi,"Maddock Films, Jio Studios",5.922,1,1,1,0,0,0,0,1,0,0,0,0,0,0,1,0,0,0,0,0,0,0,1,0,0,5.963777660868882,3.30814870973847,
tt14109724,Ticket to Paradise,2022,104.0,"Comedy,Drama,Romance",20000000,168763270,7.4381635,6.1,82379.0,en,"Working Title Films, Smoke House Pictures, Red Om Films, Fin Design & Effects",20.569,1,1,1,0,0,0,0,1,0,0,1,0,0,0,0,0,0,0,0,1,0,0,0,0,0,3.196079801266915,4.267262746666667,5.932544673333333
tt14121726,Jeepers Creepers: Reborn,2022,88.0,"Horror,Mystery,Thriller",5000000,6175213,0.2350426,2.6,17643.0,en,"Orwo Studios (US), Screen Media Films, Black Hangar Studios, Infinity Films, Ink Pine Media",69.478,1,1,1,0,0,0,0,0,0,0,0,0,0,0,1,0,0,1,0,0,0,0,1,0,0,6.708693416338217,-0.9809095238095238,
tt14208870,The Fabelmans,2022,151.0,"Biography,Drama",40000000,45598614,0.13996535,7.5,136758.0,en,"Amblin Entertainment, Reliance Entertainment",35.675,1,1,1,0,0,0,1,0,0,0,1,0,0,0,0,0,0,0,0,0,0,0,0,0,0,2.4973305662501377,1.6684774122857142,0.7360525742857142
tt14212090,Scarlet,2022,100.0,"Drama,History,Romance",6750000,279383,-0.958609925925926,6.6,1369.0,fr,"CG Cinéma, Avventurosa, ARTE, RAI, MiC, Wise Pictures, The Match Factory, Hype Film, Eurimages",12.455,1,1,1,0,0,0,0,0,0,0,1,0,0,1,0,0,0,0,0,1,0,0,0,0,0,2.2822454344897634,-0.5574881578947368,-0.5574881578947368
tt14253846,Speak No Evil,2022,97.0,"Drama,Horror,Mystery",3000000,623462,-0.7921793333333333,6.7,65455.0,da,"Profile Pictures, OAK Motion Pictures",19.785,1,1,1,0,0,0,0,0,0,0,1,0,0,0,1,0,0,1,0,0,0,0,0,0,0,6.133308574590693,,
tt14317880,Final Cut,2022,112.0,"Comedy,Horror",4300000,2046233,-0.5241318604651163,6.3,5759.0,fr,"Wild Bunch, La Classe américaine, Getaway Films, BlueLight, Pan-Européenne, ENBU Seminar, GAGA Corporation, France 2 Cinéma, Ivanhoe Pictures, Sidney Kimmel Entertainment",12.399,1,1,1,0,0,0,0,1,0,0,0,0,0,0,1,0,0,0,0,0,0,0,0,0,0,6.450240878751771,-0.9935935186320172,262.2637370988494
tt14439896,Father Stu,2022,124.0,"Biography,Drama,Sport",4000000,21591034,4.3977585,6.5,36691.0,en,"Municipal Pictures, Palm Drive Productions",15.17,0,1,1,0,0,0,1,0,0,0,1,0,0,0,0,0,0,0,0,0,0,1,0,0,0,2.0768587109224073,,
tt14444726,Tár,2022,158.0,"Drama,Music",35000000,29182623,-0.1662107714285714,7.4,110823.0,en,"Focus Features, Standard Film Company, EMJAG Productions",29.977,1,1,1,0,0,0,0,0,0,0,1,0,0,0,0,1,0,0,0,0,0,0,0,0,0,7.201046219693968,,
tt14534796,Mascarade,2022,134.0,"Comedy,Crime,Drama",14000000,6667598,-0.523743,6.4,4322.0,fr,"Les Films du Kiosque, Orange Studio, Pathé, TF1 Films Production, Canal+, Ciné+",42.923,1,1,1,0,0,0,0,1,1,0,1,0,0,0,0,0,0,0,0,0,0,0,0,0,0,3.032274983241313,-0.036915409982174685,-0.036915409982174685
tt14542254,November,2022,106.0,"Crime,Drama,Thriller",17700000,18114769,0.0234332768361581,6.7,8348.0,fr,"Chi-Fou-Mi Productions, Récifilms, uMedia, France 2 Cinéma, uFund, Canal+, La Banque Postale Image",12.316,1,1,1,0,0,0,0,0,1,0,1,0,0,0,0,0,0,0,0,0,0,0,1,0,0,3.4449562830053293,-0.8649732277502626,-0.8649732277502626
tt14549466,Crimes of the Future,2022,107.0,"Drama,Horror,Sci-Fi",27000000,4400000,-0.837037037037037,5.8,47493.0,en,"Serendipity Point Films, Argonauts Productions, Ingenious Media, Téléfilm Canada, Bell Media Studios, CBC Films, Ontario Creates, RocketScience, Crave, Davis Films",15.144,1,1,1,0,0,0,0,0,0,0,1,0,0,0,1,0,0,0,0,0,1,0,0,0,0,4.922007054029037,-0.9107756666666669,
tt14577304,Fortress: Sniper's Eye,2022,87.0,"Action,Thriller",22000000,69075,-0.9968602272727272,3.0,1986.0,en,"EFO Films, Grindstone Entertainment Group",24.262,1,1,1,1,0,0,0,0,0,0,0,0,0,0,0,0,0,0,0,0,0,0,1,0,0,3.8091046007516516,,-0.9952728361111113
tt14622802,Brother and Sister,2022,108.0,Drama,4800000,369419,-0.9230377083333332,5.5,1653.0,fr,"Why Not Productions, CNC, Canal+, Pictanovo, Ciné+",9.552,1,1,1,0,0,0,0,0,0,0,1,0,0,0,0,0,0,0,0,0,0,0,0,0,0,3.264696699860536,,
tt1464335,Uncharted,2022,116.0,"Action,Adventure",120000000,407141258,2.392843816666667,6.3,306728.0,en,"Columbia Pictures, Atlas Entertainment, PlayStation Productions, Arad Productions",79.542,1,1,1,1,1,0,0,0,0,0,0,0,0,0,0,0,0,0,0,0,0,0,0,0,0,2.7789968347837397,4.151948119252873,1.5490374819229156
tt14668630,"Lyle, Lyle, Crocodile",2022,106.0,"Adventure,Comedy,Family",50000000,104088441,1.08176882,6.1,18380.0,en,"Eagle Pictures, Columbia Pictures",45.932,1,1,1,0,1,0,0,1,0,0,0,1,0,0,0,0,0,0,0,0,0,0,0,0,0,3.103187323268673,1.5444733111111109,4.027741125833333
tt14846026,Sisu,2022,91.0,"Action,Thriller,War",6200000,13009289,1.0982724193548388,6.9,125559.0,fi,"Subzero Film Entertainment, Good Chaos, Stage 6 Films",157.379,1,1,1,1,0,0,0,0,0,0,0,0,0,0,0,0,0,0,0,0,0,0,1,1,0,2.7760535197955534,-0.11764705882352944,-0.11764705882352944
tt15006566,The Beasts,2022,137.0,"Drama,Thriller",3900000,10238603,1.6252828205128205,7.5,26343.0,gl,"Le Pacte, Arcadia Motion Pictures, Caballo Films, Cronos Entertainment AIE",19.184,1,1,1,0,0,0,0,0,0,0,1,0,0,0,0,0,0,0,0,0,0,0,1,0,0,4.12777396248182,-0.5879665534517978,-0.5879665534517978
tt15255876,Emily the Criminal,2022,97.0,"Crime,Drama,Thriller",2000000,2157673,0.0788365,6.7,68013.0,en,"Low Spark Films, Evil Hag Productions",30.735,1,1,1,0,0,0,0,0,1,0,1,0,0,0,0,0,0,0,0,0,0,0,1,0,0,3.4449562830053293,,
tt15325794,Fall,2022,107.0,"Action,Thriller",3000000,16120263,4.373421,6.4,143487.0,en,"Tea Shop Productions, BuzzFeed Studios, Capstone Pictures",135.599,1,1,1,1,0,0,0,0,0,0,0,0,0,0,0,0,0,0,0,0,0,0,1,0,0,3.8091046007516516,-0.5393258426966292,-0.8676462000000003
tt15327088,Kantara,2022,148.0,"Action,Adventure,Drama",1934000,60447800,30.25532574974147,8.1,117920.0,kn,Hombale Films,7.281,1,1,1,1,1,0,0,0,0,0,1,0,0,0,0,0,0,0,0,0,0,0,0,0,0,2.9408967898093383,14.000011520778168,14.000011520778168
tt15452062,Cairo Conspiracy,2022,126.0,"Drama,Thriller",7047000,3646605,-0.4825308641975309,6.9,9780.0,ar,"Atmo Production, Memento Films Production, Bufo, ARTE France Cinéma, Final Cut for Real, Mikael Ahlström Films, Haymaker, Film i Väst, SVT",7.948,1,1,1,0,0,0,0,0,0,0,1,0,0,0,0,0,0,0,0,0,0,0,1,0,0,4.12777396248182,-0.9809202352941176,-0.9809202352941176
tt15474916,Smile,2022,115.0,"Horror,Mystery,Thriller",17000000,216135048,11.713826352941176,6.5,247601.0,en,"Paramount Players, Temple Hill Entertainment",73.246,1,1,1,0,0,0,0,0,0,0,0,0,0,0,1,0,0,1,0,0,0,0,1,0,0,6.708693416338217,,
tt15685876,Dhamaka,2022,144.0,"Action,Comedy,Thriller",5000000,14000000,1.8,6.1,5656.0,te,"People Media Factory, Abhishek Agarwal Arts",3.779,1,1,1,1,0,0,0,1,0,0,0,0,0,0,0,0,0,0,0,0,0,0,1,0,0,3.790338842438119,1.579999755166689,1.579999755166689
tt15791034,Barbarian,2022,102.0,"Horror,Mystery,Thriller",4500000,45352337,9.07829711111111,7.0,268912.0,en,"BoulderLight Pictures, Vertigo Entertainment, Regency Enterprises, Hammerstone Studios, Almost Never Films, 20th Century Studios",29.977,1,1,1,0,0,0,0,0,0,0,0,0,0,0,1,0,0,1,0,0,0,0,1,0,0,6.708693416338217,,
tt15801594,Lighting up the Stars,2022,112.0,"Comedy,Drama",8800000,253816909,27.842830568181817,7.5,2754.0,zh,Lian Ray Pictures,5.688,0,0,1,0,0,0,0,1,0,0,1,0,0,0,0,0,0,0,0,0,0,0,0,0,0,3.508752012835795,,
tt16194408,Water Gate Bridge,2022,153.0,"Action,Drama,History",200000000,626203271,2.131016355,5.6,1773.0,zh,"Bona Film Group, Distribution Workshop, China Film Group Corporation, A Really Happy Film, Alibaba Pictures Group, Huaxia Film Distribution",27.358,1,1,1,1,0,0,0,0,0,0,1,0,0,1,0,0,0,0,0,0,0,0,0,0,0,2.3011196339134448,3.2216378746248022,3.512704675
tt1630029,Avatar: The Way of Water,2022,192.0,"Action,Adventure,Fantasy",460000000,2320250281,4.04402235,7.5,645812.0,en,"20th Century Studios, Lightstorm Entertainment",241.285,1,1,1,1,1,0,0,0,0,0,0,0,1,0,0,0,0,0,0,0,0,0,0,0,0,2.4667566193654245,,2.3865021023014736
tt1649418,The Gray Man,2022,122.0,"Action,Mystery,Thriller",200000000,454023,-0.997729885,6.5,277868.0,en,"AGBO, Roth-Kirschenbaum Films",39.333,1,1,1,1,0,0,0,0,0,0,0,0,0,0,0,0,0,1,0,0,0,0,1,0,0,4.535254597907453,4.8828117284295,4.8828117284295
tt16756942,Ah Girls Go Army,2022,121.0,"Comedy,Drama",1428000,1785000,0.25,4.2,204.0,en,"J Team Productions, MM2 Entertainment",7.974,1,1,1,0,0,0,0,1,0,0,1,0,0,0,0,0,0,0,0,0,0,0,0,0,0,3.508752012835795,1.297110050973318,1.1186662593929186
tt16899302,Me contro Te - Il film: Persi nel tempo,2022,60.0,"Comedy,Family",4455979,3839773,-0.138287456022571,2.2,149.0,it,"Me contro Te, Colorado Film, Warner Bros Pictures Italia",5.014,1,1,1,0,0,0,0,1,0,0,0,1,0,0,0,0,0,0,0,0,0,0,0,0,0,3.1894631383193692,63.00400438596492,63.00400438596492
tt1745960,Top Gun: Maverick,2022,130.0,"Action,Drama",170000000,1488732821,7.757251888235294,8.2,901624.0,en,"Skydance, Don Simpson/Jerry Bruckheimer Films, Paramount",126.291,1,1,1,1,0,0,0,0,0,0,1,0,0,0,0,0,0,0,0,0,0,0,0,0,0,2.946027338130368,-0.32224276315789435,1.6727238055628109
tt17491040,The Pirates: The Last Royal Treasure,2022,126.0,"Action,Adventure,Comedy",19597380,10247262,-0.4771106137657177,6.1,5570.0,ko,"Oscar 10 Studio, ANEW, Lotte Entertainment",19.811,1,1,1,1,1,0,0,1,0,0,0,0,0,0,0,0,0,0,0,0,0,0,0,0,0,3.103600331792844,,3.953846153846154
tt17494686,Decibel,2022,110.0,"Action,Crime,Drama",8500000,6843970,-0.1948270588235294,6.1,2268.0,ko,"East Dream Synopex, Mindmark",14.012,1,1,1,1,0,0,0,0,1,0,1,0,0,0,0,0,0,0,0,0,0,0,0,0,0,2.6571252001043617,,
tt17498022,How to Hump,2022,75.0,Documentary,10000,10000,0.0,,,en,MFSB Film,0.0,1,1,1,0,0,0,0,0,0,1,0,0,0,0,0,0,0,0,0,0,0,0,0,0,0,5.306237567075322,-0.65,-0.65
tt17507018,Lost in the Stars,2022,121.0,"Crime,Drama,Mystery",417549000,334039200,-0.2,6.6,3694.0,zh,"Tao Piao Piao, As One Production",23.732,1,1,1,0,0,0,0,0,1,0,1,0,0,0,0,0,0,1,0,0,0,0,0,0,0,3.777190738710647,,
tt1798632,Firestarter,2022,94.0,"Drama,Horror,Sci-Fi",12000000,15039250,0.2532708333333333,4.6,25813.0,en,"Blumhouse Productions, Weed Road Pictures, BoulderLight Pictures, Universal Pictures, dentsu",15.038,1,1,1,0,0,0,0,0,0,0,1,0,0,0,1,0,0,0,0,0,1,0,0,0,0,4.922007054029037,,6.151718775110509
tt18690030,Post Truth,2022,112.0,"Comedy,Drama",14506629,102500000,6.0657352579982575,7.0,1142.0,zh,"Shanghai Ruyi Film & TV Production, 上海他城影业有限公司, Tao Piao Piao, 天津猫眼微影文化传媒有限公司, 厦门人马文化传媒有限公司, 中国电影股份有限公司",3.21,1,1,1,0,0,0,0,1,0,0,1,0,0,0,0,0,0,0,0,0,0,0,0,0,0,3.508752012835795,,
tt1877830,The Batman,2022,176.0,"Action,Crime,Drama",185000000,770945583,3.167273421621622,7.8,945551.0,en,"6th & Idaho, Dylan Clark Productions, DC Films, Warner Bros. Pictures",100.817,1,1,1,1,0,0,0,0,1,0,1,0,0,0,0,0,0,0,0,0,0,0,0,0,0,2.6571252001043617,2.725863619803922,3.6990480200962548
tt18925334,Pearl,2022,103.0,"Drama,Horror,Thriller",1000000,9423445,8.423445,7.0,163510.0,en,"A24, Little Lamb Productions",36.833,1,1,1,0,0,0,0,0,0,0,1,0,0,0,1,0,0,0,0,0,0,0,1,0,0,5.801074118885377,,
tt19712084,GOW - Ghost of Wuhan,2022,,Drama,54000,900000,15.666666666666666,8.8,25.0,en,Ankit Creations,0.6,0,0,0,0,0,0,0,0,0,0,1,0,0,0,0,0,0,0,0,0,0,0,0,0,0,3.264696699860536,,
tt19841734,The Innocent,2022,99.0,"Comedy,Crime,Romance",4000000,5175806,0.2939515,6.6,4867.0,fr,"Les Films des Tournelles, ARTE, Auvergne-Rhône-Alpes Cinéma, CNC, Canal+, Ciné+",12.555,1,1,1,0,0,0,0,1,1,0,0,0,0,0,0,0,0,0,0,1,0,0,0,0,0,2.8009545426641864,,
tt20168564,Alienoid,2022,142.0,"Action,Adventure,Fantasy",24457676,12067556,-0.5065943305488224,6.3,7822.0,ko,"Caper Film, CJ ENM",47.93,1,1,1,1,1,0,0,0,0,0,0,0,1,0,0,0,0,0,0,0,0,0,0,0,0,2.4667566193654245,,
tt20420612,Nautanki,2022,91.0,Drama,10000,10000,0.0,7.0,13.0,en,,0.6,1,1,0,0,0,0,0,0,0,0,1,0,0,0,0,0,0,0,0,0,0,0,0,0,0,3.264696699860536,,
tt21103526,Baby Boy of House,2022,45.0,Adventure,1000000,3000000,2.0,,,fr,,1.184,1,0,0,0,1,0,0,0,0,0,0,0,0,0,0,0,0,0,0,0,0,0,0,0,0,2.9306356931672797,,
tt21190316,A Violent Tale,2022,95.0,"Crime,Drama,Thriller",1200,1200,0.0,8.0,36.0,en,Empty Company Productions,0.6,0,0,0,0,0,0,0,0,1,0,1,0,0,0,0,0,0,0,0,0,0,0,1,0,0,3.4449562830053293,,
tt21212718,Just Super,2022,76.0,"Animation,Family",3800000,2013434,-0.470148947368421,5.3,468.0,no,Qvisten Animation,5.641,1,1,0,0,0,1,0,0,0,0,0,1,0,0,0,0,0,0,0,0,0,0,0,0,0,3.049173814969137,0.08662954360796732,
tt21307994,Skinamarink,2022,100.0,"Horror,Mystery",15000,2100000,139.0,4.7,21743.0,en,ERO Picture Company,75.178,1,0,0,0,0,0,0,0,0,0,0,0,0,0,1,0,0,1,0,0,0,0,0,0,0,7.567614511955772,,
tt21418328,Apocalypse Unknown,2022,51.0,"Drama,Horror,Sci-Fi",5000,1100,-0.78,5.6,136.0,en,2100films,0.6,0,0,0,0,0,0,0,0,0,0,1,0,0,0,1,0,0,0,0,0,1,0,0,0,0,4.922007054029037,,
tt21913198,Super Vixens 4,2022,65.0,Action,100000,15000000,149.0,7.7,29.0,en,,0.0,1,0,1,1,0,0,0,0,0,0,0,0,0,0,0,0,0,0,0,0,0,0,0,0,0,2.6273579764001997,,
tt22038748,Bai Ivan 2,2022,95.0,"Adventure,Comedy",10000,60000,5.0,5.6,114.0,bg,Alexandra Films,0.6,1,1,1,0,1,0,0,1,0,0,0,0,0,0,0,0,0,0,0,0,0,0,0,0,0,3.3417215094891666,,
tt22469318,Dok,2022,92.0,Drama,1000000,3000000,2.0,,,tl,ABS-CBN Entertainment,0.6,0,0,1,0,0,0,0,0,0,0,1,0,0,0,0,0,0,0,0,0,0,0,0,0,0,3.264696699860536,,
tt22487480,Judas,2022,106.0,Drama,4000,6000,0.5,,,en,Twin Dragons Studio,1.4,1,0,1,0,0,0,0,0,0,0,1,0,0,0,0,0,0,0,0,0,0,0,0,0,0,3.264696699860536,,
tt2328678,The King's Daughter,2022,98.0,"Action,Adventure,Family",40500000,2182492,-0.9461113086419752,5.2,7340.0,en,"Firstep, Brookwell-McNamara Entertainment, Kylin Pictures, Bliss Media, Lightstream Entertainment, Ingenious Media, Gravitas Ventures, Fame Universal Entertainment, Interface Productions",15.721,1,1,1,1,1,0,0,0,0,0,0,1,0,0,0,0,0,0,0,0,0,0,0,0,0,2.7280375401317216,,
tt27439070,Miraculum,2022,65.0,Action,1000,1000,0.0,,,en,"Smiling Studios, Catrambone Corp., Panagos Productions",0.84,0,0,0,1,0,0,0,0,0,0,0,0,0,0,0,0,0,0,0,0,0,0,0,0,0,2.6273579764001997,,
tt27642541,Croquantes,2022,59.0,Documentary,76486,75455,-0.013479591036268,,,fr,Les films Hector Nestor,0.6,0,0,0,0,0,0,0,0,0,1,0,0,0,0,0,0,0,0,0,0,0,0,0,0,0,5.306237567075322,,
tt28561745,For the Love of Cash,2022,,Drama,25000,25000,0.0,8.0,24.0,en,Churchill visions LLC,0.0,0,0,0,0,0,0,0,0,0,0,1,0,0,0,0,0,0,0,0,0,0,0,0,0,0,3.264696699860536,,
tt3447590,Matilda: The Musical,2022,117.0,"Comedy,Drama,Family",25000000,35602350,0.424094,7.0,33776.0,en,"Working Title Films, The Roald Dahl Story Company",66.206,1,1,1,0,0,0,0,1,0,0,1,1,0,0,0,0,0,0,0,0,0,0,0,0,0,3.214540992166425,,0.3945957928571428
tt36955396,Mamá quiero ser futbolista profesional,2022,46.0,Documentary,15000,3000,-0.8,8.6,8.0,es,"Hi-Video Producciones Audiovisuales, S.L. (Primer Plano TV)",0.0357,0,0,0,0,0,0,0,0,0,1,0,0,0,0,0,0,0,0,0,0,0,0,0,0,0,5.306237567075322,,
tt3704428,Elvis,2022,159.0,"Biography,Drama,Music",85000000,288670284,2.3961209882352943,7.3,264308.0,en,"Bazmark Films, The Jackal Group, Warner Bros. Pictures, Fin Design & Effects",38.867,1,1,1,0,0,0,1,0,0,0,1,0,0,0,0,1,0,0,0,0,0,0,0,0,0,5.3773522906758915,,
tt3915174,Puss in Boots: The Last Wish,2022,102.0,"Action,Adventure,Animation",90000000,482129780,4.356997555555555,7.9,230346.0,en,"DreamWorks Animation, Universal Pictures",221.49,1,1,1,1,1,1,0,0,0,0,0,0,0,0,0,0,0,0,0,0,0,0,0,0,0,3.0100741162260234,2.321627923076923,2.810236186045701
tt4123432,Fantastic Beasts: The Secrets of Dumbledore,2022,142.0,"Adventure,Fantasy",200000000,406950844,1.03475422,6.2,194989.0,en,"Warner Bros. Pictures, Heyday Films",73.975,1,1,1,0,1,0,0,0,0,0,0,0,1,0,0,0,0,0,0,0,0,0,0,0,0,2.3864559408480366,2.250843896111111,2.8853128969444444
tt4428398,Paws of Fury: The Legend of Hank,2022,98.0,"Action,Adventure,Animation",45000000,42500000,-0.0555555555555555,5.8,7669.0,en,"Flying Tigers Entertainment, Aniventure, HB Wink Animation, Cinesite Animation, Align, GFM Animation, Nickelodeon Movies, Brooksfilms Ltd., Mass Animation, Blazing Productions, Paramount, Sky Cinema",25.529,1,1,1,1,1,1,0,0,0,0,0,0,0,0,0,0,0,0,0,0,0,0,0,0,0,3.0100741162260234,0.8821546896551724,
tt4960748,Till,2022,130.0,"Biography,Crime,Drama",20000000,8900000,-0.555,7.2,18103.0,en,"Frederick Zollo Productions, Whoop/One Ho Productions/Lil' Whoop Productions, Eon Productions, Orion Pictures",18.844,1,1,1,0,0,0,1,0,1,0,1,0,0,0,0,0,0,0,0,0,0,0,0,0,0,2.357994018850875,,
tt4998632,Ambulance,2022,136.0,"Action,Adventure,Crime",40000000,51783040,0.294576,6.1,114560.0,en,"Universal Pictures, Bay Films, Endeavor Content, New Republic Pictures, Project X Entertainment",31.656,1,1,1,1,1,0,0,0,1,0,0,0,0,0,0,0,0,0,0,0,0,0,0,0,0,2.5457715312066096,2.145201808294931,
tt5108870,Morbius,2022,104.0,"Action,Adventure,Horror",75000000,167500000,1.2333333333333334,5.1,174128.0,en,"Columbia Pictures, Matt Tolmach Productions, Arad Productions",53.018,1,1,1,1,1,0,0,0,0,0,0,0,0,0,1,0,0,0,0,0,0,0,0,0,0,4.901889367086656,-0.10001699310344825,0.7915731023809525
tt5113044,Minions: The Rise of Gru,2022,87.0,"Adventure,Animation,Comedy",85000000,939628210,10.054449529411764,6.5,108838.0,en,"Universal Pictures, Illumination",81.377,1,1,1,0,1,1,0,1,0,0,0,0,0,0,0,0,0,0,0,0,0,0,0,0,0,3.3852238993629746,7.101180137246622,4.882043455601283
tt5656994,Project 'Gemini',2022,98.0,"Adventure,Sci-Fi,Thriller",6000000,211674,-0.964721,3.5,4976.0,en,KD Studios,55.942,1,1,1,0,1,0,0,0,0,0,0,0,0,0,0,0,0,0,0,0,1,0,1,0,0,3.42504564960149,,-0.7228237142857142
tt5834426,Moonfall,2022,130.0,"Action,Adventure,Sci-Fi",146000000,67295363,-0.5390728561643836,5.2,115338.0,en,"Centropolis Entertainment, Street Entertainment, Lionsgate, AGC Studios, Huayi Tencent Entertainment Company, Huayi Brothers International",55.7,1,1,1,1,1,0,0,0,0,0,0,0,0,0,0,0,0,0,0,0,1,0,0,0,0,2.637214566700522,0.21660636158249158,1.361708696969697
tt6020800,Gold,2022,97.0,"Action,Adventure,Drama",6500000,176048,-0.9729156923076924,5.4,14506.0,en,"Deeper Water, Rogue Star Productions, Screen Australia, Stan, South Australian Film Corporation",25.614,1,1,1,1,1,0,0,0,0,0,1,0,0,0,0,0,0,0,0,0,0,0,0,0,0,2.9408967898093383,,
tt6160448,White Noise,2022,136.0,"Comedy,Drama,Horror",100000000,71476,-0.99928524,5.7,48065.0,en,"Heyday Films, NB/GG Pictures, A24",14.945,1,1,1,0,0,0,0,1,0,0,1,0,0,0,1,0,0,0,0,0,0,0,0,0,0,5.38839281912136,-0.07174566111111108,-0.07174566111111108
tt6443346,Black Adam,2022,125.0,"Action,Adventure,Fantasy",200000000,393252111,0.966260555,6.1,307835.0,en,"New Line Cinema, Flynn Picture Company, DC Films, Seven Bucks Productions",104.759,1,1,1,1,1,0,0,0,0,0,0,0,1,0,0,0,0,0,0,0,0,0,0,0,0,2.4667566193654245,2.5991757235686275,2.3683061446759264
tt6710474,Everything Everywhere All at Once,2022,139.0,"Action,Adventure,Comedy",25000000,139200000,4.568,7.7,659419.0,en,"AGBO, Ley Line Entertainment, Year of the Rat Productions, A24, IAC Films",64.278,1,1,1,1,1,0,0,1,0,0,0,0,0,0,0,0,0,0,0,0,0,0,0,0,0,3.103600331792844,0.6333333333333329,0.6333333333333329
tt6722802,Marlowe,2022,109.0,"Crime,Drama,Mystery",20000000,6262663,-0.68686685,5.4,15068.0,en,"Parallel Films, H2L Media Group, Nickel City Pictures, StoryBoard Media, Davis Films, Aperture Media Partners, Elipsis Capital, Jeff Rice Films, The Foley Lab, Briarcliff Entertainment, Fís Éireann/Screen Ireland",19.999,1,1,1,0,0,0,0,0,1,0,1,0,0,0,0,0,0,1,0,0,0,0,0,0,0,3.777190738710647,,0.5668452
tt7322224,Triangle of Sadness,2022,147.0,"Comedy,Drama",15600000,24733572,0.5854853846153846,7.2,219593.0,en,"30WEST, ARTE, BBC Film, TRT, Turkish Radio & Television, Bord Cadre Films, Coproduction Office, Film i Väst, Heretic, Imperative Entertainment, Piano, Sovereign Films, Plattform Produktion, SVT, Svensk Filminspelning, Essential Films, ZDF, Svenska Filminstitutet, Eurimages, Medienboard Berlin-Brandenburg, The Danish Film Institute, Canal+, Ciné+, DR, Nordisk Film & TV Fond, BFI, MOIN Filmförderung Hamburg Schleswig-Holstein, SF Studios, Bac Films, Curzon Film World",30.999,1,1,1,0,0,0,0,1,0,0,1,0,0,0,0,0,0,0,0,0,0,0,0,0,0,3.508752012835795,,
tt7405458,A Man Called Otto,2022,126.0,"Comedy,Drama",50000000,108961677,1.17923354,7.5,215128.0,en,"Playtone, SF Studios, Artistic Films, Columbia Pictures, 2DUX²",60.746,1,1,1,0,0,0,0,1,0,0,1,0,0,0,0,0,0,0,0,0,0,0,0,0,0,3.508752012835795,-0.3282915733333333,1.6831314615384614
tt7466442,The Bob's Burgers Movie,2022,102.0,"Adventure,Animation,Comedy",38000000,34148750,-0.1013486842105263,7.0,24582.0,en,"20th Century Studios, Bento Box Entertainment",13.801,1,1,1,0,1,1,0,1,0,0,0,0,0,0,0,0,0,0,0,0,0,0,0,0,0,3.3852238993629746,,
tt7657566,Death on the Nile,2022,127.0,"Crime,Drama,Mystery",90000000,137307235,0.5256359444444444,6.3,214730.0,en,"Scott Free Productions, The Mark Gordon Company, Genre Films, 20th Century Studios",40.295,1,1,1,0,0,0,0,0,1,0,1,0,0,0,0,0,0,1,0,0,0,0,0,0,0,3.777190738710647,3.7157747478867624,3.801589242868043
tt7693316,Devotion,2022,139.0,"Action,Adventure,Biography",90000000,20000000,-0.7777777777777778,6.6,33168.0,en,"Black Label Media, STX Films",34.79,1,1,1,1,1,0,1,0,0,0,0,0,0,0,0,0,0,0,0,0,0,0,0,0,0,2.4293193674024063,14.65772,
tt8041270,Jurassic World: Dominion,2022,147.0,"Action,Adventure,Sci-Fi",165000000,1001978080,5.072594424242424,5.6,250577.0,en,"Amblin Entertainment, Universal Pictures",113.897,1,1,1,1,1,0,0,0,0,0,0,0,0,0,0,0,0,0,0,0,1,0,0,0,0,2.637214566700522,4.801626729999999,4.578246510455573
tt8093700,The Woman King,2022,135.0,"Action,Drama,History",50000000,97250903,0.94501806,6.9,84112.0,en,"TriStar Pictures, JuVee Productions, Entertainment One, Welle Entertainment, TSG Entertainment II",67.582,1,1,1,1,0,0,0,0,0,0,1,0,0,1,0,0,0,0,0,0,0,0,0,0,0,2.3011196339134448,1.0883895714285712,
tt8097030,Turning Red,2022,100.0,"Action,Adventure,Animation",190000000,18879922,-0.9006319894736842,6.9,176651.0,en,"Walt Disney Pictures, Pixar",93.162,1,1,1,1,1,1,0,0,0,0,0,0,0,0,0,0,0,0,0,0,0,0,0,0,0,3.0100741162260234,,
tt8115900,The Bad Guys,2022,100.0,"Adventure,Animation,Comedy",80000000,250162278,2.127028475,6.9,82254.0,en,"DreamWorks Animation, Universal Pictures",54.776,1,1,1,0,1,1,0,1,0,0,0,0,0,0,0,0,0,0,0,0,0,0,0,0,0,3.3852238993629746,,0.8793430791666668
tt8178634,RRR,2022,187.0,"Action,Adventure,Drama",69000000,160000000,1.318840579710145,7.8,226598.0,te,"DVV Entertainment, Pen Studios, Lyca Productions",40.751,1,1,1,1,1,0,0,0,0,0,1,0,0,0,0,0,0,0,0,0,0,0,0,0,0,2.9408967898093383,5.256293698730846,4.535547781346197
tt8356942,The 355,2022,122.0,"Action,Thriller",75000000,55700000,-0.2573333333333333,5.6,44303.0,en,"Freckle Films, Genre Films, FilmNation Entertainment, Universal Pictures, Demei Holdings Limited, CNC, Firstep, Episode Films Co., Zak Productions",29.949,1,1,1,1,0,0,0,0,0,0,0,0,0,0,0,0,0,0,0,0,0,0,1,0,0,3.8091046007516516,0.26221487,1.17732317002809
tt8760708,M3GAN,2022,102.0,"Horror,Sci-Fi,Thriller",12000000,179960167,13.996680583333331,6.3,184361.0,en,"Atomic Monster, Blumhouse Productions, Divide / Conquer, Universal Pictures",100.625,1,1,1,0,0,0,0,0,0,0,0,0,0,0,1,0,0,0,0,0,1,0,1,0,0,5.497391895776559,,3.853185463268502
tt8883486,Medieval,2022,125.0,"Action,Drama,History",23000000,4311284,-0.8125528695652174,5.9,15198.0,en,"JBJ Film, Three Brothers Production",48.698,1,1,1,1,0,0,0,0,0,0,1,0,0,1,0,0,0,0,0,0,0,0,0,0,0,2.3011196339134448,,
tt8912936,DC League of Super-Pets,2022,105.0,"Action,Adventure,Animation",90000000,203000000,1.2555555555555555,6.8,80734.0,en,"Warner Bros. Pictures Animation, DC Entertainment, Seven Bucks Productions, Animal Logic, Warner Bros. Pictures",53.697,1,1,1,1,1,1,0,0,0,0,0,0,0,0,0,0,0,0,0,0,0,0,0,0,0,3.0100741162260234,,1.9287438056958475
tt9051908,Living,2022,102.0,Drama,10000000,6999027,-0.3000973,7.2,40424.0,en,"Number 9 Films, Film4 Productions, County Hall Arts, Lipsync Productions, RocketScience, Kurosawa Production, Filmgate Films, Film i Väst, Woolley/Karlsen Productions",15.601,1,1,1,0,0,0,0,0,0,0,1,0,0,0,0,0,0,0,0,0,0,0,0,0,0,3.264696699860536,,0.8040070666666667
tt9114286,Black Panther: Wakanda Forever,2022,161.0,"Action,Adventure,Drama",250000000,859102154,2.436408616,6.6,399601.0,en,Marvel Studios,131.897,1,1,1,1,1,0,0,0,0,0,1,0,0,0,0,0,0,0,0,0,0,0,0,0,0,2.9408967898093383,4.720323058851352,4.981274166161285
tt9155512,The Visitor from the Future,2022,105.0,"Action,Adventure,Comedy",4500000,1946816,-0.5673742222222222,5.8,2198.0,fr,"Pyramide Productions, KMBO, France 2 Cinéma, OCS, Ciné+, CNC, SCOPE Pictures, Elle Driver",9.027,1,1,1,1,1,0,0,1,0,0,0,0,0,0,0,0,0,0,0,0,0,0,0,0,0,3.103600331792844,,
tt9179430,Vikram,2022,175.0,"Action,Crime,Thriller",15354648,54172014,2.5280531341389265,8.3,90738.0,ta,Raajkamal Films International,8.379,1,1,1,1,0,0,0,0,1,0,0,0,0,0,0,0,0,0,0,0,0,0,1,0,0,3.2325100418518837,0.9897304236200255,0.9897304236200255
tt9193690,Seize the Night,2022,87.0,"Drama,Thriller",120000,500000,3.1666666666666665,5.5,133.0,en,Seraph Films,0.706,1,1,1,0,0,0,0,0,0,0,1,0,0,0,0,0,0,0,0,0,0,0,1,0,0,4.12777396248182,,
tt9198364,Three Thousand Years of Longing,2022,108.0,"Drama,Fantasy,Romance",60000000,20282422,-0.6619596333333333,6.7,73685.0,en,"FilmNation Entertainment, Elevate Production Finance, Sunac Pictures, Kennedy Miller Mitchell",60.041,1,1,1,0,0,0,0,0,0,0,1,0,1,0,0,0,0,0,0,1,0,0,0,0,0,2.559236088839495,1.5257222666666668,1.5257222666666668
tt9263550,Rocketry: The Nambi Effect,2022,157.0,"Biography,Drama",7900000,3900000,-0.5063291139240507,8.6,62539.0,ta,"Tricolor Films, Sarke Studio",5.104,0,1,1,0,0,0,1,0,0,0,1,0,0,0,0,0,0,0,0,0,0,0,0,0,0,2.4973305662501377,,6.0
tt9411972,Where the Crawdads Sing,2022,125.0,"Drama,Mystery,Romance",24000000,144353965,5.014748541666667,7.2,160667.0,en,"3000 Pictures, Hello Sunshine, HarperCollins Publishers",19.642,1,1,1,0,0,0,0,0,0,0,1,0,0,0,0,0,0,1,0,1,0,0,0,0,0,3.9409955567362496,,
tt9419884,Doctor Strange in the Multiverse of Madness,2022,126.0,"Action,Adventure,Fantasy",200000000,955775804,3.77887902,6.8,557001.0,en,"Marvel Studios, Kevin Feige Productions",96.53,1,1,1,1,1,0,0,0,0,0,0,0,1,0,0,0,0,0,0,0,0,0,0,0,0,2.4667566193654245,,6.05424311054939
tt9731598,Bros,2022,115.0,"Comedy,Romance",22000000,14800000,-0.3272727272727272,6.3,39884.0,en,"Universal Pictures, Apatow Productions, Stoller Global Solutions",14.485,1,1,1,0,0,0,0,1,0,0,0,0,0,0,0,0,0,0,0,1,0,0,0,0,0,3.161771351970105,5.916585486772487,1.4812222675978213
tt9764362,The Menu,2022,107.0,"Comedy,Horror,Thriller",35000000,79628200,1.2750914285714283,7.1,512481.0,en,"Hyperobject Industries, Searchlight Pictures, Gary Sanchez Productions, TSG Entertainment",42.724,1,1,1,0,0,0,0,1,0,0,0,0,0,0,1,0,0,0,0,0,0,0,1,0,0,5.963777660868882,,
tt0439572,The Flash,2023,144.0,"Action,Adventure,Fantasy",300000000,268375616,-0.1054146133333333,6.6,251374.0,en,"Warner Bros. Pictures, Double Dream, The Disco Factory, DC Films",480.393,1,1,1,1,1,0,0,0,0,0,0,0,1,0,0,0,0,0,0,0,0,0,0,0,0,2.4828888418564232,10.766946360759496,1.7598909715171105
tt1001520,The Last Voyage of the Demeter,2023,118.0,"Fantasy,Horror,Thriller",45000000,21576744,-0.5205168,6.1,71225.0,en,"Phoenix Pictures, DreamWorks Pictures, Wise Owl Media, Reliance Entertainment, Studio Babelsberg, StoryWorks Productions",307.895,1,1,1,0,0,0,0,0,0,0,0,0,1,0,1,0,0,0,0,0,0,0,1,0,0,5.2099748023766095,3.1818202000000007,6.687219113227513
tt10098448,Jesus Revolution,2023,120.0,"Biography,Drama,History",15000000,52300000,2.486666666666667,7.1,16873.0,en,"Lionsgate, Kingdom Story Company",25.539,1,1,1,0,0,0,1,0,0,0,1,0,0,1,0,0,0,0,0,0,0,0,0,0,0,1.9320075702363455,3.2285127339285724,1.7838284502976196
tt10151854,Shazam! Fury of the Gods,2023,130.0,"Action,Adventure,Comedy",125000000,133437105,0.06749684,5.9,147713.0,en,"New Line Cinema, The Safran Company, DC Films",143.169,1,1,1,1,1,0,0,1,0,0,0,0,0,0,0,0,0,0,0,0,0,0,0,0,0,3.098698644859512,17.46392925904195,3.022940171258603
tt10160976,The Nun II,2023,110.0,"Horror,Mystery,Thriller",38500000,231200000,5.005194805194805,5.6,83779.0,en,"New Line Cinema, Atomic Monster, The Safran Company",1692.778,1,1,1,0,0,0,0,0,0,0,0,0,0,0,1,0,0,1,0,0,0,0,1,0,0,6.674888626378525,8.426204089743589,6.531736152751068
tt10276482,Love Again,2023,104.0,"Comedy,Drama,Romance",9000000,10000000,0.1111111111111111,5.9,19314.0,en,"Screen Gems, Thunder Road, 2.0 Entertainment",25.145,1,1,1,0,0,0,0,1,0,0,1,0,0,0,0,0,0,0,0,1,0,0,0,0,0,3.1128251764509773,,-0.7323723684210526
tt10364034,"Miraculous: Ladybug & Cat Noir, the Movie",2023,105.0,"Action,Adventure,Animation",86000000,36010829,-0.5812694302325582,6.1,8459.0,fr,"ON Animation Studios, The Awakening Production, SND, Zagtoon, Method Animation, Fantawild, Mediawan",212.626,1,1,1,1,1,1,0,0,0,0,0,0,0,0,0,0,0,0,0,0,0,0,0,0,0,2.997760941659821,,
tt10365998,Infinity Pool,2023,117.0,"Crime,Horror,Mystery",4500000,5078400,0.1285333333333333,6.0,75064.0,en,"Topic Studios, Elevation Pictures, Film Forge Productions, Hero Squared, Celluloid Dreams, Neon, Téléfilm Canada, Eurimages",42.701,1,1,1,0,0,0,0,0,1,0,0,0,0,0,1,0,0,1,0,0,0,0,0,0,0,5.758974119330564,,
tt10366206,John Wick: Chapter 4,2023,169.0,"Action,Crime,Thriller",90000000,426978565,3.744206277777778,7.6,418302.0,en,"Thunder Road, 87Eleven, Summit Entertainment, Studio Babelsberg",482.538,1,1,1,1,0,0,0,0,1,0,0,0,0,0,0,0,0,0,0,0,0,0,1,0,0,3.1506072362640416,3.888919026515152,2.3218581106710783
tt10855768,Missing,2023,111.0,"Drama,Mystery,Thriller",7000000,45100756,5.442965142857143,7.1,72873.0,en,"Stage 6 Films, Search Party, Bazelevs Entertainment, Screen Gems",27.68,1,1,1,0,0,0,0,0,0,0,1,0,0,0,0,0,0,1,0,0,0,0,1,0,0,4.69242717251298,,38.25583261764705
tt10954600,Ant-Man and the Wasp: Quantumania,2023,124.0,"Action,Adventure,Comedy",200000000,476071180,1.3803559,6.0,277211.0,en,"Marvel Studios, Kevin Feige Productions",173.694,1,1,1,1,1,0,0,1,0,0,0,0,0,0,0,0,0,0,0,0,0,0,0,0,0,3.098698644859512,3.221189922252748,3.5579075673026335
tt11145118,Creed III,2023,116.0,"Action,Drama,Sport",75000000,275248615,2.669981533333333,6.7,110517.0,en,"Metro-Goldwyn-Mayer, Proximity Media, Balboa Productions, Outlier Society Productions, Chartoff-Winkler Productions",164.985,0,1,1,1,0,0,0,0,0,0,1,0,0,0,0,0,0,0,0,0,0,1,0,0,0,2.4420327721907342,,2.0046296934144148
tt11358390,Renfield,2023,93.0,"Action,Comedy,Fantasy",65000000,26348156,-0.5946437538461539,6.4,121259.0,en,"Skybound Entertainment, Universal Pictures, Giant Wildcat, dentsu",63.941,1,1,1,1,0,0,0,1,0,0,0,0,1,0,0,0,0,0,0,0,0,0,0,0,0,2.7384364051949484,0.9856899000000001,
tt11908172,The Kill Room,2023,98.0,"Comedy,Thriller",50000000,476375,-0.9904725,5.5,10209.0,en,"Yale Productions, Idiot Savant Pictures, Untitled Entertainment, Such Content, BK Studios, BondIt Media Capital, Head Gear Films, Metrol Technology, Slated, SuperNova Capital, Complex Corp, Great Escape",20.08,1,1,1,0,0,0,0,1,0,0,0,0,0,0,0,0,0,0,0,0,0,0,1,0,0,4.179744070095621,,
tt12226632,Big George Foreman,2023,129.0,"Biography,Drama,Sport",32000000,3800000,-0.88125,6.7,12977.0,en,"Mandalay Pictures, Affirm Films, State Street Pictures",68.121,1,1,0,0,0,0,1,0,0,0,1,0,0,0,0,0,0,0,0,0,0,1,0,0,0,2.0782332244873634,0.6861008753196931,0.6976163900000001
tt12261776,65,2023,93.0,"Action,Adventure,Sci-Fi",45000000,55000000,0.2222222222222222,5.4,108301.0,en,"Raimi Productions, Beck/Woods, Bron Studios, Columbia Pictures, TSG Entertainment",85.473,1,1,1,1,1,0,0,0,0,0,0,0,0,0,0,0,0,0,0,0,1,0,0,0,0,2.665505420786646,,11.467116682738668
tt12672536,The Three Musketeers - Part I: D'Artagnan,2023,121.0,"Action,Adventure,History",27500000,31165459,0.1332894181818182,6.7,27484.0,fr,"Pathé, Chapter 2, M6 Films, DeAPlaneta, Constantin Film, ZDF, uMedia",43.109,1,1,1,1,1,0,0,0,0,0,0,0,0,1,0,0,0,0,0,0,0,0,0,0,0,2.1986115894041665,-0.5,-0.3356437747252747
tt12844910,Pathaan,2023,146.0,"Action,Adventure,Thriller",63000000,112000000,0.7777777777777778,5.8,167048.0,hi,"Yash Raj Films, Pathaan Productions",22.964,1,1,1,1,1,0,0,0,0,0,0,0,0,0,0,0,0,0,0,0,0,0,1,0,0,3.4548364124164945,1.372549992917436,1.1673678223099089
tt12915716,Adipurush,2023,179.0,"Action,Drama",63000000,43000000,-0.3174603174603174,2.6,138188.0,hi,"Retrophiles, T-Series, AA Films, UV Creations, People Media Factory",349.287,1,1,1,1,0,0,0,0,0,0,1,0,0,0,0,0,0,0,0,0,0,0,0,0,0,2.971072550712519,-0.45294117647058824,-0.45294117647058824
tt13345606,Evil Dead Rise,2023,96.0,Horror,15000000,146733054,8.7822036,6.5,176455.0,en,"New Line Cinema, Ghost House Pictures, Renaissance Pictures, Pacific Renaissance Pictures, Wild Atlantic Pictures",188.126,1,1,1,0,0,0,0,0,0,0,0,0,0,0,1,0,0,0,0,0,0,0,0,0,0,9.117865675947854,,
tt13375076,The Pope's Exorcist,2023,103.0,"Horror,Thriller",18000000,70204828,2.900268222222222,6.1,103622.0,en,"Screen Gems, 2.0 Entertainment, Jesus & Mary, Worldwide Katz, Loyola Productions, FFILME.RO",196.08,1,1,1,0,0,0,0,0,0,0,0,0,0,0,1,0,0,0,0,0,0,0,1,0,0,6.915908198689475,0.09625905263157897,1.80435676195213
tt13405778,Insidious: The Red Door,2023,107.0,"Horror,Mystery,Thriller",16000000,185582093,10.5988808125,5.5,65698.0,en,"Blumhouse Productions, Stage 6 Films, Screen Gems, Oren Peli Productions, Solana Films",305.896,0,1,1,0,0,0,0,0,0,0,0,0,0,0,1,0,0,1,0,0,0,0,1,0,0,6.674888626378525,,7.489879935119048
tt13521006,Beau Is Afraid,2023,179.0,"Comedy,Drama,Horror",35000000,10000000,-0.7142857142857143,6.6,80055.0,en,"A24, Square Peg, IPR.VC, Access Entertainment",44.044,1,1,1,0,0,0,0,1,0,0,1,0,0,0,1,0,0,0,0,0,0,0,0,0,0,5.311294803019741,5.791492655555556,5.791492655555556
tt13539646,The Wandering Earth II,2023,173.0,"Action,Adventure,Drama",73801827,604380922,7.189240653893298,6.7,16672.0,zh,"China Film Group Corporation, Guo Fan Culture and Media",80.892,1,1,1,1,1,0,0,0,0,0,1,0,0,0,0,0,0,0,0,0,0,0,0,0,0,2.9403466100565367,,
tt13923456,Mafia Mamma,2023,101.0,"Action,Comedy,Crime",41000000,3902761,-0.9048107073170732,5.5,14373.0,en,"Idea(L), Vocab Films, New Sparta Films, Ingenious Media, Lipsync Productions, Cornerstone Films",35.316,1,1,1,1,0,0,0,1,1,0,0,0,0,0,0,0,0,0,0,0,0,0,0,0,0,2.794469468707059,0.013333333333333308,
tt14200576,Witnessed,2023,83.0,"Crime,Thriller",10000,53000,4.3,7.4,24.0,en,Pure luxury films LLC,0.05,1,1,1,0,0,0,0,0,1,0,0,0,0,0,0,0,0,0,0,0,0,0,1,0,0,3.340078960859154,,
tt14209916,Cocaine Bear,2023,95.0,"Comedy,Crime,Thriller",32500000,87649532,1.696908676923077,5.9,128257.0,en,"Universal Pictures, Brownstone Productions, Lord Miller, dentsu",97.888,1,1,1,0,0,0,0,1,1,0,0,0,0,0,0,0,0,0,0,0,0,0,1,0,0,3.4418984468261513,4.720335511494254,
tt14230388,Asteroid City,2023,105.0,"Comedy,Drama,Romance",25000000,47281670,0.8912668,6.4,146713.0,en,"American Empirical Pictures, Indian Paintbrush",81.734,1,1,1,0,0,0,0,1,0,0,1,0,0,0,0,0,0,0,0,1,0,0,0,0,0,3.1128251764509773,1.8994417248334694,1.1692995060418367
tt14537248,Nefarious,2023,97.0,"Drama,Horror,Thriller",3000000,5433685,0.8112283333333333,6.4,40288.0,en,"Believe Entertainment, Soli Deo Gloria Releasing",50.396,1,1,1,0,0,0,0,0,0,0,1,0,0,0,1,0,0,0,0,0,0,0,1,0,0,5.667432570576724,,2.2269037588235294
tt1462764,Indiana Jones and the Dial of Destiny,2023,154.0,"Action,Adventure,Sci-Fi",294700000,382891104,0.2992572242958941,6.5,236257.0,en,Lucasfilm Ltd.,579.252,1,1,1,1,1,0,0,0,0,0,0,0,0,0,0,0,0,0,0,0,1,0,0,0,0,2.665505420786646,3.346099613592192,2.308180172183613
tt15153532,Strays,2023,93.0,"Adventure,Comedy",46000000,32000000,-0.3043478260869565,6.3,38432.0,en,"Universal Pictures, PictureStart, Lord Miller, Gloria Sanchez Productions, Rabbit Hole Productions, dentsu",419.527,1,1,1,0,1,0,0,1,0,0,0,0,0,0,0,0,0,0,0,0,0,0,0,0,0,3.2622160737523593,,
tt1517268,Barbie,2023,114.0,"Adventure,Comedy,Fantasy",145000000,1428545028,8.852034675862068,6.8,703261.0,en,"LuckyChap Entertainment, Heyday Films, NB/GG Pictures, Mattel",1069.34,1,1,1,0,1,0,0,1,0,0,0,0,1,0,0,0,0,0,0,0,0,0,0,0,0,2.7741800524185334,5.6558394750000005,2.63745697712963
tt15334488,After Everything,2023,93.0,"Drama,Romance",14000000,3280152,-0.7657034285714286,4.8,12609.0,en,"Voltage Pictures, Wattpad",474.472,1,1,1,0,0,0,0,0,0,0,1,0,0,0,0,0,0,0,0,1,0,0,0,0,0,2.8464690552963927,0.5357142857142857,0.5357142857142857
tt15354916,Jawan,2023,169.0,"Action,Crime,Drama",36150000,128690264,2.559896652835408,6.9,112514.0,hi,Red Chillies Entertainment,52.487,1,1,1,1,0,0,0,0,1,0,1,0,0,0,0,0,0,0,0,0,0,0,0,0,0,2.636117433904084,,-0.30809820581125047
tt15380630,Kushi,2023,163.0,"Comedy,Drama,Romance",6300000,6400000,0.0158730158730158,5.4,8869.0,te,Mythri Movie Makers,12.211,1,1,1,0,0,0,0,1,0,0,1,0,0,0,0,0,0,0,0,1,0,0,0,0,0,3.1128251764509773,,
tt15398776,Oppenheimer,2023,180.0,"Biography,Drama,History",100000000,933700000,8.337,8.2,1090019.0,en,"Syncopy, Universal Pictures, Atlas Entertainment",463.384,1,1,1,0,0,0,1,0,0,0,1,0,0,1,0,0,0,0,0,0,0,0,0,0,0,1.9320075702363455,2.182736285341217,2.182736285341217
tt15464390,Mastaney,2023,150.0,"Action,Drama,History",2169000,16367572,6.546137390502536,7.5,5863.0,pa,"Vehli Janta Films, Omjee Star Studios, Fateh Film Production",2.907,1,1,1,1,0,0,0,0,0,0,1,0,0,1,0,0,0,0,0,0,0,0,0,0,0,2.295807117939716,,
tt15671028,No Hard Feelings,2023,103.0,"Comedy,Romance",45000000,82995526,0.8443450222222222,6.3,221107.0,en,"Excellent Cadaver, Odenkirk Provissiero Entertainment, Columbia Pictures, Saks Picture Company",298.801,1,1,1,0,0,0,0,1,0,0,0,0,0,0,0,0,0,0,0,1,0,0,0,0,0,3.0839971075008554,4.5518616,5.866062452173913
tt15679400,Knock at the Cabin,2023,100.0,"Horror,Mystery,Thriller",20000000,54708659,1.73543295,6.1,143020.0,en,"Blinding Edge Pictures, Universal Pictures, FilmNation Entertainment, Wishmore, dentsu",68.135,1,1,1,0,0,0,0,0,0,0,0,0,0,0,1,0,0,1,0,0,0,0,1,0,0,6.674888626378525,15.996869226388888,15.996869226388888
tt15789038,Elemental,2023,101.0,"Adventure,Animation,Comedy",200000000,486797988,1.43398994,7.0,168669.0,en,"Walt Disney Pictures, Pixar",1008.942,1,1,1,0,1,1,0,1,0,0,0,0,0,0,0,0,0,0,0,0,0,0,0,0,0,3.289052152221931,0.8983295485714287,0.8983295485714287
tt15837338,PAW Patrol: The Mighty Movie,2023,88.0,"Action,Adventure,Animation",30000000,47400000,0.58,5.9,6800.0,en,"Nickelodeon Movies, Spin Master, Paramount, Mikros Image",257.355,1,1,1,1,1,1,0,0,0,0,0,0,0,0,0,0,0,0,0,0,0,0,0,0,0,2.997760941659821,2.589851615384615,2.4078621136342346
tt16280138,Magic Mike's Last Dance,2023,112.0,"Comedy,Drama",45000000,52000000,0.1555555555555555,5.2,20251.0,en,"Warner Bros. Pictures, Nick Wechsler Productions, Free Association",27.894,1,1,1,0,0,0,0,1,0,0,1,0,0,0,0,0,0,0,0,0,0,0,0,0,0,3.4080093665556843,4.599940649425288,5.099526919594595
tt16419074,Air,2023,111.0,"Drama,Sport",90000000,87078875,-0.0324569444444444,7.4,198228.0,en,"Amazon Studios, Skydance Sports, Mandalay Pictures, Artists Equity",38.283,1,0,1,0,0,0,0,0,0,0,1,0,0,0,0,0,0,0,0,0,0,1,0,0,0,2.2772172647491926,-0.7900133796296296,
tt1695843,Haunted Mansion,2023,123.0,"Comedy,Drama,Family",157800000,91000000,-0.4233206590621039,6.0,50754.0,en,"Walt Disney Pictures, Rideback",86.751,1,1,1,0,0,0,0,1,0,0,1,1,0,0,0,0,0,0,0,0,0,0,0,0,0,3.1101496244594267,,0.520004775297619
tt17024450,The Equalizer 3,2023,109.0,"Action,Crime,Thriller",70000000,158300000,1.2614285714285711,6.8,165112.0,en,"Escape Artists, Columbia Pictures, Eagle Pictures, ZHIV Productions",359.237,1,1,1,1,0,0,0,0,1,0,0,0,0,0,0,0,0,0,0,0,0,0,1,0,0,3.1506072362640416,1.8572235208211145,1.965100986808168
tt17527468,Bottoms,2023,91.0,Comedy,11300000,11600000,0.0265486725663716,6.7,59533.0,en,"Brownstone Productions, Orion Pictures, Metro-Goldwyn-Mayer",100.876,1,1,1,0,0,0,0,1,0,0,0,0,0,0,0,0,0,0,0,0,0,0,0,0,0,3.645537418760147,-0.875944,-0.875944
tt17663992,Scream VI,2023,122.0,"Horror,Mystery,Thriller",35000000,168961389,3.827468257142857,6.4,155230.0,en,"Radio Silence, Project X Entertainment, Spyglass Media Group, Paramount",231.85,1,1,1,0,0,0,0,0,0,0,0,0,0,0,1,0,0,1,0,0,0,0,1,0,0,6.674888626378525,5.880847204365079,4.622479679444443
tt18079362,80 for Brady,2023,98.0,"Comedy,Drama,Sport",28000000,29637811,0.05849325,5.9,14159.0,en,"199 Productions, Watch This Ready, Fifth Season, Tempesta Films, Paramount, CJ Entertainment",17.646,1,1,1,0,0,0,0,1,0,0,1,0,0,0,0,0,0,0,0,0,0,1,0,0,0,2.7333239827528444,,3.1415048333333333
tt19623240,Winnie-the-Pooh: Blood and Honey,2023,84.0,Horror,100000,5200000,51.0,2.9,37830.0,en,"Jagged Edge Productions, ITN Studios",96.154,1,1,1,0,0,0,0,0,0,0,0,0,0,0,1,0,0,0,0,0,0,0,0,0,0,9.117865675947854,,
tt20330434,The Crime Is Mine,2023,102.0,"Comedy,Crime,Mystery",13700000,9693463,-0.2924479562043796,6.5,7545.0,fr,"Mandarin Production, FOZ, Gaumont, France 2 Cinéma, Playtime, SCOPE Pictures",28.686,1,1,1,0,0,0,0,1,1,0,0,0,0,0,0,0,0,1,0,0,0,0,0,0,0,3.9348647002679953,-0.4403558918852809,-0.4214034030453127
tt20768712,Book Club: The Next Chapter,2023,107.0,"Comedy,Romance",20000000,27849137,0.39245685,5.6,10246.0,en,"Makeready, Fifth Season, Apartment Story, Focus Features, Universal Pictures",29.292,1,1,1,0,0,0,0,1,0,0,0,0,0,0,0,0,0,0,0,1,0,0,0,0,0,3.0839971075008554,6.8720293,6.0746867875
tt20879602,Maybe I Do,2023,95.0,"Comedy,Romance",7500000,4393504,-0.4141994666666667,5.0,11978.0,en,"Fifth Season, Vertical Entertainment, Vincent Newman Entertainment",14.849,1,1,1,0,0,0,0,1,0,0,0,0,0,0,0,0,0,0,0,1,0,0,0,0,0,3.0839971075008554,,
tt21080296,Trinket Box,2023,103.0,Horror,150000,305526,1.03684,3.0,1457.0,en,Anchored Lens Productions,3.605,1,1,1,0,0,0,0,0,0,0,0,0,0,0,1,0,0,0,0,0,0,0,0,0,0,9.117865675947854,,
tt21113962,"20,000 Species of Bees",2023,128.0,Drama,2000000,455912,-0.772044,7.0,4871.0,es,"Gariza Films, Inicia Films, Sirimiri Films",10.662,1,1,1,0,0,0,0,0,0,0,1,0,0,0,0,0,0,0,0,0,0,0,0,0,0,3.170481314351221,,
tt21136616,The Secret of Palestine,2023,,War,120000,365000,2.0416666666666665,7.0,12.0,en,,0.6,1,0,1,0,0,0,0,0,0,0,0,0,0,0,0,0,0,0,0,0,0,0,0,1,0,0.72044652170691,,
tt21744076,Heirloom: Guitar,2023,70.0,Documentary,1000,1000,0.0,6.3,28.0,en,,1.4,0,0,0,0,0,0,0,0,0,1,0,0,0,0,0,0,0,0,0,0,0,0,0,0,0,5.0061494058885705,,
tt21807222,Saw X,2023,118.0,"Crime,Drama,Horror",13000000,29300000,1.2538461538461538,6.6,99891.0,en,"Twisted Pictures, Lionsgate",949.967,1,1,1,0,0,0,0,0,1,0,1,0,0,0,1,0,0,0,0,0,0,0,0,0,0,4.751518063528763,22.456897,5.163117399999999
tt21867434,BlackBerry,2023,120.0,"Biography,Comedy,Drama",5000000,2600000,-0.48,7.3,72288.0,en,"Zapruder Films, Elevation Pictures, Rhombus Media, Téléfilm Canada, Ontario Creates, CBC, IPR.VC, XYZ Films",28.508,1,1,1,0,0,0,1,1,0,0,1,0,0,0,0,0,0,0,0,0,0,0,0,0,0,2.8320946256916906,-0.956,-0.956
tt21934046,Me contro Te - il Film: Missione Giungla,2023,73.0,"Family,Fantasy",4535077,5280000,0.1642580710316495,2.2,143.0,it,"Warner Bros Pictures Italia, Colorado Film, Me contro Te, MiC, Regione Lazio",1.082,1,1,1,0,0,0,0,0,0,0,0,1,1,0,0,0,0,0,0,0,0,0,0,0,0,2.156269075008896,41.95657377196909,41.95657377196909
tt22687790,A Haunting in Venice,2023,103.0,"Crime,Drama,Horror",60000000,89800000,0.4966666666666666,6.5,143427.0,en,"20th Century Studios, Scott Free Productions, The Mark Gordon Company, Genre Films, Agatha Christie Limited",147.584,1,1,1,0,0,0,0,0,1,0,1,0,0,0,1,0,0,0,0,0,0,0,0,0,0,4.751518063528763,3.077746987198299,2.4605955766791014
tt23177868,Mummies,2023,88.0,"Adventure,Animation,Comedy",12300000,34200000,1.7804878048780488,5.9,10504.0,es,"Warner Bros. Entertainment España, 4 Cats Pictures, Moomios Movie AIE, Anangu Grup SL, C.O.R.E. Feature Animation, Atresmedia",71.229,0,1,1,0,1,1,0,1,0,0,0,0,0,0,0,0,0,0,0,0,0,0,0,0,0,3.289052152221931,,0.8811772602612632
tt23538910,Jawanum Mullappoovum,2023,135.0,Drama,600000,400000,-0.3333333333333333,5.6,519.0,ml,2 Creative Minds,1.035,0,0,1,0,0,0,0,0,0,0,1,0,0,0,0,0,0,0,0,0,0,0,0,0,0,3.170481314351221,,
tt24074470,Cocktail,2023,130.0,"Fantasy,Sci-Fi,Thriller",5000,5000,0.0,8.1,647.0,en,,1.208,0,0,1,0,0,0,0,0,0,0,0,0,1,0,0,0,0,0,0,0,1,0,1,0,0,2.9526721592411747,,
tt25377462,A Guilty Conscience,2023,135.0,"Comedy,Crime,Drama",2800000,10000000,2.571428571428572,7.2,2431.0,cn,"Edko Films, Alibaba Pictures Group, Irresistible Beta Limited",8.215,0,1,1,0,0,0,0,1,1,0,1,0,0,0,0,0,0,0,0,0,0,0,0,0,0,2.927408644466194,,
tt25434854,Deep Sea,2023,112.0,"Adventure,Animation,Drama",28700000,136090000,3.7418118466898953,6.8,2885.0,zh,"October Media, Horgos Coloroom Pictures, Enlight Pictures",57.135,1,1,0,0,1,1,0,0,0,0,1,0,0,0,0,0,0,0,0,0,0,0,0,0,0,3.1307001174189555,14.0,14.0
tt26473516,Vong Nhi,2023,118.0,"Drama,Horror,Thriller",1000000,1050490,0.05049,4.6,119.0,vi,MEGA GS,1.4,1,0,1,0,0,0,0,0,0,0,1,0,0,0,1,0,0,0,0,0,0,0,1,0,0,5.667432570576724,,
tt26670820,Interrogated,2023,60.0,"Comedy,Drama",15000,15000,0.0,,,en,Realionaire,0.752,1,0,0,0,0,0,0,1,0,0,1,0,0,0,0,0,0,0,0,0,0,0,0,0,0,3.4080093665556843,,
tt26693652,Invalid,2023,112.0,Comedy,1087475,1704030,0.5669601600036782,7.2,1398.0,sk,"Azyl Production, RTVS",2.173,1,1,1,0,0,0,0,1,0,0,0,0,0,0,0,0,0,0,0,0,0,0,0,0,0,3.645537418760147,,
tt26729484,Stab 3: Holiday Horror,2023,,Horror,500000,200000,-0.6,7.8,33.0,es,,0.6,1,1,1,0,0,0,0,0,0,0,0,0,0,0,1,0,0,0,0,0,0,0,0,0,0,9.117865675947854,,
tt27155038,Ruby Gillman: Teenage Kraken,2023,91.0,"Action,Adventure,Animation",70000000,43716515,-0.3754783571428571,5.7,14674.0,en,"Universal Pictures, DreamWorks Animation, dentsu",321.777,1,1,1,1,1,1,0,0,0,0,0,0,0,0,0,0,0,0,0,0,0,0,0,0,0,2.997760941659821,,
tt27577569,Raghav,2023,118.0,"Action,Comedy,Drama",300000,800000,1.6666666666666667,4.1,352.0,as,,0.0,1,1,1,1,0,0,0,1,0,0,1,0,0,0,0,0,0,0,0,0,0,0,0,0,0,3.1958941733950614,,
tt27853868,El Bosque Salvaje de Pardomino,2023,90.0,Documentary,9000,9199,0.0221111111111111,,,es,,0.6,0,0,0,0,0,0,0,0,0,1,0,0,0,0,0,0,0,0,0,0,0,0,0,0,0,5.0061494058885705,,
tt28228231,Priyotoma,2023,155.0,"Action,Drama,Romance",230000,3800000,15.521739130434783,5.9,23661.0,bn,"Versatile Media, Swapna Scarecrow",3.358,1,1,1,1,0,0,0,0,0,0,1,0,0,0,0,0,0,0,0,1,0,0,0,0,0,2.8215339658888676,,
tt28501583,The Utility Room,2023,80.0,,1500,60000,39.0,,,en,Lionel Marsden,0.0,1,0,0,0,0,0,0,0,0,0,0,0,0,0,0,0,0,0,0,0,0,0,0,0,0,,,
tt28551005,Espacio Vital,2023,119.0,Documentary,3000,3000,0.0,,,es,Weezermij Producciones,0.0,1,1,0,0,0,0,0,0,0,1,0,0,0,0,0,0,0,0,0,0,0,0,0,0,0,5.0061494058885705,,
tt2906216,Dungeons & Dragons: Honor Among Thieves,2023,134.0,"Action,Adventure,Comedy",151000000,208177026,0.3786558013245033,7.2,277325.0,en,"Entertainment One, Paramount",126.33,1,1,1,1,1,0,0,1,0,0,0,0,0,0,0,0,0,0,0,0,0,0,0,0,0,3.098698644859512,2.271467462510898,2.6534456931797235
tt29731848,Apex Legends: The Movie,2023,,Animation,175000000,106460919,-0.3916518914285714,4.4,10.0,en,"Digital One, Respawn Entertainment",0.0,0,1,1,0,0,1,0,0,0,0,0,0,0,0,0,0,0,0,0,0,0,0,0,0,0,3.3427243091610737,,
tt30142715,Hafiz & Friends Recap: This Is Why We Can Have Nice Things,2023,120.0,Music,576749,689365,0.1952599831122377,,,id,SOUR+ Entertainment Inc,0.0,1,1,0,0,0,0,0,0,0,0,0,0,0,0,0,1,0,0,0,0,0,0,0,0,0,10.394777359830218,,
tt3291150,The Expendables 4,2023,103.0,"Action,Adventure,Thriller",100000000,15000000,-0.85,4.8,57226.0,en,"Millennium Media, Campbell Grobman Films, Lionsgate",484.627,1,1,1,1,1,0,0,0,0,0,0,0,0,0,0,0,0,0,0,0,0,0,1,0,0,3.4548364124164945,2.0799641818181818,-0.3360737321867724
tt3427252,The Boogeyman,2023,98.0,"Horror,Mystery,Thriller",41900000,66978229,0.5985257517899761,5.9,54557.0,en,"21 Laps Entertainment, 20th Century Studios",184.621,1,1,1,0,0,0,0,0,0,0,0,0,0,0,1,0,0,1,0,0,0,0,1,0,0,6.674888626378525,-0.41844,8.143747003080204
tt37038990,Ce que cache la Forêt,2023,54.0,Documentary,100000,300000,2.0,,,fr,Neovision,0.0286,1,1,0,0,0,0,0,0,0,1,0,0,0,0,0,0,0,0,0,0,0,0,0,0,0,5.0061494058885705,,
tt37171146,72,2023,90.0,"Drama,Romance",3000,3000,0.0,,,ko,Nebula Pictures,0.0,1,1,0,0,0,0,0,0,0,0,1,0,0,0,0,0,0,0,0,1,0,0,0,0,0,2.8464690552963927,,
tt4495098,Gran Turismo,2023,134.0,"Action,Adventure,Drama",60000000,114800000,0.9133333333333332,7.1,138390.0,en,"PlayStation Productions, 2.0 Entertainment, Columbia Pictures",2680.593,1,1,1,1,1,0,0,0,0,0,1,0,0,0,0,0,0,0,0,0,0,0,0,0,0,2.9403466100565367,1.1306030204081634,1.306690792857143
tt4873118,The Covenant,2023,123.0,"Action,Drama,Thriller",55000000,20000000,-0.6363636363636364,7.5,215265.0,en,"STX Films, Toff Guy Films",188.559,1,1,1,1,0,0,0,0,0,0,1,0,0,0,0,0,0,0,0,0,0,0,1,0,0,3.5520319409520447,2.1773948904011786,3.109866129754938
tt5090568,Transformers: Rise of the Beasts,2023,127.0,"Action,Adventure,Sci-Fi",195000000,429800000,1.204102564102564,6.0,133499.0,en,"Skydance, Paramount, di Bonaventura Pictures, Bay Films, New Republic Pictures, Tom DeSanto/Don Murphy Production, Hasbro",616.74,1,1,1,1,1,0,0,0,0,0,0,0,0,0,0,0,0,0,0,0,1,0,0,0,0,2.665505420786646,3.28431778,1.51050624031746
tt5433140,Fast X,2023,141.0,"Action,Adventure,Crime",340000000,704709660,1.072675470588235,5.7,149363.0,en,"Universal Pictures, Original Film, One Race, Perfect Storm Entertainment",1175.267,1,1,1,1,1,0,0,0,1,0,0,0,0,0,0,0,0,0,0,0,0,0,0,0,0,2.538921905368534,-0.20059885714285708,1.9303111686973684
tt5884796,Plane,2023,107.0,"Action,Adventure,Drama",25000000,51000000,1.04,6.5,105209.0,en,"MadRiver Pictures, di Bonaventura Pictures, G-BASE, Olive Hill Media, Riverstone Pictures",95.197,1,1,1,1,1,0,0,0,0,0,1,0,0,0,0,0,0,0,0,0,0,0,0,0,0,2.9403466100565367,-0.46899746153846156,
tt5971474,The Little Mermaid,2023,135.0,"Adventure,Family,Fantasy",250000000,569244557,1.276978228,7.2,180039.0,en,"Walt Disney Pictures, Lucamar Productions, Marc Platt Productions",353.543,1,1,1,0,1,0,0,0,0,0,0,1,1,0,0,0,0,0,0,0,0,0,0,0,0,2.3971442929207885,2.4705894507692308,4.327375420192308
tt6528290,Knights of the Zodiac,2023,112.0,"Action,Adventure,Drama",60000000,6794519,-0.8867580166666666,4.4,18605.0,en,"Stage 6 Films, Toei Animation, Convergence Entertainment",191.639,1,1,1,1,1,0,0,0,0,0,1,0,0,0,0,0,0,0,0,0,0,0,0,0,0,2.9403466100565367,,4.147095606763285
tt6685538,Mavka: The Forest Song,2023,99.0,"Adventure,Animation,Comedy",5000000,16858557,2.3717114,6.6,7392.0,uk,"Animagrad Animation Studio, 3Beep, FILM.UA Group",206.792,1,1,1,0,1,1,0,1,0,0,0,0,0,0,0,0,0,0,0,0,0,0,0,0,0,3.289052152221931,,-0.044422810344827646
tt6718170,The Super Mario Bros. Movie,2023,92.0,"Adventure,Animation,Comedy",100000000,1355725263,12.55725263,7.0,301503.0,en,"Universal Pictures, Illumination, Nintendo",410.411,1,1,1,0,1,1,0,1,0,0,0,0,0,0,0,0,0,0,0,0,0,0,0,0,0,3.289052152221931,1.8646543999999992,5.535321744503861
tt6791350,Guardians of the Galaxy Vol. 3,2023,150.0,"Action,Adventure,Comedy",250000000,845430302,2.381721208,7.9,484501.0,en,"Marvel Studios, Kevin Feige Productions",318.516,1,1,1,1,1,0,0,1,0,0,0,0,0,0,0,0,0,0,0,0,0,0,0,0,0,3.098698644859512,2.2588370139878116,2.7531253910772033
tt6906292,Retribution,2023,91.0,"Action,Mystery,Thriller",20000000,12905464,-0.3547268,5.4,29097.0,en,"StudioCanal, The Picture Company, Ombra Films",1547.22,1,1,1,1,0,0,0,0,0,0,0,0,0,0,0,0,0,1,0,0,0,0,1,0,0,4.5594879967538455,,
tt7599146,Sound of Freedom,2023,131.0,"Biography,Crime,Drama",15000000,212587173,13.1724782,7.6,139169.0,en,Santa Fe Films,1111.036,1,1,1,0,0,0,1,0,1,0,1,0,0,0,0,0,0,0,0,0,0,0,0,0,0,2.2723178862007125,-0.6757019500000006,-0.6757019500000006
tt7985704,Operation Fortune: Ruse de Guerre,2023,114.0,"Action,Adventure,Comedy",50000000,37846713,-0.24306574,6.3,112902.0,en,"Miramax, STX Films, Toff Guy Films, AZ Celtic Films",56.248,1,1,1,1,1,0,0,1,0,0,0,0,0,0,0,0,0,0,0,0,0,0,0,0,0,3.098698644859512,2.1773948904011786,3.109866129754938
tt8059926,Gajaman,2023,99.0,"Animation,Comedy,Romance",250000,2040000,7.16,7.9,2513.0,si,Studio 101,1.265,0,0,0,0,0,1,0,1,0,0,0,0,0,0,0,0,0,0,0,1,0,0,0,0,0,3.170239508054262,,
tt8080204,Hypnotic,2023,93.0,"Action,Drama,Mystery",70000000,9464308,-0.8647956,5.5,47965.0,en,"Studio 8, Solstice Productions, Ingenious Media, Double R Productions",149.609,1,1,1,1,0,0,0,0,0,0,1,0,0,0,0,0,0,1,0,0,0,0,0,0,0,4.044998194393887,0.4942547518099547,0.8011969105077505
tt8277246,His Only Son,2023,106.0,"Drama,History",250000,11480048,44.920192,5.9,2986.0,en,"RockBridge Productions, Angel Studios",31.135,1,1,1,0,0,0,0,0,0,0,1,0,0,1,0,0,0,0,0,0,0,0,0,0,0,2.057878783372666,,
tt8589698,Teenage Mutant Ninja Turtles: Mutant Mayhem,2023,99.0,"Action,Adventure,Animation",70000000,172000000,1.457142857142857,7.2,79085.0,en,"Paramount, Nickelodeon Movies, Point Grey Pictures, Mikros Animation, Cinesite Animation",484.876,0,1,1,1,1,1,0,0,0,0,0,0,0,0,0,0,0,0,0,0,0,0,0,0,0,2.997760941659821,,2.354589115111263
tt8591526,Fremont,2023,91.0,Drama,3000000,281126,-0.9062913333333332,6.9,4375.0,en,"Butimar Productions, Extra A Productions, Blue Morning Pictures",5.503,1,1,1,0,0,0,0,0,0,0,1,0,0,0,0,0,0,0,0,0,0,0,0,0,0,3.170481314351221,,
tt9006564,2018,2023,150.0,"Action,Drama,Thriller",3009565,24076520,7.0,8.3,17025.0,ml,"Anto Joseph Film Company, Kavya Film Company",7.078,1,1,1,1,0,0,0,0,0,0,1,0,0,0,0,0,0,0,0,0,0,0,1,0,0,3.5520319409520447,5.818181818181818,5.818181818181818
tt9185206,"Are You There God? It's Me, Margaret.",2023,106.0,"Comedy,Drama,Family",30000000,21826840,-0.2724386666666666,7.3,39089.0,en,"Gracie Films, Lionsgate",35.788,1,1,1,0,0,0,0,1,0,0,1,1,0,0,0,0,0,0,0,0,0,0,0,0,0,3.1101496244594267,1.0892942222222222,1.0892942222222222
tt9224104,Meg 2: The Trench,2023,116.0,"Action,Adventure,Horror",129000000,384056482,1.977182031007752,5.0,104792.0,en,"Apelles Entertainment, Warner Bros. Pictures, di Bonaventura Pictures, CMC Pictures, DF Pictures, Onaroll Productions",1567.273,1,1,1,1,1,0,0,0,0,0,0,0,0,0,1,0,0,0,0,0,0,0,0,0,0,4.922808063922081,-0.4686595714285713,2.5367821333333334
tt9362722,Spider-Man: Across the Spider-Verse,2023,140.0,"Action,Adventure,Animation",100000000,683241751,5.83241751,8.5,548397.0,en,"Columbia Pictures, Sony Pictures Animation, Lord Miller, Pascal Pictures, Arad Productions",512.336,1,1,1,1,1,1,0,0,0,0,0,0,0,0,0,0,0,0,0,0,0,0,0,0,0,2.997760941659821,,3.1090476916856065
tt9362930,Blue Beetle,2023,127.0,"Action,Adventure,Sci-Fi",120000000,124818235,0.0401519583333333,5.9,119198.0,en,"Warner Bros. Pictures, The Safran Company, DC Films",2994.357,1,1,1,1,1,0,0,0,0,0,0,0,0,0,0,0,0,0,0,0,1,0,0,0,0,2.665505420786646,,0.013333333333333301
tt9603212,Mission: Impossible - Dead Reckoning Part One,2023,163.0,"Action,Adventure,Thriller",291000000,563148955,0.9352197766323024,7.6,332058.0,en,"Paramount, Skydance, TC Productions",401.083,1,1,1,1,1,0,0,0,0,0,0,0,0,0,0,0,0,0,0,0,0,0,1,0,0,3.4548364124164945,3.499478855955056,3.560914918535889
